threshold,n_flagged,tp,fp,fn,tn,precision,recall,f1,mcc,fpr,experiment,mode,k
0.0,3490,1118,2372,382,46128,0.32034383954154727,0.7453333333333333,0.44809619238476955,0.46623585054056127,0.04890721649484536,knn_defense_cifar_1xs_1500_none_k1,none,1
0.02,3490,1118,2372,382,46128,0.32034383954154727,0.7453333333333333,0.44809619238476955,0.46623585054056127,0.04890721649484536,knn_defense_cifar_1xs_1500_none_k1,none,1
0.04,3490,1118,2372,382,46128,0.32034383954154727,0.7453333333333333,0.44809619238476955,0.46623585054056127,0.04890721649484536,knn_defense_cifar_1xs_1500_none_k1,none,1
0.06,3490,1118,2372,382,46128,0.32034383954154727,0.7453333333333333,0.44809619238476955,0.46623585054056127,0.04890721649484536,knn_defense_cifar_1xs_1500_none_k1,none,1
0.08,3490,1118,2372,382,46128,0.32034383954154727,0.7453333333333333,0.44809619238476955,0.46623585054056127,0.04890721649484536,knn_defense_cifar_1xs_1500_none_k1,none,1
0.1,3490,1118,2372,382,46128,0.32034383954154727,0.7453333333333333,0.44809619238476955,0.46623585054056127,0.04890721649484536,knn_defense_cifar_1xs_1500_none_k1,none,1
0.12,3490,1118,2372,382,46128,0.32034383954154727,0.7453333333333333,0.44809619238476955,0.46623585054056127,0.04890721649484536,knn_defense_cifar_1xs_1500_none_k1,none,1
0.14,3490,1118,2372,382,46128,0.32034383954154727,0.7453333333333333,0.44809619238476955,0.46623585054056127,0.04890721649484536,knn_defense_cifar_1xs_1500_none_k1,none,1
0.16,3490,1118,2372,382,46128,0.32034383954154727,0.7453333333333333,0.44809619238476955,0.46623585054056127,0.04890721649484536,knn_defense_cifar_1xs_1500_none_k1,none,1
0.18,3490,1118,2372,382,46128,0.32034383954154727,0.7453333333333333,0.44809619238476955,0.46623585054056127,0.04890721649484536,knn_defense_cifar_1xs_1500_none_k1,none,1
0.2,3490,1118,2372,382,46128,0.32034383954154727,0.7453333333333333,0.44809619238476955,0.46623585054056127,0.04890721649484536,knn_defense_cifar_1xs_1500_none_k1,none,1
0.22,3490,1118,2372,382,46128,0.32034383954154727,0.7453333333333333,0.44809619238476955,0.46623585054056127,0.04890721649484536,knn_defense_cifar_1xs_1500_none_k1,none,1
0.24,3490,1118,2372,382,46128,0.32034383954154727,0.7453333333333333,0.44809619238476955,0.46623585054056127,0.04890721649484536,knn_defense_cifar_1xs_1500_none_k1,none,1
0.26,3490,1118,2372,382,46128,0.32034383954154727,0.7453333333333333,0.44809619238476955,0.46623585054056127,0.04890721649484536,knn_defense_cifar_1xs_1500_none_k1,none,1
0.28,3490,1118,2372,382,46128,0.32034383954154727,0.7453333333333333,0.44809619238476955,0.46623585054056127,0.04890721649484536,knn_defense_cifar_1xs_1500_none_k1,none,1
0.3,3490,1118,2372,382,46128,0.32034383954154727,0.7453333333333333,0.44809619238476955,0.46623585054056127,0.04890721649484536,knn_defense_cifar_1xs_1500_none_k1,none,1
0.32,3490,1118,2372,382,46128,0.32034383954154727,0.7453333333333333,0.44809619238476955,0.46623585054056127,0.04890721649484536,knn_defense_cifar_1xs_1500_none_k1,none,1
0.34,3490,1118,2372,382,46128,0.32034383954154727,0.7453333333333333,0.44809619238476955,0.46623585054056127,0.04890721649484536,knn_defense_cifar_1xs_1500_none_k1,none,1
0.36,3490,1118,2372,382,46128,0.32034383954154727,0.7453333333333333,0.44809619238476955,0.46623585054056127,0.04890721649484536,knn_defense_cifar_1xs_1500_none_k1,none,1
0.38,3490,1118,2372,382,46128,0.32034383954154727,0.7453333333333333,0.44809619238476955,0.46623585054056127,0.04890721649484536,knn_defense_cifar_1xs_1500_none_k1,none,1
0.4,3490,1118,2372,382,46128,0.32034383954154727,0.7453333333333333,0.44809619238476955,0.46623585054056127,0.04890721649484536,knn_defense_cifar_1xs_1500_none_k1,none,1
0.42,3490,1118,2372,382,46128,0.32034383954154727,0.7453333333333333,0.44809619238476955,0.46623585054056127,0.04890721649484536,knn_defense_cifar_1xs_1500_none_k1,none,1
0.44,3490,1118,2372,382,46128,0.32034383954154727,0.7453333333333333,0.44809619238476955,0.46623585054056127,0.04890721649484536,knn_defense_cifar_1xs_1500_none_k1,none,1
0.46,3490,1118,2372,382,46128,0.32034383954154727,0.7453333333333333,0.44809619238476955,0.46623585054056127,0.04890721649484536,knn_defense_cifar_1xs_1500_none_k1,none,1
0.48,3490,1118,2372,382,46128,0.32034383954154727,0.7453333333333333,0.44809619238476955,0.46623585054056127,0.04890721649484536,knn_defense_cifar_1xs_1500_none_k1,none,1
0.5,3490,1118,2372,382,46128,0.32034383954154727,0.7453333333333333,0.44809619238476955,0.46623585054056127,0.04890721649484536,knn_defense_cifar_1xs_1500_none_k1,none,1
0.52,3490,1118,2372,382,46128,0.32034383954154727,0.7453333333333333,0.44809619238476955,0.46623585054056127,0.04890721649484536,knn_defense_cifar_1xs_1500_none_k1,none,1
0.54,3490,1118,2372,382,46128,0.32034383954154727,0.7453333333333333,0.44809619238476955,0.46623585054056127,0.04890721649484536,knn_defense_cifar_1xs_1500_none_k1,none,1
0.56,3490,1118,2372,382,46128,0.32034383954154727,0.7453333333333333,0.44809619238476955,0.46623585054056127,0.04890721649484536,knn_defense_cifar_1xs_1500_none_k1,none,1
0.58,3490,1118,2372,382,46128,0.32034383954154727,0.7453333333333333,0.44809619238476955,0.46623585054056127,0.04890721649484536,knn_defense_cifar_1xs_1500_none_k1,none,1
0.6,3490,1118,2372,382,46128,0.32034383954154727,0.7453333333333333,0.44809619238476955,0.46623585054056127,0.04890721649484536,knn_defense_cifar_1xs_1500_none_k1,none,1
0.62,3490,1118,2372,382,46128,0.32034383954154727,0.7453333333333333,0.44809619238476955,0.46623585054056127,0.04890721649484536,knn_defense_cifar_1xs_1500_none_k1,none,1
0.64,3490,1118,2372,382,46128,0.32034383954154727,0.7453333333333333,0.44809619238476955,0.46623585054056127,0.04890721649484536,knn_defense_cifar_1xs_1500_none_k1,none,1
0.66,3490,1118,2372,382,46128,0.32034383954154727,0.7453333333333333,0.44809619238476955,0.46623585054056127,0.04890721649484536,knn_defense_cifar_1xs_1500_none_k1,none,1
0.68,3490,1118,2372,382,46128,0.32034383954154727,0.7453333333333333,0.44809619238476955,0.46623585054056127,0.04890721649484536,knn_defense_cifar_1xs_1500_none_k1,none,1
0.7000000000000001,3490,1118,2372,382,46128,0.32034383954154727,0.7453333333333333,0.44809619238476955,0.46623585054056127,0.04890721649484536,knn_defense_cifar_1xs_1500_none_k1,none,1
0.72,3490,1118,2372,382,46128,0.32034383954154727,0.7453333333333333,0.44809619238476955,0.46623585054056127,0.04890721649484536,knn_defense_cifar_1xs_1500_none_k1,none,1
0.74,3490,1118,2372,382,46128,0.32034383954154727,0.7453333333333333,0.44809619238476955,0.46623585054056127,0.04890721649484536,knn_defense_cifar_1xs_1500_none_k1,none,1
0.76,3490,1118,2372,382,46128,0.32034383954154727,0.7453333333333333,0.44809619238476955,0.46623585054056127,0.04890721649484536,knn_defense_cifar_1xs_1500_none_k1,none,1
0.78,3490,1118,2372,382,46128,0.32034383954154727,0.7453333333333333,0.44809619238476955,0.46623585054056127,0.04890721649484536,knn_defense_cifar_1xs_1500_none_k1,none,1
0.8,3490,1118,2372,382,46128,0.32034383954154727,0.7453333333333333,0.44809619238476955,0.46623585054056127,0.04890721649484536,knn_defense_cifar_1xs_1500_none_k1,none,1
0.8200000000000001,3490,1118,2372,382,46128,0.32034383954154727,0.7453333333333333,0.44809619238476955,0.46623585054056127,0.04890721649484536,knn_defense_cifar_1xs_1500_none_k1,none,1
0.84,3490,1118,2372,382,46128,0.32034383954154727,0.7453333333333333,0.44809619238476955,0.46623585054056127,0.04890721649484536,knn_defense_cifar_1xs_1500_none_k1,none,1
0.86,3490,1118,2372,382,46128,0.32034383954154727,0.7453333333333333,0.44809619238476955,0.46623585054056127,0.04890721649484536,knn_defense_cifar_1xs_1500_none_k1,none,1
0.88,3490,1118,2372,382,46128,0.32034383954154727,0.7453333333333333,0.44809619238476955,0.46623585054056127,0.04890721649484536,knn_defense_cifar_1xs_1500_none_k1,none,1
0.9,3490,1118,2372,382,46128,0.32034383954154727,0.7453333333333333,0.44809619238476955,0.46623585054056127,0.04890721649484536,knn_defense_cifar_1xs_1500_none_k1,none,1
0.92,3490,1118,2372,382,46128,0.32034383954154727,0.7453333333333333,0.44809619238476955,0.46623585054056127,0.04890721649484536,knn_defense_cifar_1xs_1500_none_k1,none,1
0.9400000000000001,3490,1118,2372,382,46128,0.32034383954154727,0.7453333333333333,0.44809619238476955,0.46623585054056127,0.04890721649484536,knn_defense_cifar_1xs_1500_none_k1,none,1
0.96,3490,1118,2372,382,46128,0.32034383954154727,0.7453333333333333,0.44809619238476955,0.46623585054056127,0.04890721649484536,knn_defense_cifar_1xs_1500_none_k1,none,1
0.98,3490,1118,2372,382,46128,0.32034383954154727,0.7453333333333333,0.44809619238476955,0.46623585054056127,0.04890721649484536,knn_defense_cifar_1xs_1500_none_k1,none,1
1.0,0,0,0,1500,48500,,0.0,0.0,0.0,0.0,knn_defense_cifar_1xs_1500_none_k1,none,1
0.0,3490,1118,2372,382,46128,0.32034383954154727,0.7453333333333333,0.44809619238476955,0.46623585054056127,0.04890721649484536,knn_defense_cifar_1xs_1500_remove_k1,remove,1
0.02,3490,1118,2372,382,46128,0.32034383954154727,0.7453333333333333,0.44809619238476955,0.46623585054056127,0.04890721649484536,knn_defense_cifar_1xs_1500_remove_k1,remove,1
0.04,3490,1118,2372,382,46128,0.32034383954154727,0.7453333333333333,0.44809619238476955,0.46623585054056127,0.04890721649484536,knn_defense_cifar_1xs_1500_remove_k1,remove,1
0.06,3490,1118,2372,382,46128,0.32034383954154727,0.7453333333333333,0.44809619238476955,0.46623585054056127,0.04890721649484536,knn_defense_cifar_1xs_1500_remove_k1,remove,1
0.08,3490,1118,2372,382,46128,0.32034383954154727,0.7453333333333333,0.44809619238476955,0.46623585054056127,0.04890721649484536,knn_defense_cifar_1xs_1500_remove_k1,remove,1
0.1,3490,1118,2372,382,46128,0.32034383954154727,0.7453333333333333,0.44809619238476955,0.46623585054056127,0.04890721649484536,knn_defense_cifar_1xs_1500_remove_k1,remove,1
0.12,3490,1118,2372,382,46128,0.32034383954154727,0.7453333333333333,0.44809619238476955,0.46623585054056127,0.04890721649484536,knn_defense_cifar_1xs_1500_remove_k1,remove,1
0.14,3490,1118,2372,382,46128,0.32034383954154727,0.7453333333333333,0.44809619238476955,0.46623585054056127,0.04890721649484536,knn_defense_cifar_1xs_1500_remove_k1,remove,1
0.16,3490,1118,2372,382,46128,0.32034383954154727,0.7453333333333333,0.44809619238476955,0.46623585054056127,0.04890721649484536,knn_defense_cifar_1xs_1500_remove_k1,remove,1
0.18,3490,1118,2372,382,46128,0.32034383954154727,0.7453333333333333,0.44809619238476955,0.46623585054056127,0.04890721649484536,knn_defense_cifar_1xs_1500_remove_k1,remove,1
0.2,3490,1118,2372,382,46128,0.32034383954154727,0.7453333333333333,0.44809619238476955,0.46623585054056127,0.04890721649484536,knn_defense_cifar_1xs_1500_remove_k1,remove,1
0.22,3490,1118,2372,382,46128,0.32034383954154727,0.7453333333333333,0.44809619238476955,0.46623585054056127,0.04890721649484536,knn_defense_cifar_1xs_1500_remove_k1,remove,1
0.24,3490,1118,2372,382,46128,0.32034383954154727,0.7453333333333333,0.44809619238476955,0.46623585054056127,0.04890721649484536,knn_defense_cifar_1xs_1500_remove_k1,remove,1
0.26,3490,1118,2372,382,46128,0.32034383954154727,0.7453333333333333,0.44809619238476955,0.46623585054056127,0.04890721649484536,knn_defense_cifar_1xs_1500_remove_k1,remove,1
0.28,3490,1118,2372,382,46128,0.32034383954154727,0.7453333333333333,0.44809619238476955,0.46623585054056127,0.04890721649484536,knn_defense_cifar_1xs_1500_remove_k1,remove,1
0.3,3490,1118,2372,382,46128,0.32034383954154727,0.7453333333333333,0.44809619238476955,0.46623585054056127,0.04890721649484536,knn_defense_cifar_1xs_1500_remove_k1,remove,1
0.32,3490,1118,2372,382,46128,0.32034383954154727,0.7453333333333333,0.44809619238476955,0.46623585054056127,0.04890721649484536,knn_defense_cifar_1xs_1500_remove_k1,remove,1
0.34,3490,1118,2372,382,46128,0.32034383954154727,0.7453333333333333,0.44809619238476955,0.46623585054056127,0.04890721649484536,knn_defense_cifar_1xs_1500_remove_k1,remove,1
0.36,3490,1118,2372,382,46128,0.32034383954154727,0.7453333333333333,0.44809619238476955,0.46623585054056127,0.04890721649484536,knn_defense_cifar_1xs_1500_remove_k1,remove,1
0.38,3490,1118,2372,382,46128,0.32034383954154727,0.7453333333333333,0.44809619238476955,0.46623585054056127,0.04890721649484536,knn_defense_cifar_1xs_1500_remove_k1,remove,1
0.4,3490,1118,2372,382,46128,0.32034383954154727,0.7453333333333333,0.44809619238476955,0.46623585054056127,0.04890721649484536,knn_defense_cifar_1xs_1500_remove_k1,remove,1
0.42,3490,1118,2372,382,46128,0.32034383954154727,0.7453333333333333,0.44809619238476955,0.46623585054056127,0.04890721649484536,knn_defense_cifar_1xs_1500_remove_k1,remove,1
0.44,3490,1118,2372,382,46128,0.32034383954154727,0.7453333333333333,0.44809619238476955,0.46623585054056127,0.04890721649484536,knn_defense_cifar_1xs_1500_remove_k1,remove,1
0.46,3490,1118,2372,382,46128,0.32034383954154727,0.7453333333333333,0.44809619238476955,0.46623585054056127,0.04890721649484536,knn_defense_cifar_1xs_1500_remove_k1,remove,1
0.48,3490,1118,2372,382,46128,0.32034383954154727,0.7453333333333333,0.44809619238476955,0.46623585054056127,0.04890721649484536,knn_defense_cifar_1xs_1500_remove_k1,remove,1
0.5,3490,1118,2372,382,46128,0.32034383954154727,0.7453333333333333,0.44809619238476955,0.46623585054056127,0.04890721649484536,knn_defense_cifar_1xs_1500_remove_k1,remove,1
0.52,3490,1118,2372,382,46128,0.32034383954154727,0.7453333333333333,0.44809619238476955,0.46623585054056127,0.04890721649484536,knn_defense_cifar_1xs_1500_remove_k1,remove,1
0.54,3490,1118,2372,382,46128,0.32034383954154727,0.7453333333333333,0.44809619238476955,0.46623585054056127,0.04890721649484536,knn_defense_cifar_1xs_1500_remove_k1,remove,1
0.56,3490,1118,2372,382,46128,0.32034383954154727,0.7453333333333333,0.44809619238476955,0.46623585054056127,0.04890721649484536,knn_defense_cifar_1xs_1500_remove_k1,remove,1
0.58,3490,1118,2372,382,46128,0.32034383954154727,0.7453333333333333,0.44809619238476955,0.46623585054056127,0.04890721649484536,knn_defense_cifar_1xs_1500_remove_k1,remove,1
0.6,3490,1118,2372,382,46128,0.32034383954154727,0.7453333333333333,0.44809619238476955,0.46623585054056127,0.04890721649484536,knn_defense_cifar_1xs_1500_remove_k1,remove,1
0.62,3490,1118,2372,382,46128,0.32034383954154727,0.7453333333333333,0.44809619238476955,0.46623585054056127,0.04890721649484536,knn_defense_cifar_1xs_1500_remove_k1,remove,1
0.64,3490,1118,2372,382,46128,0.32034383954154727,0.7453333333333333,0.44809619238476955,0.46623585054056127,0.04890721649484536,knn_defense_cifar_1xs_1500_remove_k1,remove,1
0.66,3490,1118,2372,382,46128,0.32034383954154727,0.7453333333333333,0.44809619238476955,0.46623585054056127,0.04890721649484536,knn_defense_cifar_1xs_1500_remove_k1,remove,1
0.68,3490,1118,2372,382,46128,0.32034383954154727,0.7453333333333333,0.44809619238476955,0.46623585054056127,0.04890721649484536,knn_defense_cifar_1xs_1500_remove_k1,remove,1
0.7000000000000001,3490,1118,2372,382,46128,0.32034383954154727,0.7453333333333333,0.44809619238476955,0.46623585054056127,0.04890721649484536,knn_defense_cifar_1xs_1500_remove_k1,remove,1
0.72,3490,1118,2372,382,46128,0.32034383954154727,0.7453333333333333,0.44809619238476955,0.46623585054056127,0.04890721649484536,knn_defense_cifar_1xs_1500_remove_k1,remove,1
0.74,3490,1118,2372,382,46128,0.32034383954154727,0.7453333333333333,0.44809619238476955,0.46623585054056127,0.04890721649484536,knn_defense_cifar_1xs_1500_remove_k1,remove,1
0.76,3490,1118,2372,382,46128,0.32034383954154727,0.7453333333333333,0.44809619238476955,0.46623585054056127,0.04890721649484536,knn_defense_cifar_1xs_1500_remove_k1,remove,1
0.78,3490,1118,2372,382,46128,0.32034383954154727,0.7453333333333333,0.44809619238476955,0.46623585054056127,0.04890721649484536,knn_defense_cifar_1xs_1500_remove_k1,remove,1
0.8,3490,1118,2372,382,46128,0.32034383954154727,0.7453333333333333,0.44809619238476955,0.46623585054056127,0.04890721649484536,knn_defense_cifar_1xs_1500_remove_k1,remove,1
0.8200000000000001,3490,1118,2372,382,46128,0.32034383954154727,0.7453333333333333,0.44809619238476955,0.46623585054056127,0.04890721649484536,knn_defense_cifar_1xs_1500_remove_k1,remove,1
0.84,3490,1118,2372,382,46128,0.32034383954154727,0.7453333333333333,0.44809619238476955,0.46623585054056127,0.04890721649484536,knn_defense_cifar_1xs_1500_remove_k1,remove,1
0.86,3490,1118,2372,382,46128,0.32034383954154727,0.7453333333333333,0.44809619238476955,0.46623585054056127,0.04890721649484536,knn_defense_cifar_1xs_1500_remove_k1,remove,1
0.88,3490,1118,2372,382,46128,0.32034383954154727,0.7453333333333333,0.44809619238476955,0.46623585054056127,0.04890721649484536,knn_defense_cifar_1xs_1500_remove_k1,remove,1
0.9,3490,1118,2372,382,46128,0.32034383954154727,0.7453333333333333,0.44809619238476955,0.46623585054056127,0.04890721649484536,knn_defense_cifar_1xs_1500_remove_k1,remove,1
0.92,3490,1118,2372,382,46128,0.32034383954154727,0.7453333333333333,0.44809619238476955,0.46623585054056127,0.04890721649484536,knn_defense_cifar_1xs_1500_remove_k1,remove,1
0.9400000000000001,3490,1118,2372,382,46128,0.32034383954154727,0.7453333333333333,0.44809619238476955,0.46623585054056127,0.04890721649484536,knn_defense_cifar_1xs_1500_remove_k1,remove,1
0.96,3490,1118,2372,382,46128,0.32034383954154727,0.7453333333333333,0.44809619238476955,0.46623585054056127,0.04890721649484536,knn_defense_cifar_1xs_1500_remove_k1,remove,1
0.98,3490,1118,2372,382,46128,0.32034383954154727,0.7453333333333333,0.44809619238476955,0.46623585054056127,0.04890721649484536,knn_defense_cifar_1xs_1500_remove_k1,remove,1
1.0,0,0,0,1500,48500,,0.0,0.0,0.0,0.0,knn_defense_cifar_1xs_1500_remove_k1,remove,1
0.0,8607,1485,7122,15,41378,0.17253398396653885,0.99,0.29385574354407834,0.38100824994179666,0.14684536082474225,knn_defense_cifar_1xs_1500_none_k5,none,5
0.02,8607,1485,7122,15,41378,0.17253398396653885,0.99,0.29385574354407834,0.38100824994179666,0.14684536082474225,knn_defense_cifar_1xs_1500_none_k5,none,5
0.04,8607,1485,7122,15,41378,0.17253398396653885,0.99,0.29385574354407834,0.38100824994179666,0.14684536082474225,knn_defense_cifar_1xs_1500_none_k5,none,5
0.06,8607,1485,7122,15,41378,0.17253398396653885,0.99,0.29385574354407834,0.38100824994179666,0.14684536082474225,knn_defense_cifar_1xs_1500_none_k5,none,5
0.08,8607,1485,7122,15,41378,0.17253398396653885,0.99,0.29385574354407834,0.38100824994179666,0.14684536082474225,knn_defense_cifar_1xs_1500_none_k5,none,5
0.1,8607,1485,7122,15,41378,0.17253398396653885,0.99,0.29385574354407834,0.38100824994179666,0.14684536082474225,knn_defense_cifar_1xs_1500_none_k5,none,5
0.12,8607,1485,7122,15,41378,0.17253398396653885,0.99,0.29385574354407834,0.38100824994179666,0.14684536082474225,knn_defense_cifar_1xs_1500_none_k5,none,5
0.14,8607,1485,7122,15,41378,0.17253398396653885,0.99,0.29385574354407834,0.38100824994179666,0.14684536082474225,knn_defense_cifar_1xs_1500_none_k5,none,5
0.16,8607,1485,7122,15,41378,0.17253398396653885,0.99,0.29385574354407834,0.38100824994179666,0.14684536082474225,knn_defense_cifar_1xs_1500_none_k5,none,5
0.18,8607,1485,7122,15,41378,0.17253398396653885,0.99,0.29385574354407834,0.38100824994179666,0.14684536082474225,knn_defense_cifar_1xs_1500_none_k5,none,5
0.2,8607,1485,7122,15,41378,0.17253398396653885,0.99,0.29385574354407834,0.38100824994179666,0.14684536082474225,knn_defense_cifar_1xs_1500_none_k5,none,5
0.22,4976,1422,3554,78,44946,0.2857717041800643,0.948,0.43915997529339096,0.4984529270297065,0.07327835051546391,knn_defense_cifar_1xs_1500_none_k5,none,5
0.24,4976,1422,3554,78,44946,0.2857717041800643,0.948,0.43915997529339096,0.4984529270297065,0.07327835051546391,knn_defense_cifar_1xs_1500_none_k5,none,5
0.26,4976,1422,3554,78,44946,0.2857717041800643,0.948,0.43915997529339096,0.4984529270297065,0.07327835051546391,knn_defense_cifar_1xs_1500_none_k5,none,5
0.28,4976,1422,3554,78,44946,0.2857717041800643,0.948,0.43915997529339096,0.4984529270297065,0.07327835051546391,knn_defense_cifar_1xs_1500_none_k5,none,5
0.3,4976,1422,3554,78,44946,0.2857717041800643,0.948,0.43915997529339096,0.4984529270297065,0.07327835051546391,knn_defense_cifar_1xs_1500_none_k5,none,5
0.32,4976,1422,3554,78,44946,0.2857717041800643,0.948,0.43915997529339096,0.4984529270297065,0.07327835051546391,knn_defense_cifar_1xs_1500_none_k5,none,5
0.34,4976,1422,3554,78,44946,0.2857717041800643,0.948,0.43915997529339096,0.4984529270297065,0.07327835051546391,knn_defense_cifar_1xs_1500_none_k5,none,5
0.36,4976,1422,3554,78,44946,0.2857717041800643,0.948,0.43915997529339096,0.4984529270297065,0.07327835051546391,knn_defense_cifar_1xs_1500_none_k5,none,5
0.38,4976,1422,3554,78,44946,0.2857717041800643,0.948,0.43915997529339096,0.4984529270297065,0.07327835051546391,knn_defense_cifar_1xs_1500_none_k5,none,5
0.4,4976,1422,3554,78,44946,0.2857717041800643,0.948,0.43915997529339096,0.4984529270297065,0.07327835051546391,knn_defense_cifar_1xs_1500_none_k5,none,5
0.42,3131,1269,1862,231,46638,0.4053018205046311,0.846,0.5480457784495789,0.5686340563139816,0.03839175257731959,knn_defense_cifar_1xs_1500_none_k5,none,5
0.44,3131,1269,1862,231,46638,0.4053018205046311,0.846,0.5480457784495789,0.5686340563139816,0.03839175257731959,knn_defense_cifar_1xs_1500_none_k5,none,5
0.46,3131,1269,1862,231,46638,0.4053018205046311,0.846,0.5480457784495789,0.5686340563139816,0.03839175257731959,knn_defense_cifar_1xs_1500_none_k5,none,5
0.48,3131,1269,1862,231,46638,0.4053018205046311,0.846,0.5480457784495789,0.5686340563139816,0.03839175257731959,knn_defense_cifar_1xs_1500_none_k5,none,5
0.5,3131,1269,1862,231,46638,0.4053018205046311,0.846,0.5480457784495789,0.5686340563139816,0.03839175257731959,knn_defense_cifar_1xs_1500_none_k5,none,5
0.52,3131,1269,1862,231,46638,0.4053018205046311,0.846,0.5480457784495789,0.5686340563139816,0.03839175257731959,knn_defense_cifar_1xs_1500_none_k5,none,5
0.54,3131,1269,1862,231,46638,0.4053018205046311,0.846,0.5480457784495789,0.5686340563139816,0.03839175257731959,knn_defense_cifar_1xs_1500_none_k5,none,5
0.56,3131,1269,1862,231,46638,0.4053018205046311,0.846,0.5480457784495789,0.5686340563139816,0.03839175257731959,knn_defense_cifar_1xs_1500_none_k5,none,5
0.58,3131,1269,1862,231,46638,0.4053018205046311,0.846,0.5480457784495789,0.5686340563139816,0.03839175257731959,knn_defense_cifar_1xs_1500_none_k5,none,5
0.6,3131,1269,1862,231,46638,0.4053018205046311,0.846,0.5480457784495789,0.5686340563139816,0.03839175257731959,knn_defense_cifar_1xs_1500_none_k5,none,5
0.62,1874,998,876,502,47624,0.5325506937033084,0.6653333333333333,0.5915826911677534,0.581337437874941,0.018061855670103093,knn_defense_cifar_1xs_1500_none_k5,none,5
0.64,1874,998,876,502,47624,0.5325506937033084,0.6653333333333333,0.5915826911677534,0.581337437874941,0.018061855670103093,knn_defense_cifar_1xs_1500_none_k5,none,5
0.66,1874,998,876,502,47624,0.5325506937033084,0.6653333333333333,0.5915826911677534,0.581337437874941,0.018061855670103093,knn_defense_cifar_1xs_1500_none_k5,none,5
0.68,1874,998,876,502,47624,0.5325506937033084,0.6653333333333333,0.5915826911677534,0.581337437874941,0.018061855670103093,knn_defense_cifar_1xs_1500_none_k5,none,5
0.7000000000000001,1874,998,876,502,47624,0.5325506937033084,0.6653333333333333,0.5915826911677534,0.581337437874941,0.018061855670103093,knn_defense_cifar_1xs_1500_none_k5,none,5
0.72,1874,998,876,502,47624,0.5325506937033084,0.6653333333333333,0.5915826911677534,0.581337437874941,0.018061855670103093,knn_defense_cifar_1xs_1500_none_k5,none,5
0.74,1874,998,876,502,47624,0.5325506937033084,0.6653333333333333,0.5915826911677534,0.581337437874941,0.018061855670103093,knn_defense_cifar_1xs_1500_none_k5,none,5
0.76,1874,998,876,502,47624,0.5325506937033084,0.6653333333333333,0.5915826911677534,0.581337437874941,0.018061855670103093,knn_defense_cifar_1xs_1500_none_k5,none,5
0.78,1874,998,876,502,47624,0.5325506937033084,0.6653333333333333,0.5915826911677534,0.581337437874941,0.018061855670103093,knn_defense_cifar_1xs_1500_none_k5,none,5
0.8,1874,998,876,502,47624,0.5325506937033084,0.6653333333333333,0.5915826911677534,0.581337437874941,0.018061855670103093,knn_defense_cifar_1xs_1500_none_k5,none,5
0.8200000000000001,970,634,336,866,48164,0.6536082474226804,0.4226666666666667,0.5133603238866397,0.5141860337948134,0.0069278350515463915,knn_defense_cifar_1xs_1500_none_k5,none,5
0.84,970,634,336,866,48164,0.6536082474226804,0.4226666666666667,0.5133603238866397,0.5141860337948134,0.0069278350515463915,knn_defense_cifar_1xs_1500_none_k5,none,5
0.86,970,634,336,866,48164,0.6536082474226804,0.4226666666666667,0.5133603238866397,0.5141860337948134,0.0069278350515463915,knn_defense_cifar_1xs_1500_none_k5,none,5
0.88,970,634,336,866,48164,0.6536082474226804,0.4226666666666667,0.5133603238866397,0.5141860337948134,0.0069278350515463915,knn_defense_cifar_1xs_1500_none_k5,none,5
0.9,970,634,336,866,48164,0.6536082474226804,0.4226666666666667,0.5133603238866397,0.5141860337948134,0.0069278350515463915,knn_defense_cifar_1xs_1500_none_k5,none,5
0.92,970,634,336,866,48164,0.6536082474226804,0.4226666666666667,0.5133603238866397,0.5141860337948134,0.0069278350515463915,knn_defense_cifar_1xs_1500_none_k5,none,5
0.9400000000000001,970,634,336,866,48164,0.6536082474226804,0.4226666666666667,0.5133603238866397,0.5141860337948134,0.0069278350515463915,knn_defense_cifar_1xs_1500_none_k5,none,5
0.96,970,634,336,866,48164,0.6536082474226804,0.4226666666666667,0.5133603238866397,0.5141860337948134,0.0069278350515463915,knn_defense_cifar_1xs_1500_none_k5,none,5
0.98,970,634,336,866,48164,0.6536082474226804,0.4226666666666667,0.5133603238866397,0.5141860337948134,0.0069278350515463915,knn_defense_cifar_1xs_1500_none_k5,none,5
1.0,0,0,0,1500,48500,,0.0,0.0,0.0,0.0,knn_defense_cifar_1xs_1500_none_k5,none,5
0.0,8607,1485,7122,15,41378,0.17253398396653885,0.99,0.29385574354407834,0.38100824994179666,0.14684536082474225,knn_defense_cifar_1xs_1500_remove_k5,remove,5
0.02,8607,1485,7122,15,41378,0.17253398396653885,0.99,0.29385574354407834,0.38100824994179666,0.14684536082474225,knn_defense_cifar_1xs_1500_remove_k5,remove,5
0.04,8607,1485,7122,15,41378,0.17253398396653885,0.99,0.29385574354407834,0.38100824994179666,0.14684536082474225,knn_defense_cifar_1xs_1500_remove_k5,remove,5
0.06,8607,1485,7122,15,41378,0.17253398396653885,0.99,0.29385574354407834,0.38100824994179666,0.14684536082474225,knn_defense_cifar_1xs_1500_remove_k5,remove,5
0.08,8607,1485,7122,15,41378,0.17253398396653885,0.99,0.29385574354407834,0.38100824994179666,0.14684536082474225,knn_defense_cifar_1xs_1500_remove_k5,remove,5
0.1,8607,1485,7122,15,41378,0.17253398396653885,0.99,0.29385574354407834,0.38100824994179666,0.14684536082474225,knn_defense_cifar_1xs_1500_remove_k5,remove,5
0.12,8607,1485,7122,15,41378,0.17253398396653885,0.99,0.29385574354407834,0.38100824994179666,0.14684536082474225,knn_defense_cifar_1xs_1500_remove_k5,remove,5
0.14,8607,1485,7122,15,41378,0.17253398396653885,0.99,0.29385574354407834,0.38100824994179666,0.14684536082474225,knn_defense_cifar_1xs_1500_remove_k5,remove,5
0.16,8607,1485,7122,15,41378,0.17253398396653885,0.99,0.29385574354407834,0.38100824994179666,0.14684536082474225,knn_defense_cifar_1xs_1500_remove_k5,remove,5
0.18,8607,1485,7122,15,41378,0.17253398396653885,0.99,0.29385574354407834,0.38100824994179666,0.14684536082474225,knn_defense_cifar_1xs_1500_remove_k5,remove,5
0.2,8607,1485,7122,15,41378,0.17253398396653885,0.99,0.29385574354407834,0.38100824994179666,0.14684536082474225,knn_defense_cifar_1xs_1500_remove_k5,remove,5
0.22,4976,1422,3554,78,44946,0.2857717041800643,0.948,0.43915997529339096,0.4984529270297065,0.07327835051546391,knn_defense_cifar_1xs_1500_remove_k5,remove,5
0.24,4976,1422,3554,78,44946,0.2857717041800643,0.948,0.43915997529339096,0.4984529270297065,0.07327835051546391,knn_defense_cifar_1xs_1500_remove_k5,remove,5
0.26,4976,1422,3554,78,44946,0.2857717041800643,0.948,0.43915997529339096,0.4984529270297065,0.07327835051546391,knn_defense_cifar_1xs_1500_remove_k5,remove,5
0.28,4976,1422,3554,78,44946,0.2857717041800643,0.948,0.43915997529339096,0.4984529270297065,0.07327835051546391,knn_defense_cifar_1xs_1500_remove_k5,remove,5
0.3,4976,1422,3554,78,44946,0.2857717041800643,0.948,0.43915997529339096,0.4984529270297065,0.07327835051546391,knn_defense_cifar_1xs_1500_remove_k5,remove,5
0.32,4976,1422,3554,78,44946,0.2857717041800643,0.948,0.43915997529339096,0.4984529270297065,0.07327835051546391,knn_defense_cifar_1xs_1500_remove_k5,remove,5
0.34,4976,1422,3554,78,44946,0.2857717041800643,0.948,0.43915997529339096,0.4984529270297065,0.07327835051546391,knn_defense_cifar_1xs_1500_remove_k5,remove,5
0.36,4976,1422,3554,78,44946,0.2857717041800643,0.948,0.43915997529339096,0.4984529270297065,0.07327835051546391,knn_defense_cifar_1xs_1500_remove_k5,remove,5
0.38,4976,1422,3554,78,44946,0.2857717041800643,0.948,0.43915997529339096,0.4984529270297065,0.07327835051546391,knn_defense_cifar_1xs_1500_remove_k5,remove,5
0.4,4976,1422,3554,78,44946,0.2857717041800643,0.948,0.43915997529339096,0.4984529270297065,0.07327835051546391,knn_defense_cifar_1xs_1500_remove_k5,remove,5
0.42,3131,1269,1862,231,46638,0.4053018205046311,0.846,0.5480457784495789,0.5686340563139816,0.03839175257731959,knn_defense_cifar_1xs_1500_remove_k5,remove,5
0.44,3131,1269,1862,231,46638,0.4053018205046311,0.846,0.5480457784495789,0.5686340563139816,0.03839175257731959,knn_defense_cifar_1xs_1500_remove_k5,remove,5
0.46,3131,1269,1862,231,46638,0.4053018205046311,0.846,0.5480457784495789,0.5686340563139816,0.03839175257731959,knn_defense_cifar_1xs_1500_remove_k5,remove,5
0.48,3131,1269,1862,231,46638,0.4053018205046311,0.846,0.5480457784495789,0.5686340563139816,0.03839175257731959,knn_defense_cifar_1xs_1500_remove_k5,remove,5
0.5,3131,1269,1862,231,46638,0.4053018205046311,0.846,0.5480457784495789,0.5686340563139816,0.03839175257731959,knn_defense_cifar_1xs_1500_remove_k5,remove,5
0.52,3131,1269,1862,231,46638,0.4053018205046311,0.846,0.5480457784495789,0.5686340563139816,0.03839175257731959,knn_defense_cifar_1xs_1500_remove_k5,remove,5
0.54,3131,1269,1862,231,46638,0.4053018205046311,0.846,0.5480457784495789,0.5686340563139816,0.03839175257731959,knn_defense_cifar_1xs_1500_remove_k5,remove,5
0.56,3131,1269,1862,231,46638,0.4053018205046311,0.846,0.5480457784495789,0.5686340563139816,0.03839175257731959,knn_defense_cifar_1xs_1500_remove_k5,remove,5
0.58,3131,1269,1862,231,46638,0.4053018205046311,0.846,0.5480457784495789,0.5686340563139816,0.03839175257731959,knn_defense_cifar_1xs_1500_remove_k5,remove,5
0.6,3131,1269,1862,231,46638,0.4053018205046311,0.846,0.5480457784495789,0.5686340563139816,0.03839175257731959,knn_defense_cifar_1xs_1500_remove_k5,remove,5
0.62,1874,998,876,502,47624,0.5325506937033084,0.6653333333333333,0.5915826911677534,0.581337437874941,0.018061855670103093,knn_defense_cifar_1xs_1500_remove_k5,remove,5
0.64,1874,998,876,502,47624,0.5325506937033084,0.6653333333333333,0.5915826911677534,0.581337437874941,0.018061855670103093,knn_defense_cifar_1xs_1500_remove_k5,remove,5
0.66,1874,998,876,502,47624,0.5325506937033084,0.6653333333333333,0.5915826911677534,0.581337437874941,0.018061855670103093,knn_defense_cifar_1xs_1500_remove_k5,remove,5
0.68,1874,998,876,502,47624,0.5325506937033084,0.6653333333333333,0.5915826911677534,0.581337437874941,0.018061855670103093,knn_defense_cifar_1xs_1500_remove_k5,remove,5
0.7000000000000001,1874,998,876,502,47624,0.5325506937033084,0.6653333333333333,0.5915826911677534,0.581337437874941,0.018061855670103093,knn_defense_cifar_1xs_1500_remove_k5,remove,5
0.72,1874,998,876,502,47624,0.5325506937033084,0.6653333333333333,0.5915826911677534,0.581337437874941,0.018061855670103093,knn_defense_cifar_1xs_1500_remove_k5,remove,5
0.74,1874,998,876,502,47624,0.5325506937033084,0.6653333333333333,0.5915826911677534,0.581337437874941,0.018061855670103093,knn_defense_cifar_1xs_1500_remove_k5,remove,5
0.76,1874,998,876,502,47624,0.5325506937033084,0.6653333333333333,0.5915826911677534,0.581337437874941,0.018061855670103093,knn_defense_cifar_1xs_1500_remove_k5,remove,5
0.78,1874,998,876,502,47624,0.5325506937033084,0.6653333333333333,0.5915826911677534,0.581337437874941,0.018061855670103093,knn_defense_cifar_1xs_1500_remove_k5,remove,5
0.8,1874,998,876,502,47624,0.5325506937033084,0.6653333333333333,0.5915826911677534,0.581337437874941,0.018061855670103093,knn_defense_cifar_1xs_1500_remove_k5,remove,5
0.8200000000000001,970,634,336,866,48164,0.6536082474226804,0.4226666666666667,0.5133603238866397,0.5141860337948134,0.0069278350515463915,knn_defense_cifar_1xs_1500_remove_k5,remove,5
0.84,970,634,336,866,48164,0.6536082474226804,0.4226666666666667,0.5133603238866397,0.5141860337948134,0.0069278350515463915,knn_defense_cifar_1xs_1500_remove_k5,remove,5
0.86,970,634,336,866,48164,0.6536082474226804,0.4226666666666667,0.5133603238866397,0.5141860337948134,0.0069278350515463915,knn_defense_cifar_1xs_1500_remove_k5,remove,5
0.88,970,634,336,866,48164,0.6536082474226804,0.4226666666666667,0.5133603238866397,0.5141860337948134,0.0069278350515463915,knn_defense_cifar_1xs_1500_remove_k5,remove,5
0.9,970,634,336,866,48164,0.6536082474226804,0.4226666666666667,0.5133603238866397,0.5141860337948134,0.0069278350515463915,knn_defense_cifar_1xs_1500_remove_k5,remove,5
0.92,970,634,336,866,48164,0.6536082474226804,0.4226666666666667,0.5133603238866397,0.5141860337948134,0.0069278350515463915,knn_defense_cifar_1xs_1500_remove_k5,remove,5
0.9400000000000001,970,634,336,866,48164,0.6536082474226804,0.4226666666666667,0.5133603238866397,0.5141860337948134,0.0069278350515463915,knn_defense_cifar_1xs_1500_remove_k5,remove,5
0.96,970,634,336,866,48164,0.6536082474226804,0.4226666666666667,0.5133603238866397,0.5141860337948134,0.0069278350515463915,knn_defense_cifar_1xs_1500_remove_k5,remove,5
0.98,970,634,336,866,48164,0.6536082474226804,0.4226666666666667,0.5133603238866397,0.5141860337948134,0.0069278350515463915,knn_defense_cifar_1xs_1500_remove_k5,remove,5
1.0,0,0,0,1500,48500,,0.0,0.0,0.0,0.0,knn_defense_cifar_1xs_1500_remove_k5,remove,5
0.0,11643,1498,10145,2,38355,0.12866099802456413,0.9986666666666667,0.22795404397778285,0.3186464924715565,0.20917525773195877,knn_defense_cifar_1xs_1500_none_k10,none,10
0.02,11643,1498,10145,2,38355,0.12866099802456413,0.9986666666666667,0.22795404397778285,0.3186464924715565,0.20917525773195877,knn_defense_cifar_1xs_1500_none_k10,none,10
0.04,11643,1498,10145,2,38355,0.12866099802456413,0.9986666666666667,0.22795404397778285,0.3186464924715565,0.20917525773195877,knn_defense_cifar_1xs_1500_none_k10,none,10
0.06,11643,1498,10145,2,38355,0.12866099802456413,0.9986666666666667,0.22795404397778285,0.3186464924715565,0.20917525773195877,knn_defense_cifar_1xs_1500_none_k10,none,10
0.08,11643,1498,10145,2,38355,0.12866099802456413,0.9986666666666667,0.22795404397778285,0.3186464924715565,0.20917525773195877,knn_defense_cifar_1xs_1500_none_k10,none,10
0.1,11643,1498,10145,2,38355,0.12866099802456413,0.9986666666666667,0.22795404397778285,0.3186464924715565,0.20917525773195877,knn_defense_cifar_1xs_1500_none_k10,none,10
0.12,7840,1494,6346,6,42154,0.19056122448979593,0.996,0.3199143468950749,0.40588397719052516,0.13084536082474227,knn_defense_cifar_1xs_1500_none_k10,none,10
0.14,7840,1494,6346,6,42154,0.19056122448979593,0.996,0.3199143468950749,0.40588397719052516,0.13084536082474227,knn_defense_cifar_1xs_1500_none_k10,none,10
0.16,7840,1494,6346,6,42154,0.19056122448979593,0.996,0.3199143468950749,0.40588397719052516,0.13084536082474227,knn_defense_cifar_1xs_1500_none_k10,none,10
0.18,7840,1494,6346,6,42154,0.19056122448979593,0.996,0.3199143468950749,0.40588397719052516,0.13084536082474227,knn_defense_cifar_1xs_1500_none_k10,none,10
0.2,7840,1494,6346,6,42154,0.19056122448979593,0.996,0.3199143468950749,0.40588397719052516,0.13084536082474227,knn_defense_cifar_1xs_1500_none_k10,none,10
0.22,5837,1476,4361,24,44139,0.252869624807264,0.984,0.4023442824042524,0.4749741239526228,0.08991752577319588,knn_defense_cifar_1xs_1500_none_k10,none,10
0.24,5837,1476,4361,24,44139,0.252869624807264,0.984,0.4023442824042524,0.4749741239526228,0.08991752577319588,knn_defense_cifar_1xs_1500_none_k10,none,10
0.26,5837,1476,4361,24,44139,0.252869624807264,0.984,0.4023442824042524,0.4749741239526228,0.08991752577319588,knn_defense_cifar_1xs_1500_none_k10,none,10
0.28,5837,1476,4361,24,44139,0.252869624807264,0.984,0.4023442824042524,0.4749741239526228,0.08991752577319588,knn_defense_cifar_1xs_1500_none_k10,none,10
0.3,5837,1476,4361,24,44139,0.252869624807264,0.984,0.4023442824042524,0.4749741239526228,0.08991752577319588,knn_defense_cifar_1xs_1500_none_k10,none,10
0.32,4514,1443,3071,57,45429,0.319672131147541,0.962,0.47988027934818756,0.5349363669754952,0.06331958762886598,knn_defense_cifar_1xs_1500_none_k10,none,10
0.34,4514,1443,3071,57,45429,0.319672131147541,0.962,0.47988027934818756,0.5349363669754952,0.06331958762886598,knn_defense_cifar_1xs_1500_none_k10,none,10
0.36,4514,1443,3071,57,45429,0.319672131147541,0.962,0.47988027934818756,0.5349363669754952,0.06331958762886598,knn_defense_cifar_1xs_1500_none_k10,none,10
0.38,4514,1443,3071,57,45429,0.319672131147541,0.962,0.47988027934818756,0.5349363669754952,0.06331958762886598,knn_defense_cifar_1xs_1500_none_k10,none,10
0.4,4514,1443,3071,57,45429,0.319672131147541,0.962,0.47988027934818756,0.5349363669754952,0.06331958762886598,knn_defense_cifar_1xs_1500_none_k10,none,10
0.42,3483,1366,2117,134,46383,0.39219064025265576,0.9106666666666666,0.5482640979329721,0.5809805812069337,0.04364948453608247,knn_defense_cifar_1xs_1500_none_k10,none,10
0.44,3483,1366,2117,134,46383,0.39219064025265576,0.9106666666666666,0.5482640979329721,0.5809805812069337,0.04364948453608247,knn_defense_cifar_1xs_1500_none_k10,none,10
0.46,3483,1366,2117,134,46383,0.39219064025265576,0.9106666666666666,0.5482640979329721,0.5809805812069337,0.04364948453608247,knn_defense_cifar_1xs_1500_none_k10,none,10
0.48,3483,1366,2117,134,46383,0.39219064025265576,0.9106666666666666,0.5482640979329721,0.5809805812069337,0.04364948453608247,knn_defense_cifar_1xs_1500_none_k10,none,10
0.5,2732,1269,1463,231,47037,0.46449487554904834,0.846,0.5997164461247637,0.6123431984419637,0.03016494845360825,knn_defense_cifar_1xs_1500_none_k10,none,10
0.52,2732,1269,1463,231,47037,0.46449487554904834,0.846,0.5997164461247637,0.6123431984419637,0.03016494845360825,knn_defense_cifar_1xs_1500_none_k10,none,10
0.54,2732,1269,1463,231,47037,0.46449487554904834,0.846,0.5997164461247637,0.6123431984419637,0.03016494845360825,knn_defense_cifar_1xs_1500_none_k10,none,10
0.56,2732,1269,1463,231,47037,0.46449487554904834,0.846,0.5997164461247637,0.6123431984419637,0.03016494845360825,knn_defense_cifar_1xs_1500_none_k10,none,10
0.58,2732,1269,1463,231,47037,0.46449487554904834,0.846,0.5997164461247637,0.6123431984419637,0.03016494845360825,knn_defense_cifar_1xs_1500_none_k10,none,10
0.6,2732,1269,1463,231,47037,0.46449487554904834,0.846,0.5997164461247637,0.6123431984419637,0.03016494845360825,knn_defense_cifar_1xs_1500_none_k10,none,10
0.62,2101,1112,989,388,47511,0.5292717753450737,0.7413333333333333,0.6176062204943071,0.6129715581773812,0.020391752577319587,knn_defense_cifar_1xs_1500_none_k10,none,10
0.64,2101,1112,989,388,47511,0.5292717753450737,0.7413333333333333,0.6176062204943071,0.6129715581773812,0.020391752577319587,knn_defense_cifar_1xs_1500_none_k10,none,10
0.66,2101,1112,989,388,47511,0.5292717753450737,0.7413333333333333,0.6176062204943071,0.6129715581773812,0.020391752577319587,knn_defense_cifar_1xs_1500_none_k10,none,10
0.68,2101,1112,989,388,47511,0.5292717753450737,0.7413333333333333,0.6176062204943071,0.6129715581773812,0.020391752577319587,knn_defense_cifar_1xs_1500_none_k10,none,10
0.7000000000000001,1530,889,641,611,47859,0.581045751633987,0.5926666666666667,0.5867986798679868,0.5739186919897094,0.013216494845360825,knn_defense_cifar_1xs_1500_none_k10,none,10
0.72,1530,889,641,611,47859,0.581045751633987,0.5926666666666667,0.5867986798679868,0.5739186919897094,0.013216494845360825,knn_defense_cifar_1xs_1500_none_k10,none,10
0.74,1530,889,641,611,47859,0.581045751633987,0.5926666666666667,0.5867986798679868,0.5739186919897094,0.013216494845360825,knn_defense_cifar_1xs_1500_none_k10,none,10
0.76,1530,889,641,611,47859,0.581045751633987,0.5926666666666667,0.5867986798679868,0.5739186919897094,0.013216494845360825,knn_defense_cifar_1xs_1500_none_k10,none,10
0.78,1530,889,641,611,47859,0.581045751633987,0.5926666666666667,0.5867986798679868,0.5739186919897094,0.013216494845360825,knn_defense_cifar_1xs_1500_none_k10,none,10
0.8,1530,889,641,611,47859,0.581045751633987,0.5926666666666667,0.5867986798679868,0.5739186919897094,0.013216494845360825,knn_defense_cifar_1xs_1500_none_k10,none,10
0.8200000000000001,1060,690,370,810,48130,0.6509433962264151,0.46,0.5390625,0.5357059478862376,0.007628865979381443,knn_defense_cifar_1xs_1500_none_k10,none,10
0.84,1060,690,370,810,48130,0.6509433962264151,0.46,0.5390625,0.5357059478862376,0.007628865979381443,knn_defense_cifar_1xs_1500_none_k10,none,10
0.86,1060,690,370,810,48130,0.6509433962264151,0.46,0.5390625,0.5357059478862376,0.007628865979381443,knn_defense_cifar_1xs_1500_none_k10,none,10
0.88,1060,690,370,810,48130,0.6509433962264151,0.46,0.5390625,0.5357059478862376,0.007628865979381443,knn_defense_cifar_1xs_1500_none_k10,none,10
0.9,1060,690,370,810,48130,0.6509433962264151,0.46,0.5390625,0.5357059478862376,0.007628865979381443,knn_defense_cifar_1xs_1500_none_k10,none,10
0.92,625,446,179,1054,48321,0.7136,0.29733333333333334,0.41976470588235293,0.45086031893139084,0.003690721649484536,knn_defense_cifar_1xs_1500_none_k10,none,10
0.9400000000000001,625,446,179,1054,48321,0.7136,0.29733333333333334,0.41976470588235293,0.45086031893139084,0.003690721649484536,knn_defense_cifar_1xs_1500_none_k10,none,10
0.96,625,446,179,1054,48321,0.7136,0.29733333333333334,0.41976470588235293,0.45086031893139084,0.003690721649484536,knn_defense_cifar_1xs_1500_none_k10,none,10
0.98,625,446,179,1054,48321,0.7136,0.29733333333333334,0.41976470588235293,0.45086031893139084,0.003690721649484536,knn_defense_cifar_1xs_1500_none_k10,none,10
1.0,0,0,0,1500,48500,,0.0,0.0,0.0,0.0,knn_defense_cifar_1xs_1500_none_k10,none,10
0.0,11643,1498,10145,2,38355,0.12866099802456413,0.9986666666666667,0.22795404397778285,0.3186464924715565,0.20917525773195877,knn_defense_cifar_1xs_1500_remove_k10,remove,10
0.02,11643,1498,10145,2,38355,0.12866099802456413,0.9986666666666667,0.22795404397778285,0.3186464924715565,0.20917525773195877,knn_defense_cifar_1xs_1500_remove_k10,remove,10
0.04,11643,1498,10145,2,38355,0.12866099802456413,0.9986666666666667,0.22795404397778285,0.3186464924715565,0.20917525773195877,knn_defense_cifar_1xs_1500_remove_k10,remove,10
0.06,11643,1498,10145,2,38355,0.12866099802456413,0.9986666666666667,0.22795404397778285,0.3186464924715565,0.20917525773195877,knn_defense_cifar_1xs_1500_remove_k10,remove,10
0.08,11643,1498,10145,2,38355,0.12866099802456413,0.9986666666666667,0.22795404397778285,0.3186464924715565,0.20917525773195877,knn_defense_cifar_1xs_1500_remove_k10,remove,10
0.1,11643,1498,10145,2,38355,0.12866099802456413,0.9986666666666667,0.22795404397778285,0.3186464924715565,0.20917525773195877,knn_defense_cifar_1xs_1500_remove_k10,remove,10
0.12,7840,1494,6346,6,42154,0.19056122448979593,0.996,0.3199143468950749,0.40588397719052516,0.13084536082474227,knn_defense_cifar_1xs_1500_remove_k10,remove,10
0.14,7840,1494,6346,6,42154,0.19056122448979593,0.996,0.3199143468950749,0.40588397719052516,0.13084536082474227,knn_defense_cifar_1xs_1500_remove_k10,remove,10
0.16,7840,1494,6346,6,42154,0.19056122448979593,0.996,0.3199143468950749,0.40588397719052516,0.13084536082474227,knn_defense_cifar_1xs_1500_remove_k10,remove,10
0.18,7840,1494,6346,6,42154,0.19056122448979593,0.996,0.3199143468950749,0.40588397719052516,0.13084536082474227,knn_defense_cifar_1xs_1500_remove_k10,remove,10
0.2,7840,1494,6346,6,42154,0.19056122448979593,0.996,0.3199143468950749,0.40588397719052516,0.13084536082474227,knn_defense_cifar_1xs_1500_remove_k10,remove,10
0.22,5837,1476,4361,24,44139,0.252869624807264,0.984,0.4023442824042524,0.4749741239526228,0.08991752577319588,knn_defense_cifar_1xs_1500_remove_k10,remove,10
0.24,5837,1476,4361,24,44139,0.252869624807264,0.984,0.4023442824042524,0.4749741239526228,0.08991752577319588,knn_defense_cifar_1xs_1500_remove_k10,remove,10
0.26,5837,1476,4361,24,44139,0.252869624807264,0.984,0.4023442824042524,0.4749741239526228,0.08991752577319588,knn_defense_cifar_1xs_1500_remove_k10,remove,10
0.28,5837,1476,4361,24,44139,0.252869624807264,0.984,0.4023442824042524,0.4749741239526228,0.08991752577319588,knn_defense_cifar_1xs_1500_remove_k10,remove,10
0.3,5837,1476,4361,24,44139,0.252869624807264,0.984,0.4023442824042524,0.4749741239526228,0.08991752577319588,knn_defense_cifar_1xs_1500_remove_k10,remove,10
0.32,4514,1443,3071,57,45429,0.319672131147541,0.962,0.47988027934818756,0.5349363669754952,0.06331958762886598,knn_defense_cifar_1xs_1500_remove_k10,remove,10
0.34,4514,1443,3071,57,45429,0.319672131147541,0.962,0.47988027934818756,0.5349363669754952,0.06331958762886598,knn_defense_cifar_1xs_1500_remove_k10,remove,10
0.36,4514,1443,3071,57,45429,0.319672131147541,0.962,0.47988027934818756,0.5349363669754952,0.06331958762886598,knn_defense_cifar_1xs_1500_remove_k10,remove,10
0.38,4514,1443,3071,57,45429,0.319672131147541,0.962,0.47988027934818756,0.5349363669754952,0.06331958762886598,knn_defense_cifar_1xs_1500_remove_k10,remove,10
0.4,4514,1443,3071,57,45429,0.319672131147541,0.962,0.47988027934818756,0.5349363669754952,0.06331958762886598,knn_defense_cifar_1xs_1500_remove_k10,remove,10
0.42,3483,1366,2117,134,46383,0.39219064025265576,0.9106666666666666,0.5482640979329721,0.5809805812069337,0.04364948453608247,knn_defense_cifar_1xs_1500_remove_k10,remove,10
0.44,3483,1366,2117,134,46383,0.39219064025265576,0.9106666666666666,0.5482640979329721,0.5809805812069337,0.04364948453608247,knn_defense_cifar_1xs_1500_remove_k10,remove,10
0.46,3483,1366,2117,134,46383,0.39219064025265576,0.9106666666666666,0.5482640979329721,0.5809805812069337,0.04364948453608247,knn_defense_cifar_1xs_1500_remove_k10,remove,10
0.48,3483,1366,2117,134,46383,0.39219064025265576,0.9106666666666666,0.5482640979329721,0.5809805812069337,0.04364948453608247,knn_defense_cifar_1xs_1500_remove_k10,remove,10
0.5,2732,1269,1463,231,47037,0.46449487554904834,0.846,0.5997164461247637,0.6123431984419637,0.03016494845360825,knn_defense_cifar_1xs_1500_remove_k10,remove,10
0.52,2732,1269,1463,231,47037,0.46449487554904834,0.846,0.5997164461247637,0.6123431984419637,0.03016494845360825,knn_defense_cifar_1xs_1500_remove_k10,remove,10
0.54,2732,1269,1463,231,47037,0.46449487554904834,0.846,0.5997164461247637,0.6123431984419637,0.03016494845360825,knn_defense_cifar_1xs_1500_remove_k10,remove,10
0.56,2732,1269,1463,231,47037,0.46449487554904834,0.846,0.5997164461247637,0.6123431984419637,0.03016494845360825,knn_defense_cifar_1xs_1500_remove_k10,remove,10
0.58,2732,1269,1463,231,47037,0.46449487554904834,0.846,0.5997164461247637,0.6123431984419637,0.03016494845360825,knn_defense_cifar_1xs_1500_remove_k10,remove,10
0.6,2732,1269,1463,231,47037,0.46449487554904834,0.846,0.5997164461247637,0.6123431984419637,0.03016494845360825,knn_defense_cifar_1xs_1500_remove_k10,remove,10
0.62,2101,1112,989,388,47511,0.5292717753450737,0.7413333333333333,0.6176062204943071,0.6129715581773812,0.020391752577319587,knn_defense_cifar_1xs_1500_remove_k10,remove,10
0.64,2101,1112,989,388,47511,0.5292717753450737,0.7413333333333333,0.6176062204943071,0.6129715581773812,0.020391752577319587,knn_defense_cifar_1xs_1500_remove_k10,remove,10
0.66,2101,1112,989,388,47511,0.5292717753450737,0.7413333333333333,0.6176062204943071,0.6129715581773812,0.020391752577319587,knn_defense_cifar_1xs_1500_remove_k10,remove,10
0.68,2101,1112,989,388,47511,0.5292717753450737,0.7413333333333333,0.6176062204943071,0.6129715581773812,0.020391752577319587,knn_defense_cifar_1xs_1500_remove_k10,remove,10
0.7000000000000001,1530,889,641,611,47859,0.581045751633987,0.5926666666666667,0.5867986798679868,0.5739186919897094,0.013216494845360825,knn_defense_cifar_1xs_1500_remove_k10,remove,10
0.72,1530,889,641,611,47859,0.581045751633987,0.5926666666666667,0.5867986798679868,0.5739186919897094,0.013216494845360825,knn_defense_cifar_1xs_1500_remove_k10,remove,10
0.74,1530,889,641,611,47859,0.581045751633987,0.5926666666666667,0.5867986798679868,0.5739186919897094,0.013216494845360825,knn_defense_cifar_1xs_1500_remove_k10,remove,10
0.76,1530,889,641,611,47859,0.581045751633987,0.5926666666666667,0.5867986798679868,0.5739186919897094,0.013216494845360825,knn_defense_cifar_1xs_1500_remove_k10,remove,10
0.78,1530,889,641,611,47859,0.581045751633987,0.5926666666666667,0.5867986798679868,0.5739186919897094,0.013216494845360825,knn_defense_cifar_1xs_1500_remove_k10,remove,10
0.8,1530,889,641,611,47859,0.581045751633987,0.5926666666666667,0.5867986798679868,0.5739186919897094,0.013216494845360825,knn_defense_cifar_1xs_1500_remove_k10,remove,10
0.8200000000000001,1060,690,370,810,48130,0.6509433962264151,0.46,0.5390625,0.5357059478862376,0.007628865979381443,knn_defense_cifar_1xs_1500_remove_k10,remove,10
0.84,1060,690,370,810,48130,0.6509433962264151,0.46,0.5390625,0.5357059478862376,0.007628865979381443,knn_defense_cifar_1xs_1500_remove_k10,remove,10
0.86,1060,690,370,810,48130,0.6509433962264151,0.46,0.5390625,0.5357059478862376,0.007628865979381443,knn_defense_cifar_1xs_1500_remove_k10,remove,10
0.88,1060,690,370,810,48130,0.6509433962264151,0.46,0.5390625,0.5357059478862376,0.007628865979381443,knn_defense_cifar_1xs_1500_remove_k10,remove,10
0.9,1060,690,370,810,48130,0.6509433962264151,0.46,0.5390625,0.5357059478862376,0.007628865979381443,knn_defense_cifar_1xs_1500_remove_k10,remove,10
0.92,625,446,179,1054,48321,0.7136,0.29733333333333334,0.41976470588235293,0.45086031893139084,0.003690721649484536,knn_defense_cifar_1xs_1500_remove_k10,remove,10
0.9400000000000001,625,446,179,1054,48321,0.7136,0.29733333333333334,0.41976470588235293,0.45086031893139084,0.003690721649484536,knn_defense_cifar_1xs_1500_remove_k10,remove,10
0.96,625,446,179,1054,48321,0.7136,0.29733333333333334,0.41976470588235293,0.45086031893139084,0.003690721649484536,knn_defense_cifar_1xs_1500_remove_k10,remove,10
0.98,625,446,179,1054,48321,0.7136,0.29733333333333334,0.41976470588235293,0.45086031893139084,0.003690721649484536,knn_defense_cifar_1xs_1500_remove_k10,remove,10
1.0,0,0,0,1500,48500,,0.0,0.0,0.0,0.0,knn_defense_cifar_1xs_1500_remove_k10,remove,10
0.0,15214,1500,13714,0,34786,0.09859340081503878,1.0,0.17949024769654182,0.2659226319835732,0.28276288659793813,knn_defense_cifar_1xs_1500_remove_k20,remove,20
0.02,15214,1500,13714,0,34786,0.09859340081503878,1.0,0.17949024769654182,0.2659226319835732,0.28276288659793813,knn_defense_cifar_1xs_1500_remove_k20,remove,20
0.04,15214,1500,13714,0,34786,0.09859340081503878,1.0,0.17949024769654182,0.2659226319835732,0.28276288659793813,knn_defense_cifar_1xs_1500_remove_k20,remove,20
0.06,11071,1499,9572,1,38928,0.13539878963056634,0.9993333333333333,0.2384854029114629,0.3294928012542263,0.19736082474226804,knn_defense_cifar_1xs_1500_remove_k20,remove,20
0.08,11071,1499,9572,1,38928,0.13539878963056634,0.9993333333333333,0.2384854029114629,0.3294928012542263,0.19736082474226804,knn_defense_cifar_1xs_1500_remove_k20,remove,20
0.1,11071,1499,9572,1,38928,0.13539878963056634,0.9993333333333333,0.2384854029114629,0.3294928012542263,0.19736082474226804,knn_defense_cifar_1xs_1500_remove_k20,remove,20
0.12,9126,1499,7627,1,40873,0.16425597194827965,0.9993333333333333,0.2821381517033691,0.3718808204462014,0.1572577319587629,knn_defense_cifar_1xs_1500_remove_k20,remove,20
0.14,9126,1499,7627,1,40873,0.16425597194827965,0.9993333333333333,0.2821381517033691,0.3718808204462014,0.1572577319587629,knn_defense_cifar_1xs_1500_remove_k20,remove,20
0.16,7804,1497,6307,3,42193,0.19182470527934392,0.998,0.3217970765262253,0.40796350916050655,0.13004123711340207,knn_defense_cifar_1xs_1500_remove_k20,remove,20
0.18,7804,1497,6307,3,42193,0.19182470527934392,0.998,0.3217970765262253,0.40796350916050655,0.13004123711340207,knn_defense_cifar_1xs_1500_remove_k20,remove,20
0.2,7804,1497,6307,3,42193,0.19182470527934392,0.998,0.3217970765262253,0.40796350916050655,0.13004123711340207,knn_defense_cifar_1xs_1500_remove_k20,remove,20
0.22,6698,1496,5202,4,43298,0.2233502538071066,0.9973333333333333,0.3649670651378385,0.4457761671491609,0.10725773195876288,knn_defense_cifar_1xs_1500_remove_k20,remove,20
0.24,6698,1496,5202,4,43298,0.2233502538071066,0.9973333333333333,0.3649670651378385,0.4457761671491609,0.10725773195876288,knn_defense_cifar_1xs_1500_remove_k20,remove,20
0.26,5746,1486,4260,14,44240,0.25861468847894187,0.9906666666666667,0.41015732818106543,0.48290775627515786,0.08783505154639175,knn_defense_cifar_1xs_1500_remove_k20,remove,20
0.28,5746,1486,4260,14,44240,0.25861468847894187,0.9906666666666667,0.41015732818106543,0.48290775627515786,0.08783505154639175,knn_defense_cifar_1xs_1500_remove_k20,remove,20
0.3,5746,1486,4260,14,44240,0.25861468847894187,0.9906666666666667,0.41015732818106543,0.48290775627515786,0.08783505154639175,knn_defense_cifar_1xs_1500_remove_k20,remove,20
0.32,4997,1473,3524,27,44976,0.2947768661196718,0.982,0.4534400492535016,0.5172106809255488,0.072659793814433,knn_defense_cifar_1xs_1500_remove_k20,remove,20
0.34,4997,1473,3524,27,44976,0.2947768661196718,0.982,0.4534400492535016,0.5172106809255488,0.072659793814433,knn_defense_cifar_1xs_1500_remove_k20,remove,20
0.36,4331,1459,2872,41,45628,0.33687370122373583,0.9726666666666667,0.5004287429257417,0.5539831019689512,0.059216494845360824,knn_defense_cifar_1xs_1500_remove_k20,remove,20
0.38,4331,1459,2872,41,45628,0.33687370122373583,0.9726666666666667,0.5004287429257417,0.5539831019689512,0.059216494845360824,knn_defense_cifar_1xs_1500_remove_k20,remove,20
0.4,4331,1459,2872,41,45628,0.33687370122373583,0.9726666666666667,0.5004287429257417,0.5539831019689512,0.059216494845360824,knn_defense_cifar_1xs_1500_remove_k20,remove,20
0.42,3787,1435,2352,65,46148,0.3789279112754159,0.9566666666666667,0.5428409305844525,0.5855375990000349,0.04849484536082474,knn_defense_cifar_1xs_1500_remove_k20,remove,20
0.44,3787,1435,2352,65,46148,0.3789279112754159,0.9566666666666667,0.5428409305844525,0.5855375990000349,0.04849484536082474,knn_defense_cifar_1xs_1500_remove_k20,remove,20
0.46,3367,1402,1965,98,46535,0.4163944163944164,0.9346666666666666,0.5761249229504829,0.6086382300630382,0.04051546391752577,knn_defense_cifar_1xs_1500_remove_k20,remove,20
0.48,3367,1402,1965,98,46535,0.4163944163944164,0.9346666666666666,0.5761249229504829,0.6086382300630382,0.04051546391752577,knn_defense_cifar_1xs_1500_remove_k20,remove,20
0.5,2981,1370,1611,130,46889,0.4595773230459577,0.9133333333333333,0.6114706538719036,0.6340728338165261,0.03321649484536082,knn_defense_cifar_1xs_1500_remove_k20,remove,20
0.52,2981,1370,1611,130,46889,0.4595773230459577,0.9133333333333333,0.6114706538719036,0.6340728338165261,0.03321649484536082,knn_defense_cifar_1xs_1500_remove_k20,remove,20
0.54,2981,1370,1611,130,46889,0.4595773230459577,0.9133333333333333,0.6114706538719036,0.6340728338165261,0.03321649484536082,knn_defense_cifar_1xs_1500_remove_k20,remove,20
0.56,2617,1294,1323,206,47177,0.49445930454719145,0.8626666666666667,0.6286130677677921,0.6398700123313783,0.027278350515463918,knn_defense_cifar_1xs_1500_remove_k20,remove,20
0.58,2617,1294,1323,206,47177,0.49445930454719145,0.8626666666666667,0.6286130677677921,0.6398700123313783,0.027278350515463918,knn_defense_cifar_1xs_1500_remove_k20,remove,20
0.6,2617,1294,1323,206,47177,0.49445930454719145,0.8626666666666667,0.6286130677677921,0.6398700123313783,0.027278350515463918,knn_defense_cifar_1xs_1500_remove_k20,remove,20
0.62,2293,1213,1080,287,47420,0.529001308329699,0.8086666666666666,0.639599261798049,0.6413072704663013,0.0222680412371134,knn_defense_cifar_1xs_1500_remove_k20,remove,20
0.64,2293,1213,1080,287,47420,0.529001308329699,0.8086666666666666,0.639599261798049,0.6413072704663013,0.0222680412371134,knn_defense_cifar_1xs_1500_remove_k20,remove,20
0.66,1992,1125,867,375,47633,0.5647590361445783,0.75,0.6443298969072165,0.6385567462547622,0.017876288659793814,knn_defense_cifar_1xs_1500_remove_k20,remove,20
0.68,1992,1125,867,375,47633,0.5647590361445783,0.75,0.6443298969072165,0.6385567462547622,0.017876288659793814,knn_defense_cifar_1xs_1500_remove_k20,remove,20
0.7000000000000001,1695,991,704,509,47796,0.5846607669616519,0.6606666666666666,0.6203442879499218,0.6090735800445826,0.014515463917525773,knn_defense_cifar_1xs_1500_remove_k20,remove,20
0.72,1695,991,704,509,47796,0.5846607669616519,0.6606666666666666,0.6203442879499218,0.6090735800445826,0.014515463917525773,knn_defense_cifar_1xs_1500_remove_k20,remove,20
0.74,1695,991,704,509,47796,0.5846607669616519,0.6606666666666666,0.6203442879499218,0.6090735800445826,0.014515463917525773,knn_defense_cifar_1xs_1500_remove_k20,remove,20
0.76,1418,856,562,644,47938,0.6036671368124118,0.5706666666666667,0.5867032213845099,0.5745315698094127,0.011587628865979381,knn_defense_cifar_1xs_1500_remove_k20,remove,20
0.78,1418,856,562,644,47938,0.6036671368124118,0.5706666666666667,0.5867032213845099,0.5745315698094127,0.011587628865979381,knn_defense_cifar_1xs_1500_remove_k20,remove,20
0.8,1418,856,562,644,47938,0.6036671368124118,0.5706666666666667,0.5867032213845099,0.5745315698094127,0.011587628865979381,knn_defense_cifar_1xs_1500_remove_k20,remove,20
0.8200000000000001,1121,691,430,809,48070,0.6164139161462979,0.46066666666666667,0.5272796642502862,0.5205943179288982,0.008865979381443298,knn_defense_cifar_1xs_1500_remove_k20,remove,20
0.84,1121,691,430,809,48070,0.6164139161462979,0.46066666666666667,0.5272796642502862,0.5205943179288982,0.008865979381443298,knn_defense_cifar_1xs_1500_remove_k20,remove,20
0.86,887,585,302,915,48198,0.6595264937993236,0.39,0.4901550062840385,0.49594223633786805,0.0062268041237113405,knn_defense_cifar_1xs_1500_remove_k20,remove,20
0.88,887,585,302,915,48198,0.6595264937993236,0.39,0.4901550062840385,0.49594223633786805,0.0062268041237113405,knn_defense_cifar_1xs_1500_remove_k20,remove,20
0.9,887,585,302,915,48198,0.6595264937993236,0.39,0.4901550062840385,0.49594223633786805,0.0062268041237113405,knn_defense_cifar_1xs_1500_remove_k20,remove,20
0.92,665,482,183,1018,48317,0.724812030075188,0.32133333333333336,0.44526558891454965,0.4728834242446997,0.0037731958762886597,knn_defense_cifar_1xs_1500_remove_k20,remove,20
0.9400000000000001,665,482,183,1018,48317,0.724812030075188,0.32133333333333336,0.44526558891454965,0.4728834242446997,0.0037731958762886597,knn_defense_cifar_1xs_1500_remove_k20,remove,20
0.96,396,310,86,1190,48414,0.7828282828282829,0.20666666666666667,0.3270042194092827,0.39431080301213406,0.0017731958762886599,knn_defense_cifar_1xs_1500_remove_k20,remove,20
0.98,396,310,86,1190,48414,0.7828282828282829,0.20666666666666667,0.3270042194092827,0.39431080301213406,0.0017731958762886599,knn_defense_cifar_1xs_1500_remove_k20,remove,20
1.0,0,0,0,1500,48500,,0.0,0.0,0.0,0.0,knn_defense_cifar_1xs_1500_remove_k20,remove,20
0.0,21000,1500,19500,0,29000,0.07142857142857142,1.0,0.13333333333333333,0.20666365779240312,0.4020618556701031,knn_defense_cifar_1xs_1500_remove_k50,remove,50
0.02,16031,1500,14531,0,33969,0.09356871062316761,1.0,0.17112543494381383,0.25599756487076286,0.2996082474226804,knn_defense_cifar_1xs_1500_remove_k50,remove,50
0.04,13909,1500,12409,0,36091,0.10784384211661514,1.0,0.1946914141086378,0.2832867515881681,0.2558556701030928,knn_defense_cifar_1xs_1500_remove_k50,remove,50
0.06,12562,1500,11062,0,37438,0.11940773762139786,1.0,0.2133409187882236,0.30359994298893467,0.2280824742268041,knn_defense_cifar_1xs_1500_remove_k50,remove,50
0.08,11551,1499,10052,1,38448,0.12977231408536058,0.9993333333333333,0.22971419814573596,0.3205758615982709,0.20725773195876288,knn_defense_cifar_1xs_1500_remove_k50,remove,50
0.1,10760,1498,9262,2,39238,0.13921933085501859,0.9986666666666667,0.24437194127243067,0.3352699682136637,0.19096907216494846,knn_defense_cifar_1xs_1500_remove_k50,remove,50
0.12,10067,1498,8569,2,39931,0.14880301976755736,0.9986666666666667,0.25901270856747644,0.3496753759946964,0.17668041237113402,knn_defense_cifar_1xs_1500_remove_k50,remove,50
0.14,10067,1498,8569,2,39931,0.14880301976755736,0.9986666666666667,0.25901270856747644,0.3496753759946964,0.17668041237113402,knn_defense_cifar_1xs_1500_remove_k50,remove,50
0.16,8850,1498,7352,2,41148,0.16926553672316383,0.9986666666666667,0.28946859903381644,0.3786028495332155,0.15158762886597937,knn_defense_cifar_1xs_1500_remove_k50,remove,50
0.18,8319,1498,6821,2,41679,0.1800697199182594,0.9986666666666667,0.30512272125471024,0.39301857322964256,0.14063917525773195,knn_defense_cifar_1xs_1500_remove_k50,remove,50
0.2,7796,1498,6298,2,42202,0.1921498204207286,0.9986666666666667,0.32228915662650603,0.40853482715086525,0.1298556701030928,knn_defense_cifar_1xs_1500_remove_k50,remove,50
0.22,7307,1498,5809,2,42691,0.2050088955795812,0.9986666666666667,0.34018394458953105,0.4244288009297735,0.11977319587628867,knn_defense_cifar_1xs_1500_remove_k50,remove,50
0.24,6874,1498,5376,2,43124,0.21792260692464357,0.9986666666666667,0.3577740625746358,0.43981264202570153,0.11084536082474226,knn_defense_cifar_1xs_1500_remove_k50,remove,50
0.26,6446,1498,4948,2,43552,0.23239218119764196,0.9986666666666667,0.3770450541152781,0.4564343949456523,0.10202061855670103,knn_defense_cifar_1xs_1500_remove_k50,remove,50
0.28,6446,1498,4948,2,43552,0.23239218119764196,0.9986666666666667,0.3770450541152781,0.4564343949456523,0.10202061855670103,knn_defense_cifar_1xs_1500_remove_k50,remove,50
0.3,5677,1497,4180,3,44320,0.2636956138805707,0.998,0.41716594677441826,0.4902853766316858,0.08618556701030927,knn_defense_cifar_1xs_1500_remove_k50,remove,50
0.32,5356,1495,3861,5,44639,0.279126213592233,0.9966666666666667,0.43611435239206536,0.5058382511167179,0.07960824742268041,knn_defense_cifar_1xs_1500_remove_k50,remove,50
0.34,5356,1495,3861,5,44639,0.279126213592233,0.9966666666666667,0.43611435239206536,0.5058382511167179,0.07960824742268041,knn_defense_cifar_1xs_1500_remove_k50,remove,50
0.36,4728,1484,3244,16,45256,0.31387478849407785,0.9893333333333333,0.4765574823378292,0.5377794747479249,0.06688659793814433,knn_defense_cifar_1xs_1500_remove_k50,remove,50
0.38,4451,1481,2970,19,45530,0.33273421702988093,0.9873333333333333,0.49773147370189885,0.554759042428345,0.06123711340206186,knn_defense_cifar_1xs_1500_remove_k50,remove,50
0.4,4189,1474,2715,26,45785,0.3518739555979947,0.9826666666666667,0.5181930040428898,0.5705709245604236,0.05597938144329897,knn_defense_cifar_1xs_1500_remove_k50,remove,50
0.42,3980,1463,2517,37,45983,0.36758793969849246,0.9753333333333334,0.5339416058394161,0.5819808004028211,0.05189690721649484,knn_defense_cifar_1xs_1500_remove_k50,remove,50
0.44,3759,1452,2307,48,46193,0.3862729449321628,0.968,0.5521962350256703,0.595468651930567,0.04756701030927835,knn_defense_cifar_1xs_1500_remove_k50,remove,50
0.46,3584,1444,2140,56,46360,0.4029017857142857,0.9626666666666667,0.5680566483084186,0.6074326240582479,0.044123711340206186,knn_defense_cifar_1xs_1500_remove_k50,remove,50
0.48,3417,1436,1981,64,46519,0.4202516827626573,0.9573333333333334,0.5840959934919666,0.619593784186116,0.040845360824742265,knn_defense_cifar_1xs_1500_remove_k50,remove,50
0.5,3232,1420,1812,80,46688,0.43935643564356436,0.9466666666666667,0.6001690617075233,0.6308359066457988,0.03736082474226804,knn_defense_cifar_1xs_1500_remove_k50,remove,50
0.52,3094,1409,1685,91,46815,0.45539754363283774,0.9393333333333334,0.6134087940792338,0.6404635797190348,0.03474226804123711,knn_defense_cifar_1xs_1500_remove_k50,remove,50
0.54,2950,1398,1552,102,46948,0.4738983050847458,0.932,0.628314606741573,0.6515806617311876,0.032,knn_defense_cifar_1xs_1500_remove_k50,remove,50
0.56,2950,1398,1552,102,46948,0.4738983050847458,0.932,0.628314606741573,0.6515806617311876,0.032,knn_defense_cifar_1xs_1500_remove_k50,remove,50
0.58,2690,1361,1329,139,47171,0.5059479553903345,0.9073333333333333,0.6496420047732697,0.6652925144046816,0.027402061855670103,knn_defense_cifar_1xs_1500_remove_k50,remove,50
0.6,2551,1325,1226,175,47274,0.5194041552332419,0.8833333333333333,0.6541594667983214,0.6652162584125072,0.025278350515463916,knn_defense_cifar_1xs_1500_remove_k50,remove,50
0.62,2551,1325,1226,175,47274,0.5194041552332419,0.8833333333333333,0.6541594667983214,0.6652162584125072,0.025278350515463916,knn_defense_cifar_1xs_1500_remove_k50,remove,50
0.64,2290,1247,1043,253,47457,0.5445414847161572,0.8313333333333334,0.658047493403694,0.6608257137929245,0.021505154639175256,knn_defense_cifar_1xs_1500_remove_k50,remove,50
0.66,2161,1201,960,299,47540,0.5557612216566404,0.8006666666666666,0.6561048893744879,0.6550559464435797,0.01979381443298969,knn_defense_cifar_1xs_1500_remove_k50,remove,50
0.68,2161,1201,960,299,47540,0.5557612216566404,0.8006666666666666,0.6561048893744879,0.6550559464435797,0.01979381443298969,knn_defense_cifar_1xs_1500_remove_k50,remove,50
0.7000000000000001,1892,1090,802,410,47698,0.5761099365750528,0.7266666666666667,0.6426886792452831,0.6348710138781237,0.016536082474226804,knn_defense_cifar_1xs_1500_remove_k50,remove,50
0.72,1734,1022,712,478,47788,0.5893886966551326,0.6813333333333333,0.6320346320346321,0.6215428635262512,0.014680412371134021,knn_defense_cifar_1xs_1500_remove_k50,remove,50
0.74,1734,1022,712,478,47788,0.5893886966551326,0.6813333333333333,0.6320346320346321,0.6215428635262512,0.014680412371134021,knn_defense_cifar_1xs_1500_remove_k50,remove,50
0.76,1441,870,571,630,47929,0.6037473976405274,0.58,0.5916354981298878,0.5793904831482298,0.01177319587628866,knn_defense_cifar_1xs_1500_remove_k50,remove,50
0.78,1316,799,517,701,47983,0.6071428571428571,0.5326666666666666,0.5674715909090909,0.5562520805275125,0.01065979381443299,knn_defense_cifar_1xs_1500_remove_k50,remove,50
0.8,1183,717,466,783,48034,0.6060862214708369,0.478,0.5344763324636601,0.5257119178573265,0.009608247422680412,knn_defense_cifar_1xs_1500_remove_k50,remove,50
0.8200000000000001,1051,650,401,850,48099,0.6184586108468125,0.43333333333333335,0.5096040768326147,0.5054740605918471,0.008268041237113402,knn_defense_cifar_1xs_1500_remove_k50,remove,50
0.84,946,601,345,899,48155,0.635306553911205,0.40066666666666667,0.49141455437448894,0.49276203099417903,0.00711340206185567,knn_defense_cifar_1xs_1500_remove_k50,remove,50
0.86,846,550,296,950,48204,0.6501182033096927,0.36666666666666664,0.46888320545609546,0.4769070411831689,0.006103092783505155,knn_defense_cifar_1xs_1500_remove_k50,remove,50
0.88,746,510,236,990,48264,0.6836461126005362,0.34,0.4541406945681211,0.47156856693836813,0.004865979381443299,knn_defense_cifar_1xs_1500_remove_k50,remove,50
0.9,668,478,190,1022,48310,0.7155688622754491,0.31866666666666665,0.44095940959409596,0.46765809857480733,0.003917525773195876,knn_defense_cifar_1xs_1500_remove_k50,remove,50
0.92,575,440,135,1060,48365,0.7652173913043478,0.29333333333333333,0.42409638554216866,0.464868223334013,0.002783505154639175,knn_defense_cifar_1xs_1500_remove_k50,remove,50
0.9400000000000001,484,390,94,1110,48406,0.8057851239669421,0.26,0.39314516129032256,0.4496192084866109,0.0019381443298969073,knn_defense_cifar_1xs_1500_remove_k50,remove,50
0.96,371,324,47,1176,48453,0.8733153638814016,0.216,0.3463388562266168,0.42742774615258133,0.0009690721649484536,knn_defense_cifar_1xs_1500_remove_k50,remove,50
0.98,212,194,18,1306,48482,0.9150943396226415,0.12933333333333333,0.2266355140186916,0.33857014449920814,0.0003711340206185567,knn_defense_cifar_1xs_1500_remove_k50,remove,50
1.0,0,0,0,1500,48500,,0.0,0.0,0.0,0.0,knn_defense_cifar_1xs_1500_remove_k50,remove,50
0.0,26508,1500,25008,0,23492,0.05658669081032141,1.0,0.10711225364181662,0.1655565148167522,0.5156288659793814,knn_defense_cifar_1xs_1500_remove_k100,remove,100
0.02,18313,1500,16813,0,31687,0.0819090263747065,1.0,0.15141573714228032,0.23133192641766892,0.346659793814433,knn_defense_cifar_1xs_1500_remove_k100,remove,100
0.04,15691,1500,14191,0,34309,0.09559620164425467,1.0,0.17450991798033855,0.2600479766287678,0.2925979381443299,knn_defense_cifar_1xs_1500_remove_k100,remove,100
0.06,14140,1500,12640,0,35860,0.10608203677510608,1.0,0.1918158567774936,0.2800626527384047,0.2606185567010309,knn_defense_cifar_1xs_1500_remove_k100,remove,100
0.08,13033,1500,11533,0,36967,0.11509245760761144,1.0,0.20642675290717677,0.29618268534914455,0.2377938144329897,knn_defense_cifar_1xs_1500_remove_k100,remove,100
0.1,12106,1500,10606,0,37894,0.12390550140426235,1.0,0.2204909598706453,0.3111427249063139,0.21868041237113403,knn_defense_cifar_1xs_1500_remove_k100,remove,100
0.12,11303,1499,9804,1,38696,0.13261965849774396,0.9993333333333333,0.23416386784347418,0.32511895145912295,0.20214432989690723,knn_defense_cifar_1xs_1500_remove_k100,remove,100
0.14,10932,1499,9433,1,39067,0.1371203805342115,0.9993333333333333,0.24115186615186615,0.3321733866141198,0.19449484536082473,knn_defense_cifar_1xs_1500_remove_k100,remove,100
0.16,9918,1499,8419,1,40081,0.15113934260939704,0.9993333333333333,0.26256787528463826,0.35324504458804173,0.1735876288659794,knn_defense_cifar_1xs_1500_remove_k100,remove,100
0.18,9324,1499,7825,1,40675,0.16076791076791078,0.9993333333333333,0.2769770879526977,0.36701744185977314,0.16134020618556702,knn_defense_cifar_1xs_1500_remove_k100,remove,100
0.2,8768,1498,7270,2,41230,0.1708485401459854,0.9986666666666667,0.2917802882742501,0.38074913510558805,0.14989690721649485,knn_defense_cifar_1xs_1500_remove_k100,remove,100
0.22,8243,1498,6745,2,41755,0.18172995268712847,0.9986666666666667,0.307502822539259,0.39518716685972,0.13907216494845362,knn_defense_cifar_1xs_1500_remove_k100,remove,100
0.24,7709,1498,6211,2,42289,0.19431832922558048,0.9986666666666667,0.3253339124769247,0.41125819162728405,0.1280618556701031,knn_defense_cifar_1xs_1500_remove_k100,remove,100
0.26,7182,1498,5684,2,42816,0.20857699805068225,0.9986666666666667,0.34508177839207554,0.4287346013774331,0.1171958762886598,knn_defense_cifar_1xs_1500_remove_k100,remove,100
0.28,6944,1498,5446,2,43054,0.2157258064516129,0.9986666666666667,0.3548081477972525,0.4372338471465498,0.11228865979381443,knn_defense_cifar_1xs_1500_remove_k100,remove,100
0.3,6282,1498,4784,2,43716,0.2384590894619548,0.9986666666666667,0.3849910048830635,0.46322625342504153,0.09863917525773196,knn_defense_cifar_1xs_1500_remove_k100,remove,100
0.32,5859,1498,4361,2,44139,0.25567502986857826,0.9986666666666667,0.4071205326810708,0.4819785149863776,0.08991752577319588,knn_defense_cifar_1xs_1500_remove_k100,remove,100
0.34,5661,1498,4163,2,44337,0.2646175587352058,0.9986666666666667,0.41837732160312807,0.4914367695022542,0.08583505154639175,knn_defense_cifar_1xs_1500_remove_k100,remove,100
0.36,5108,1498,3610,2,44890,0.293265465935787,0.9986666666666667,0.4533898305084746,0.5205810638483573,0.07443298969072165,knn_defense_cifar_1xs_1500_remove_k100,remove,100
0.38,4814,1498,3316,2,45184,0.31117573743248855,0.9986666666666667,0.4745011086474501,0.5380002064390192,0.06837113402061856,knn_defense_cifar_1xs_1500_remove_k100,remove,100
0.4,4544,1497,3047,3,45453,0.32944542253521125,0.998,0.49536730641958965,0.5550022417396139,0.06282474226804123,knn_defense_cifar_1xs_1500_remove_k100,remove,100
0.42,4314,1488,2826,12,45674,0.34492350486787204,0.992,0.5118679050567595,0.5672925554174589,0.058268041237113405,knn_defense_cifar_1xs_1500_remove_k100,remove,100
0.44,4079,1485,2594,15,45906,0.36405981858298603,0.99,0.532353468363506,0.583645216760991,0.05348453608247423,knn_defense_cifar_1xs_1500_remove_k100,remove,100
0.46,3873,1473,2400,27,46100,0.3803253292021689,0.982,0.5482970407593524,0.5950742909568333,0.049484536082474224,knn_defense_cifar_1xs_1500_remove_k100,remove,100
0.48,3690,1466,2224,34,46276,0.397289972899729,0.9773333333333334,0.5649325626204239,0.6077687560351391,0.045855670103092785,knn_defense_cifar_1xs_1500_remove_k100,remove,100
0.5,3527,1454,2073,46,46427,0.41224836971930817,0.9693333333333334,0.5784762283668192,0.6173074564574524,0.04274226804123711,knn_defense_cifar_1xs_1500_remove_k100,remove,100
0.52,3348,1438,1910,62,46590,0.4295101553166069,0.9586666666666667,0.5932343234323433,0.6273919181957066,0.039381443298969074,knn_defense_cifar_1xs_1500_remove_k100,remove,100
0.54,3165,1425,1740,75,46760,0.45023696682464454,0.95,0.6109324758842444,0.6403970955654329,0.035876288659793816,knn_defense_cifar_1xs_1500_remove_k100,remove,100
0.56,3092,1417,1675,83,46825,0.45827943078913325,0.9446666666666667,0.6171602787456446,0.644580268007236,0.034536082474226806,knn_defense_cifar_1xs_1500_remove_k100,remove,100
0.58,2865,1394,1471,106,47029,0.48656195462478186,0.9293333333333333,0.6387170675830469,0.6598478132728186,0.030329896907216495,knn_defense_cifar_1xs_1500_remove_k100,remove,100
0.6,2734,1372,1362,128,47138,0.5018288222384785,0.9146666666666666,0.6480869154463864,0.6652161770712494,0.028082474226804124,knn_defense_cifar_1xs_1500_remove_k100,remove,100
0.62,2663,1357,1306,143,47194,0.5095756665414946,0.9046666666666666,0.6519337016574586,0.6668004163906823,0.026927835051546393,knn_defense_cifar_1xs_1500_remove_k100,remove,100
0.64,2445,1310,1135,190,47365,0.5357873210633947,0.8733333333333333,0.6641318124207858,0.6722994912374146,0.023402061855670103,knn_defense_cifar_1xs_1500_remove_k100,remove,100
0.66,2313,1274,1039,226,47461,0.5507998270644185,0.8493333333333334,0.6682402307894046,0.6723759213153676,0.021422680412371133,knn_defense_cifar_1xs_1500_remove_k100,remove,100
0.68,2232,1236,996,264,47504,0.553763440860215,0.824,0.662379421221865,0.6636930235773357,0.020536082474226804,knn_defense_cifar_1xs_1500_remove_k100,remove,100
0.7000000000000001,2040,1153,887,347,47613,0.5651960784313725,0.7686666666666667,0.651412429378531,0.6470560832527383,0.018288659793814433,knn_defense_cifar_1xs_1500_remove_k100,remove,100
0.72,1874,1081,793,419,47707,0.5768409818569904,0.7206666666666667,0.6407824540604624,0.6325712794766103,0.016350515463917525,knn_defense_cifar_1xs_1500_remove_k100,remove,100
0.74,1787,1038,749,462,47751,0.5808617795187465,0.692,0.631578947368421,0.6216935255964612,0.015443298969072166,knn_defense_cifar_1xs_1500_remove_k100,remove,100
0.76,1523,902,621,598,47879,0.5922521339461589,0.6013333333333334,0.5967581872312273,0.584206926478213,0.012804123711340206,knn_defense_cifar_1xs_1500_remove_k100,remove,100
0.78,1367,815,552,685,47948,0.5961960497439649,0.5433333333333333,0.5685385420299965,0.5564665553615268,0.011381443298969071,knn_defense_cifar_1xs_1500_remove_k100,remove,100
0.8,1213,730,483,770,48017,0.6018136850783182,0.4866666666666667,0.5381496498341319,0.5285503859141126,0.009958762886597939,knn_defense_cifar_1xs_1500_remove_k100,remove,100
0.8200000000000001,1070,657,413,843,48087,0.6140186915887851,0.438,0.511284046692607,0.5062727281124614,0.008515463917525773,knn_defense_cifar_1xs_1500_remove_k100,remove,100
0.84,944,589,355,911,48145,0.6239406779661016,0.39266666666666666,0.48199672667757776,0.4829881843311389,0.007319587628865979,knn_defense_cifar_1xs_1500_remove_k100,remove,100
0.86,845,538,307,962,48193,0.6366863905325444,0.3586666666666667,0.45884861407249466,0.46629661472427947,0.006329896907216494,knn_defense_cifar_1xs_1500_remove_k100,remove,100
0.88,754,503,251,997,48249,0.6671087533156499,0.3353333333333333,0.44631765749778174,0.462133306760291,0.005175257731958763,knn_defense_cifar_1xs_1500_remove_k100,remove,100
0.9,657,465,192,1035,48308,0.7077625570776256,0.31,0.43115438108484005,0.4584595118067612,0.0039587628865979385,knn_defense_cifar_1xs_1500_remove_k100,remove,100
0.92,571,438,133,1062,48367,0.7670753064798599,0.292,0.42298406566875907,0.4644003187633109,0.0027422680412371135,knn_defense_cifar_1xs_1500_remove_k100,remove,100
0.9400000000000001,495,403,92,1097,48408,0.8141414141414142,0.26866666666666666,0.40401002506265665,0.45964862374733545,0.0018969072164948455,knn_defense_cifar_1xs_1500_remove_k100,remove,100
0.96,400,349,51,1151,48449,0.8725,0.23266666666666666,0.36736842105263157,0.44351935036114637,0.0010515463917525774,knn_defense_cifar_1xs_1500_remove_k100,remove,100
0.98,246,227,19,1273,48481,0.9227642276422764,0.15133333333333332,0.2600229095074456,0.36799662719851656,0.00039175257731958763,knn_defense_cifar_1xs_1500_remove_k100,remove,100
1.0,0,0,0,1500,48500,,0.0,0.0,0.0,0.0,knn_defense_cifar_1xs_1500_remove_k100,remove,100
0.0,33311,1500,31811,0,16689,0.04503017021404341,1.0,0.08617965585590762,0.12447899758280515,0.6558969072164949,knn_defense_cifar_1xs_1500_remove_k200,remove,200
0.02,20848,1500,19348,0,29152,0.07194934765924789,1.0,0.13424020046536603,0.20795852991443528,0.3989278350515464,knn_defense_cifar_1xs_1500_remove_k200,remove,200
0.04,17840,1500,16340,0,32160,0.08408071748878924,1.0,0.15511892450879008,0.23612140309330665,0.33690721649484534,knn_defense_cifar_1xs_1500_remove_k200,remove,200
0.06,16019,1500,14519,0,33981,0.09363880392034458,1.0,0.17124265083623494,0.2561386623508265,0.29936082474226805,knn_defense_cifar_1xs_1500_remove_k200,remove,200
0.08,14729,1500,13229,0,35271,0.10183990766515039,1.0,0.1848542732146158,0.2721429045180794,0.2727628865979381,knn_defense_cifar_1xs_1500_remove_k200,remove,200
0.1,13688,1500,12188,0,36312,0.10958503798947984,1.0,0.19752436133789833,0.2864374816901404,0.2512989690721649,knn_defense_cifar_1xs_1500_remove_k200,remove,200
0.12,12731,1500,11231,0,37269,0.11782263765611499,1.0,0.2108073923125571,0.3008966628384819,0.23156701030927834,knn_defense_cifar_1xs_1500_remove_k200,remove,200
0.14,12121,1500,10621,0,37879,0.1237521656628991,1.0,0.2202481462447691,0.31088859287250553,0.21898969072164948,knn_defense_cifar_1xs_1500_remove_k200,remove,200
0.16,11202,1500,9702,0,38798,0.1339046598821639,1.0,0.23618327822390175,0.32728917804303653,0.20004123711340205,knn_defense_cifar_1xs_1500_remove_k200,remove,200
0.18,10480,1499,8981,1,39519,0.14303435114503818,0.9993333333333333,0.25025041736227044,0.3412212931621574,0.18517525773195875,knn_defense_cifar_1xs_1500_remove_k200,remove,200
0.2,9869,1499,8370,1,40130,0.151889755800993,0.9993333333333333,0.26369953382003697,0.35433764632646536,0.17257731958762887,knn_defense_cifar_1xs_1500_remove_k200,remove,200
0.22,9277,1499,7778,1,40722,0.16158240810606878,0.9993333333333333,0.27818502366150133,0.36815883908347014,0.16037113402061856,knn_defense_cifar_1xs_1500_remove_k200,remove,200
0.24,8677,1498,7179,2,41321,0.1726403134723983,0.9986666666666667,0.29438930922668766,0.3831639724901918,0.14802061855670104,knn_defense_cifar_1xs_1500_remove_k200,remove,200
0.26,8127,1498,6629,2,41871,0.1843238587424634,0.9986666666666667,0.31120806066271944,0.3985517044444477,0.136680412371134,knn_defense_cifar_1xs_1500_remove_k200,remove,200
0.28,7713,1498,6215,2,42285,0.19421755477764813,0.9986666666666667,0.32519266254206014,0.41113203174264507,0.12814432989690722,knn_defense_cifar_1xs_1500_remove_k200,remove,200
0.3,7053,1498,5555,2,42945,0.21239188997589678,0.9986666666666667,0.35028644919911145,0.4332908868890876,0.11453608247422681,knn_defense_cifar_1xs_1500_remove_k200,remove,200
0.32,6569,1498,5071,2,43429,0.2280407976861014,0.9986666666666667,0.37129755855744206,0.4515001394997693,0.10455670103092783,knn_defense_cifar_1xs_1500_remove_k200,remove,200
0.34,6230,1498,4732,2,43768,0.24044943820224718,0.9986666666666667,0.38758085381630014,0.4654328435239218,0.09756701030927835,knn_defense_cifar_1xs_1500_remove_k200,remove,200
0.36,5713,1498,4215,2,44285,0.2622089970243305,0.9986666666666667,0.41536115347289615,0.48890730810571753,0.08690721649484535,knn_defense_cifar_1xs_1500_remove_k200,remove,200
0.38,5339,1498,3841,2,44659,0.2805768870575014,0.9986666666666667,0.43807574206755373,0.5078789979383862,0.07919587628865979,knn_defense_cifar_1xs_1500_remove_k200,remove,200
0.4,4998,1498,3500,2,45000,0.29971988795518206,0.9986666666666667,0.4610649430594029,0.5269248667020795,0.07216494845360824,knn_defense_cifar_1xs_1500_remove_k200,remove,200
0.42,4714,1498,3216,2,45284,0.31777683495969455,0.9986666666666667,0.4821371097521725,0.544279710721601,0.06630927835051546,knn_defense_cifar_1xs_1500_remove_k200,remove,200
0.44,4470,1498,2972,2,45528,0.3351230425055928,0.9986666666666667,0.5018425460636516,0.5604455796821409,0.06127835051546392,knn_defense_cifar_1xs_1500_remove_k200,remove,200
0.46,4255,1497,2758,3,45742,0.3518213866039953,0.998,0.5202432667245873,0.5753688865958422,0.0568659793814433,knn_defense_cifar_1xs_1500_remove_k200,remove,200
0.48,4030,1496,2534,4,45966,0.37121588089330027,0.9973333333333333,0.5410488245931284,0.5922403767287437,0.052247422680412374,knn_defense_cifar_1xs_1500_remove_k200,remove,200
0.5,3827,1491,2336,9,46164,0.3896002090410243,0.994,0.5597897503285151,0.6068881053997521,0.04816494845360825,knn_defense_cifar_1xs_1500_remove_k200,remove,200
0.52,3662,1480,2182,20,46318,0.4041507373020208,0.9866666666666667,0.5734211545912437,0.6165817105579429,0.04498969072164948,knn_defense_cifar_1xs_1500_remove_k200,remove,200
0.54,3477,1462,2015,38,46485,0.4204774230658614,0.9746666666666667,0.5875025115531445,0.6257745885644901,0.04154639175257732,knn_defense_cifar_1xs_1500_remove_k200,remove,200
0.56,3333,1444,1889,56,46611,0.43324332433243323,0.9626666666666667,0.5975584523070556,0.6317327721700865,0.038948453608247426,knn_defense_cifar_1xs_1500_remove_k200,remove,200
0.58,3120,1425,1695,75,46805,0.4567307692307692,0.95,0.6168831168831169,0.6453435289419305,0.03494845360824742,knn_defense_cifar_1xs_1500_remove_k200,remove,200
0.6,2958,1407,1551,93,46949,0.47565922920892495,0.938,0.6312247644683715,0.6551075526061871,0.03197938144329897,knn_defense_cifar_1xs_1500_remove_k200,remove,200
0.62,2853,1381,1472,119,47028,0.4840518752190677,0.9206666666666666,0.6345049391224443,0.6547610451201191,0.030350515463917527,knn_defense_cifar_1xs_1500_remove_k200,remove,200
0.64,2652,1350,1302,150,47198,0.5090497737556561,0.9,0.6502890173410405,0.6646149180565037,0.02684536082474227,knn_defense_cifar_1xs_1500_remove_k200,remove,200
0.66,2508,1322,1186,178,47314,0.5271132376395534,0.8813333333333333,0.6596806387225549,0.6696723536452619,0.02445360824742268,knn_defense_cifar_1xs_1500_remove_k200,remove,200
0.68,2389,1292,1097,208,47403,0.540812055253244,0.8613333333333333,0.6644381589097454,0.6707629512281232,0.02261855670103093,knn_defense_cifar_1xs_1500_remove_k200,remove,200
0.7000000000000001,2182,1223,959,277,47541,0.5604949587534372,0.8153333333333334,0.6643128734383488,0.6643033399753132,0.01977319587628866,knn_defense_cifar_1xs_1500_remove_k200,remove,200
0.72,1994,1139,855,361,47645,0.5712136409227683,0.7593333333333333,0.6519748139668002,0.6466020188622107,0.017628865979381445,knn_defense_cifar_1xs_1500_remove_k200,remove,200
0.74,1842,1059,783,441,47717,0.5749185667752443,0.706,0.6337522441651705,0.6247348065099333,0.016144329896907218,knn_defense_cifar_1xs_1500_remove_k200,remove,200
0.76,1600,931,669,569,47831,0.581875,0.6206666666666667,0.6006451612903225,0.5882088262438239,0.01379381443298969,knn_defense_cifar_1xs_1500_remove_k200,remove,200
0.78,1419,818,601,682,47899,0.57646229739253,0.5453333333333333,0.5604659129838986,0.5474843153555545,0.012391752577319587,knn_defense_cifar_1xs_1500_remove_k200,remove,200
0.8,1240,726,514,774,47986,0.5854838709677419,0.484,0.5299270072992701,0.519282817971775,0.010597938144329896,knn_defense_cifar_1xs_1500_remove_k200,remove,200
0.8200000000000001,1077,644,433,856,48067,0.5979572887650882,0.42933333333333334,0.49980597594101667,0.49399265802109843,0.008927835051546392,knn_defense_cifar_1xs_1500_remove_k200,remove,200
0.84,942,589,353,911,48147,0.6252653927813163,0.39266666666666666,0.4823914823914824,0.48354252274480813,0.0072783505154639175,knn_defense_cifar_1xs_1500_remove_k200,remove,200
0.86,822,529,293,971,48207,0.6435523114355232,0.3526666666666667,0.45564168819982775,0.4650028123609749,0.006041237113402062,knn_defense_cifar_1xs_1500_remove_k200,remove,200
0.88,726,483,243,1017,48257,0.6652892561983471,0.322,0.4339622641509434,0.452047859369191,0.0050103092783505155,knn_defense_cifar_1xs_1500_remove_k200,remove,200
0.9,637,459,178,1041,48322,0.7205651491365777,0.306,0.42957416939635,0.4598615573537205,0.0036701030927835054,knn_defense_cifar_1xs_1500_remove_k200,remove,200
0.92,572,440,132,1060,48368,0.7692307692307693,0.29333333333333333,0.4247104247104247,0.4661707673240279,0.0027216494845360823,knn_defense_cifar_1xs_1500_remove_k200,remove,200
0.9400000000000001,506,418,88,1082,48412,0.8260869565217391,0.2786666666666667,0.4167497507477567,0.47185981730647153,0.0018144329896907217,knn_defense_cifar_1xs_1500_remove_k200,remove,200
0.96,407,355,52,1145,48448,0.8722358722358723,0.23666666666666666,0.37231253277399057,0.44727461918856176,0.0010721649484536082,knn_defense_cifar_1xs_1500_remove_k200,remove,200
0.98,263,244,19,1256,48481,0.9277566539923955,0.16266666666666665,0.27680090754395914,0.3826927364378673,0.00039175257731958763,knn_defense_cifar_1xs_1500_remove_k200,remove,200
1.0,0,0,0,1500,48500,,0.0,0.0,0.0,0.0,knn_defense_cifar_1xs_1500_remove_k200,remove,200
0.0,42973,1500,41473,0,7027,0.03490563842412678,1.0,0.06745665909653048,0.07111511231890658,0.8551134020618557,knn_defense_cifar_1xs_1500_remove_k500,remove,500
0.02,26190,1500,24690,0,23810,0.0572737686139748,1.0,0.10834236186348863,0.16768210170111136,0.5090721649484536,knn_defense_cifar_1xs_1500_remove_k500,remove,500
0.04,22147,1500,20647,0,27853,0.06772926355714093,1.0,0.12686598722882395,0.19722106377629267,0.42571134020618556,knn_defense_cifar_1xs_1500_remove_k500,remove,500
0.06,19842,1500,18342,0,30158,0.07559721802237677,1.0,0.1405678942929435,0.2168119951944132,0.37818556701030925,knn_defense_cifar_1xs_1500_remove_k500,remove,500
0.08,18132,1500,16632,0,31868,0.0827266710787558,1.0,0.1528117359413203,0.23314671960955552,0.3429278350515464,knn_defense_cifar_1xs_1500_remove_k500,remove,500
0.1,16797,1500,15297,0,33203,0.0893016610108948,1.0,0.16396130513198884,0.24725641144553256,0.3154020618556701,knn_defense_cifar_1xs_1500_remove_k500,remove,500
0.12,15690,1500,14190,0,34310,0.09560229445506692,1.0,0.17452006980802792,0.2600600534433849,0.2925773195876289,knn_defense_cifar_1xs_1500_remove_k500,remove,500
0.14,14677,1500,13177,0,35323,0.10220072221843701,1.0,0.18544847623168698,0.27282546480453645,0.27169072164948455,knn_defense_cifar_1xs_1500_remove_k500,remove,500
0.16,13760,1500,12260,0,36240,0.10901162790697674,1.0,0.1965923984272608,0.28540372545227555,0.25278350515463915,knn_defense_cifar_1xs_1500_remove_k500,remove,500
0.18,12928,1500,11428,0,37072,0.11602722772277228,1.0,0.20792902689215415,0.2978050765714446,0.23562886597938143,knn_defense_cifar_1xs_1500_remove_k500,remove,500
0.2,12152,1500,10652,0,37848,0.12343647136273865,1.0,0.2197480222677996,0.31036471954274053,0.21962886597938144,knn_defense_cifar_1xs_1500_remove_k500,remove,500
0.22,11419,1499,9920,1,38580,0.13127244066906033,0.9993333333333333,0.2320613050545708,0.32297735867196414,0.2045360824742268,knn_defense_cifar_1xs_1500_remove_k500,remove,500
0.24,10639,1499,9140,1,39360,0.14089670081774602,0.9993333333333333,0.24697256775681686,0.3379788113609726,0.1884536082474227,knn_defense_cifar_1xs_1500_remove_k500,remove,500
0.26,9894,1499,8395,1,40105,0.15150596321002627,0.9993333333333333,0.2631209408460593,0.3537792658211009,0.17309278350515464,knn_defense_cifar_1xs_1500_remove_k500,remove,500
0.28,9189,1499,7690,1,40810,0.16312982914354118,0.9993333333333333,0.2804752549349799,0.37031762942014795,0.15855670103092784,knn_defense_cifar_1xs_1500_remove_k500,remove,500
0.3,8526,1499,7027,1,41473,0.17581515364766595,0.9993333333333333,0.2990225413923798,0.3875617139011832,0.14488659793814432,knn_defense_cifar_1xs_1500_remove_k500,remove,500
0.32,7885,1499,6386,1,42114,0.19010779961953075,0.9993333333333333,0.3194459243473628,0.40611444849248396,0.1316701030927835,knn_defense_cifar_1xs_1500_remove_k500,remove,500
0.34,7278,1498,5780,2,42720,0.20582577631217366,0.9986666666666667,0.3413078149920255,0.4254184166676473,0.11917525773195876,knn_defense_cifar_1xs_1500_remove_k500,remove,500
0.36,6719,1498,5221,2,43279,0.22294984372674506,0.9986666666666667,0.3645212312933447,0.4456579045847611,0.10764948453608247,knn_defense_cifar_1xs_1500_remove_k500,remove,500
0.38,6282,1498,4784,2,43716,0.2384590894619548,0.9986666666666667,0.3849910048830635,0.46322625342504153,0.09863917525773196,knn_defense_cifar_1xs_1500_remove_k500,remove,500
0.4,5880,1498,4382,2,44118,0.25476190476190474,0.9986666666666667,0.4059620596205962,0.48100226403162555,0.09035051546391752,knn_defense_cifar_1xs_1500_remove_k500,remove,500
0.42,5545,1498,4047,2,44453,0.27015329125338144,0.9986666666666667,0.4252661462029808,0.49720159869321584,0.08344329896907217,knn_defense_cifar_1xs_1500_remove_k500,remove,500
0.44,5240,1498,3742,2,44758,0.28587786259541986,0.9986666666666667,0.44451038575667656,0.5132238430562289,0.07715463917525774,knn_defense_cifar_1xs_1500_remove_k500,remove,500
0.46,4942,1498,3444,2,45056,0.3031161473087819,0.9986666666666667,0.46507295870847565,0.5302324442902595,0.07101030927835052,knn_defense_cifar_1xs_1500_remove_k500,remove,500
0.48,4676,1498,3178,2,45322,0.3203592814371258,0.9986666666666667,0.4851036269430052,0.5467167179205329,0.06552577319587628,knn_defense_cifar_1xs_1500_remove_k500,remove,500
0.5,4425,1498,2927,2,45573,0.33853107344632766,0.9986666666666667,0.5056540084388186,0.5635672072668348,0.06035051546391752,knn_defense_cifar_1xs_1500_remove_k500,remove,500
0.52,4213,1498,2715,2,45785,0.3555661049133634,0.9986666666666667,0.524417994048661,0.5789183613315235,0.05597938144329897,knn_defense_cifar_1xs_1500_remove_k500,remove,500
0.54,4024,1498,2526,2,45974,0.37226640159045726,0.9986666666666667,0.5423606082548877,0.5935826090812671,0.05208247422680412,knn_defense_cifar_1xs_1500_remove_k500,remove,500
0.56,3833,1497,2336,3,46164,0.39055570049569527,0.998,0.5614100881305082,0.6090170541326378,0.04816494845360825,knn_defense_cifar_1xs_1500_remove_k500,remove,500
0.58,3648,1497,2151,3,46349,0.41036184210526316,0.998,0.5815850815850816,0.6255234903459195,0.04435051546391752,knn_defense_cifar_1xs_1500_remove_k500,remove,500
0.6,3465,1494,1971,6,46529,0.43116883116883115,0.996,0.6018126888217523,0.6417153812244147,0.04063917525773196,knn_defense_cifar_1xs_1500_remove_k500,remove,500
0.62,3277,1476,1801,24,46699,0.45041196216051266,0.984,0.6179610634289303,0.652681692060389,0.0371340206185567,knn_defense_cifar_1xs_1500_remove_k500,remove,500
0.64,3097,1451,1646,49,46854,0.4685179205682919,0.9673333333333334,0.631281270393735,0.6605582838718618,0.033938144329896905,knn_defense_cifar_1xs_1500_remove_k500,remove,500
0.66,2908,1409,1499,91,47001,0.484525447042641,0.9393333333333334,0.6392921960072595,0.6621179192123533,0.03090721649484536,knn_defense_cifar_1xs_1500_remove_k500,remove,500
0.68,2727,1371,1356,129,47144,0.5027502750275028,0.914,0.6486870120652946,0.6656122139591464,0.02795876288659794,knn_defense_cifar_1xs_1500_remove_k500,remove,500
0.7000000000000001,2533,1323,1210,177,47290,0.5223055665219107,0.882,0.656087279940491,0.6666685296920482,0.024948453608247424,knn_defense_cifar_1xs_1500_remove_k500,remove,500
0.72,2303,1237,1066,263,47434,0.5371254884932697,0.8246666666666667,0.6505390481199054,0.6532364071780999,0.02197938144329897,knn_defense_cifar_1xs_1500_remove_k500,remove,500
0.74,2056,1130,926,370,47574,0.5496108949416343,0.7533333333333333,0.6355455568053994,0.6307774758264173,0.01909278350515464,knn_defense_cifar_1xs_1500_remove_k500,remove,500
0.76,1796,1005,791,495,47709,0.5595768374164811,0.67,0.6098300970873787,0.5992307818306752,0.016309278350515464,knn_defense_cifar_1xs_1500_remove_k500,remove,500
0.78,1524,847,677,653,47823,0.5557742782152231,0.5646666666666667,0.5601851851851852,0.5464896439952763,0.013958762886597939,knn_defense_cifar_1xs_1500_remove_k500,remove,500
0.8,1321,741,580,759,47920,0.5609386828160484,0.494,0.5253456221198156,0.5127178746940679,0.011958762886597939,knn_defense_cifar_1xs_1500_remove_k500,remove,500
0.8200000000000001,1151,654,497,846,48003,0.5682015638575152,0.436,0.4933987174651075,0.48429310271858594,0.010247422680412371,knn_defense_cifar_1xs_1500_remove_k500,remove,500
0.84,972,568,404,932,48096,0.5843621399176955,0.37866666666666665,0.459546925566343,0.45757059954438295,0.008329896907216494,knn_defense_cifar_1xs_1500_remove_k500,remove,500
0.86,831,524,307,976,48193,0.6305655836341757,0.34933333333333333,0.4495924495924496,0.45768720356150483,0.006329896907216494,knn_defense_cifar_1xs_1500_remove_k500,remove,500
0.88,708,472,236,1028,48264,0.6666666666666666,0.31466666666666665,0.427536231884058,0.4472949829565535,0.004865979381443299,knn_defense_cifar_1xs_1500_remove_k500,remove,500
0.9,622,450,172,1050,48328,0.7234726688102894,0.3,0.42412818096135724,0.4562588478757599,0.0035463917525773198,knn_defense_cifar_1xs_1500_remove_k500,remove,500
0.92,545,429,116,1071,48384,0.7871559633027523,0.286,0.419559902200489,0.46594215149849244,0.0023917525773195876,knn_defense_cifar_1xs_1500_remove_k500,remove,500
0.9400000000000001,482,411,71,1089,48429,0.8526970954356846,0.274,0.4147325933400605,0.4758120549217686,0.001463917525773196,knn_defense_cifar_1xs_1500_remove_k500,remove,500
0.96,419,384,35,1116,48465,0.9164677804295943,0.256,0.40020844189682125,0.477711648724555,0.0007216494845360825,knn_defense_cifar_1xs_1500_remove_k500,remove,500
0.98,287,272,15,1228,48485,0.9477351916376306,0.18133333333333335,0.30442081701175155,0.40876796543169813,0.0003092783505154639,knn_defense_cifar_1xs_1500_remove_k500,remove,500
1.0,0,0,0,1500,48500,,0.0,0.0,0.0,0.0,knn_defense_cifar_1xs_1500_remove_k500,remove,500
0.0,48263,1500,46763,0,1737,0.03107970909392288,1.0,0.06028575447621727,0.033363185679478845,0.9641855670103093,knn_defense_cifar_1xs_1500_remove_k1000,remove,1000
0.02,31325,1500,29825,0,18675,0.047885075818036714,1.0,0.0913937547600914,0.13578741654815205,0.6149484536082475,knn_defense_cifar_1xs_1500_remove_k1000,remove,1000
0.04,27002,1500,25502,0,22998,0.05555144063402711,1.0,0.10525577152480528,0.16230123651804285,0.5258144329896908,knn_defense_cifar_1xs_1500_remove_k1000,remove,1000
0.06,24342,1500,22842,0,25658,0.06162188809465122,1.0,0.11609008590666357,0.18055438137486737,0.47096907216494843,knn_defense_cifar_1xs_1500_remove_k1000,remove,1000
0.08,22379,1500,20879,0,27621,0.06702712364270075,1.0,0.12563340173374093,0.19537730783065727,0.4304948453608247,knn_defense_cifar_1xs_1500_remove_k1000,remove,1000
0.1,20799,1500,19299,0,29201,0.07211885186787827,1.0,0.13453518094981837,0.208378254074192,0.3979175257731959,knn_defense_cifar_1xs_1500_remove_k1000,remove,1000
0.12,19459,1500,17959,0,30541,0.07708515339945526,1.0,0.14313660002862733,0.22032111850018002,0.3702886597938144,knn_defense_cifar_1xs_1500_remove_k1000,remove,1000
0.14,18255,1500,16755,0,31745,0.08216926869350863,1.0,0.15186028853454822,0.23191108475107708,0.3454639175257732,knn_defense_cifar_1xs_1500_remove_k1000,remove,1000
0.16,17178,1500,15678,0,32822,0.08732099196646874,1.0,0.16061676839061997,0.24309217624390692,0.3232577319587629,knn_defense_cifar_1xs_1500_remove_k1000,remove,1000
0.18,16045,1500,14545,0,33955,0.09348706762231225,1.0,0.17098888572242804,0.25583311978248924,0.29989690721649487,knn_defense_cifar_1xs_1500_remove_k1000,remove,1000
0.2,15062,1500,13562,0,34938,0.09958836807860842,1.0,0.1811375437749064,0.26784433099852967,0.27962886597938147,knn_defense_cifar_1xs_1500_remove_k1000,remove,1000
0.22,14103,1500,12603,0,35897,0.10636034886194427,1.0,0.19227071716977504,0.2805744270884733,0.2598556701030928,knn_defense_cifar_1xs_1500_remove_k1000,remove,1000
0.24,13155,1500,11655,0,36845,0.11402508551881414,1.0,0.2047082906857728,0.294319213616665,0.24030927835051547,knn_defense_cifar_1xs_1500_remove_k1000,remove,1000
0.26,12269,1500,10769,0,37731,0.1222593528404923,1.0,0.2178807466046917,0.30840352606140137,0.22204123711340207,knn_defense_cifar_1xs_1500_remove_k1000,remove,1000
0.28,11347,1499,9848,1,38652,0.13210540230898035,0.9993333333333333,0.23336187436755662,0.32430313757260004,0.20305154639175257,knn_defense_cifar_1xs_1500_remove_k1000,remove,1000
0.3,10486,1499,8987,1,39513,0.14295250810604615,0.9993333333333333,0.250125146003671,0.34109771751274576,0.18529896907216495,knn_defense_cifar_1xs_1500_remove_k1000,remove,1000
0.32,9724,1499,8225,1,40275,0.1541546688605512,0.9993333333333333,0.2671062009978617,0.35761511827426284,0.1695876288659794,knn_defense_cifar_1xs_1500_remove_k1000,remove,1000
0.34,8940,1499,7441,1,41059,0.16767337807606264,0.9993333333333333,0.28716475095785443,0.376584777849083,0.15342268041237114,knn_defense_cifar_1xs_1500_remove_k1000,remove,1000
0.36,8273,1499,6774,1,41726,0.18119182884080745,0.9993333333333333,0.3067635321804973,0.39464332097322474,0.1396701030927835,knn_defense_cifar_1xs_1500_remove_k1000,remove,1000
0.38,7619,1499,6120,1,42380,0.19674497965612284,0.9993333333333333,0.3287641188726834,0.4144476289980865,0.12618556701030928,knn_defense_cifar_1xs_1500_remove_k1000,remove,1000
0.4,7103,1498,5605,2,42895,0.21089680416725326,0.9986666666666667,0.3482506102522376,0.4315109758286464,0.11556701030927835,knn_defense_cifar_1xs_1500_remove_k1000,remove,1000
0.42,6659,1498,5161,2,43339,0.22495870250788408,0.9986666666666667,0.3672018629734036,0.4479723149338569,0.10641237113402062,knn_defense_cifar_1xs_1500_remove_k1000,remove,1000
0.44,6269,1498,4771,2,43729,0.23895358111341522,0.9986666666666667,0.3856352168876303,0.46377544926137276,0.09837113402061856,knn_defense_cifar_1xs_1500_remove_k1000,remove,1000
0.46,5875,1498,4377,2,44123,0.2549787234042553,0.9986666666666667,0.40623728813559323,0.4812342510020958,0.09024742268041237,knn_defense_cifar_1xs_1500_remove_k1000,remove,1000
0.48,5518,1498,4020,2,44480,0.2714751721638275,0.9986666666666667,0.426902251353662,0.4985683268242393,0.08288659793814433,knn_defense_cifar_1xs_1500_remove_k1000,remove,1000
0.5,5176,1498,3678,2,44822,0.2894126738794436,0.9986666666666667,0.4487717195925704,0.5167571862015448,0.07583505154639175,knn_defense_cifar_1xs_1500_remove_k1000,remove,1000
0.52,4869,1498,3371,2,45129,0.3076607106181968,0.9986666666666667,0.47040351703564137,0.5346263320027779,0.06950515463917525,knn_defense_cifar_1xs_1500_remove_k1000,remove,1000
0.54,4575,1496,3079,4,45421,0.32699453551912566,0.9973333333333333,0.4925102880658436,0.552522598232042,0.06348453608247423,knn_defense_cifar_1xs_1500_remove_k1000,remove,1000
0.56,4326,1496,2830,4,45670,0.34581599630143317,0.9973333333333333,0.5135599038791624,0.5697657810071036,0.05835051546391753,knn_defense_cifar_1xs_1500_remove_k1000,remove,1000
0.58,4089,1496,2593,4,45907,0.36585962337979944,0.9973333333333333,0.5353372696367865,0.5875725268249091,0.053463917525773196,knn_defense_cifar_1xs_1500_remove_k1000,remove,1000
0.6,3869,1496,2373,4,46127,0.3866632204704058,0.9973333333333333,0.5572732352393369,0.6055008574953016,0.048927835051546395,knn_defense_cifar_1xs_1500_remove_k1000,remove,1000
0.62,3633,1496,2137,4,46363,0.41178089733003026,0.9973333333333333,0.5828949931813754,0.6264636840296983,0.044061855670103095,knn_defense_cifar_1xs_1500_remove_k1000,remove,1000
0.64,3401,1496,1905,4,46595,0.43987062628638635,0.9973333333333333,0.6104876555804938,0.6491055438562424,0.03927835051546392,knn_defense_cifar_1xs_1500_remove_k1000,remove,1000
0.66,3218,1495,1723,5,46777,0.4645742697327533,0.9966666666666667,0.6337431114879186,0.6681456451940532,0.03552577319587629,knn_defense_cifar_1xs_1500_remove_k1000,remove,1000
0.68,3040,1483,1557,17,46943,0.48782894736842103,0.9886666666666667,0.6533039647577092,0.6828565849043052,0.032103092783505156,knn_defense_cifar_1xs_1500_remove_k1000,remove,1000
0.7000000000000001,2855,1439,1416,61,47084,0.5040280210157618,0.9593333333333334,0.660849598163031,0.6838215081096503,0.029195876288659793,knn_defense_cifar_1xs_1500_remove_k1000,remove,1000
0.72,2613,1366,1247,134,47253,0.5227707615767317,0.9106666666666666,0.6642353513250668,0.6783261097767679,0.025711340206185568,knn_defense_cifar_1xs_1500_remove_k1000,remove,1000
0.74,2328,1226,1102,274,47398,0.5266323024054983,0.8173333333333334,0.6405433646812957,0.6433514308593975,0.02272164948453608,knn_defense_cifar_1xs_1500_remove_k1000,remove,1000
0.76,2014,1060,954,440,47546,0.5263157894736842,0.7066666666666667,0.6033010813887308,0.5960518710029732,0.019670103092783504,knn_defense_cifar_1xs_1500_remove_k1000,remove,1000
0.78,1684,884,800,616,47700,0.5249406175771971,0.5893333333333334,0.5552763819095478,0.5416667266438129,0.016494845360824743,knn_defense_cifar_1xs_1500_remove_k1000,remove,1000
0.8,1417,748,669,752,47831,0.5278757939308398,0.49866666666666665,0.5128556736372986,0.4984450392955617,0.01379381443298969,knn_defense_cifar_1xs_1500_remove_k1000,remove,1000
0.8200000000000001,1211,651,560,849,47940,0.5375722543352601,0.434,0.4802655846551088,0.46877289545862477,0.01154639175257732,knn_defense_cifar_1xs_1500_remove_k1000,remove,1000
0.84,993,556,437,944,48063,0.5599194360523666,0.37066666666666664,0.44604893702366627,0.44219000264706126,0.009010309278350516,knn_defense_cifar_1xs_1500_remove_k1000,remove,1000
0.86,811,485,326,1015,48174,0.5980271270036991,0.3233333333333333,0.4197317178710515,0.4275619138999263,0.006721649484536083,knn_defense_cifar_1xs_1500_remove_k1000,remove,1000
0.88,692,459,233,1041,48267,0.6632947976878613,0.306,0.4187956204379562,0.4397985361870911,0.004804123711340206,knn_defense_cifar_1xs_1500_remove_k1000,remove,1000
0.9,592,434,158,1066,48342,0.7331081081081081,0.28933333333333333,0.4149139579349904,0.45116752110768854,0.0032577319587628866,knn_defense_cifar_1xs_1500_remove_k1000,remove,1000
0.92,523,416,107,1084,48393,0.7954110898661568,0.2773333333333333,0.4112703905091448,0.46131483503925386,0.002206185567010309,knn_defense_cifar_1xs_1500_remove_k1000,remove,1000
0.9400000000000001,461,401,60,1099,48440,0.8698481561822126,0.2673333333333333,0.40897501274859765,0.474931662081573,0.0012371134020618556,knn_defense_cifar_1xs_1500_remove_k1000,remove,1000
0.96,407,379,28,1121,48472,0.9312039312039312,0.25266666666666665,0.39748295752490825,0.47858997512229806,0.000577319587628866,knn_defense_cifar_1xs_1500_remove_k1000,remove,1000
0.98,262,250,12,1250,48488,0.9541984732824428,0.16666666666666666,0.28376844494892167,0.39321061999557394,0.00024742268041237116,knn_defense_cifar_1xs_1500_remove_k1000,remove,1000
1.0,0,0,0,1500,48500,,0.0,0.0,0.0,0.0,knn_defense_cifar_1xs_1500_remove_k1000,remove,1000
0.0,49975,1500,48475,0,25,0.030015007503751877,1.0,0.05828071879553181,0.003933402261713061,0.9994845360824742,knn_defense_cifar_1xs_1500_remove_k2000,remove,2000
0.02,38542,1500,37042,0,11458,0.03891858232577448,1.0,0.07492133260076919,0.0958875110159799,0.7637525773195877,knn_defense_cifar_1xs_1500_remove_k2000,remove,2000
0.04,34417,1500,32917,0,15583,0.0435831129964843,1.0,0.08352590695213966,0.11833515654582995,0.6787010309278351,knn_defense_cifar_1xs_1500_remove_k2000,remove,2000
0.06,31637,1500,30137,0,18363,0.047412839396908685,1.0,0.09053324078824275,0.1339827631509193,0.621381443298969,knn_defense_cifar_1xs_1500_remove_k2000,remove,2000
0.08,29449,1500,27949,0,20551,0.0509355156372033,1.0,0.09693366506187599,0.14691155778749948,0.5762680412371134,knn_defense_cifar_1xs_1500_remove_k2000,remove,2000
0.1,27490,1500,25990,0,22510,0.05456529647144416,1.0,0.10348395998620213,0.1591384551536973,0.5358762886597939,knn_defense_cifar_1xs_1500_remove_k2000,remove,2000
0.12,25848,1500,24348,0,24152,0.058031569173630455,1.0,0.10969723562966213,0.16999566147778158,0.502020618556701,knn_defense_cifar_1xs_1500_remove_k2000,remove,2000
0.14,24309,1500,22809,0,25691,0.06170554115759595,1.0,0.1162385214460072,0.1807930444036443,0.47028865979381446,knn_defense_cifar_1xs_1500_remove_k2000,remove,2000
0.16,22950,1500,21450,0,27050,0.06535947712418301,1.0,0.12269938650306748,0.19092686872252598,0.4422680412371134,knn_defense_cifar_1xs_1500_remove_k2000,remove,2000
0.18,21734,1500,20234,0,28266,0.06901628784393117,1.0,0.12912111560643885,0.2005566681980231,0.4171958762886598,knn_defense_cifar_1xs_1500_remove_k2000,remove,2000
0.2,20517,1500,19017,0,29483,0.07311010381634742,1.0,0.1362583458236817,0.21081604776732354,0.39210309278350514,knn_defense_cifar_1xs_1500_remove_k2000,remove,2000
0.22,19230,1500,17730,0,30770,0.078003120124805,1.0,0.1447178002894356,0.2224584291637081,0.36556701030927835,knn_defense_cifar_1xs_1500_remove_k2000,remove,2000
0.24,17917,1500,16417,0,32083,0.08371937266283418,1.0,0.1545037853427409,0.2353312485829769,0.33849484536082475,knn_defense_cifar_1xs_1500_remove_k2000,remove,2000
0.26,16589,1500,15089,0,33411,0.0904213635541624,1.0,0.1658466471336171,0.24957977786622668,0.31111340206185567,knn_defense_cifar_1xs_1500_remove_k2000,remove,2000
0.28,15337,1500,13837,0,34663,0.09780269935450218,1.0,0.17817901051256163,0.2643854951698142,0.28529896907216495,knn_defense_cifar_1xs_1500_remove_k2000,remove,2000
0.3,14207,1500,12707,0,35793,0.10558175547265433,1.0,0.1909976443623862,0.27914035096850276,0.262,knn_defense_cifar_1xs_1500_remove_k2000,remove,2000
0.32,13099,1500,11599,0,36901,0.11451255821055042,1.0,0.20549352695390094,0.29517172742434283,0.23915463917525773,knn_defense_cifar_1xs_1500_remove_k2000,remove,2000
0.34,12111,1500,10611,0,37889,0.12385434728758979,1.0,0.22040996253030637,0.3110579673619869,0.21878350515463918,knn_defense_cifar_1xs_1500_remove_k2000,remove,2000
0.36,11317,1499,9818,1,38682,0.13245559777326146,0.9993333333333333,0.23390809081688382,0.32485890874856943,0.20243298969072165,knn_defense_cifar_1xs_1500_remove_k2000,remove,2000
0.38,10556,1499,9057,1,39443,0.14200454717696098,0.9993333333333333,0.2486728599867286,0.33966310534774924,0.1867422680412371,knn_defense_cifar_1xs_1500_remove_k2000,remove,2000
0.4,9826,1499,8327,1,40173,0.15255444738449012,0.9993333333333333,0.2647006886809112,0.3553026312994272,0.17169072164948454,knn_defense_cifar_1xs_1500_remove_k2000,remove,2000
0.42,9138,1499,7639,1,40861,0.16404027139417815,0.9993333333333333,0.2818198909569468,0.3715819171639305,0.15750515463917525,knn_defense_cifar_1xs_1500_remove_k2000,remove,2000
0.44,8505,1499,7006,1,41494,0.17624926513815403,0.9993333333333333,0.29965017491254375,0.38813827604899154,0.14445360824742268,knn_defense_cifar_1xs_1500_remove_k2000,remove,2000
0.46,7867,1498,6369,2,42131,0.19041566035337484,0.9986666666666667,0.3198462688160564,0.4063438137172325,0.13131958762886597,knn_defense_cifar_1xs_1500_remove_k2000,remove,2000
0.48,7312,1498,5814,2,42686,0.2048687089715536,0.9986666666666667,0.33999092147072174,0.42425873884491627,0.11987628865979381,knn_defense_cifar_1xs_1500_remove_k2000,remove,2000
0.5,6783,1497,5286,3,43214,0.22069880583812473,0.998,0.3614632379572619,0.4428789914790594,0.10898969072164949,knn_defense_cifar_1xs_1500_remove_k2000,remove,2000
0.52,6311,1497,4814,3,43686,0.23720488036761211,0.998,0.38330559467417746,0.4616539159194138,0.09925773195876289,knn_defense_cifar_1xs_1500_remove_k2000,remove,2000
0.54,5873,1496,4377,4,44123,0.2547250127703048,0.9973333333333333,0.40580496405804967,0.4805988401469928,0.09024742268041237,knn_defense_cifar_1xs_1500_remove_k2000,remove,2000
0.56,5438,1496,3942,4,44558,0.275101140125046,0.9973333333333333,0.43124819832804845,0.5019218492291354,0.08127835051546392,knn_defense_cifar_1xs_1500_remove_k2000,remove,2000
0.58,5023,1496,3527,4,44973,0.29782998208242084,0.9973333333333333,0.45868465430016864,0.524685478644228,0.07272164948453608,knn_defense_cifar_1xs_1500_remove_k2000,remove,2000
0.6,4653,1496,3157,4,45343,0.3215130023640662,0.9973333333333333,0.4862668616934829,0.5473985991689517,0.06509278350515464,knn_defense_cifar_1xs_1500_remove_k2000,remove,2000
0.62,4339,1496,2843,4,45657,0.3447799032035031,0.9973333333333333,0.5124165096763145,0.5688301648354501,0.05861855670103093,knn_defense_cifar_1xs_1500_remove_k2000,remove,2000
0.64,4013,1496,2517,4,45983,0.3727884375778719,0.9973333333333333,0.5427172138581534,0.5936038519229869,0.05189690721649484,knn_defense_cifar_1xs_1500_remove_k2000,remove,2000
0.66,3733,1495,2238,5,46262,0.4004821859094562,0.9966666666666667,0.5713739728645136,0.6168991341952389,0.04614432989690722,knn_defense_cifar_1xs_1500_remove_k2000,remove,2000
0.68,3446,1494,1952,6,46548,0.4335461404526988,0.996,0.6041245450869389,0.6436145284710485,0.04024742268041237,knn_defense_cifar_1xs_1500_remove_k2000,remove,2000
0.7000000000000001,3196,1494,1702,6,46798,0.467459324155194,0.996,0.6362862010221465,0.6701207766470768,0.035092783505154636,knn_defense_cifar_1xs_1500_remove_k2000,remove,2000
0.72,2974,1490,1484,10,47016,0.5010087424344317,0.9933333333333333,0.6660706303084488,0.6943587873529392,0.030597938144329897,knn_defense_cifar_1xs_1500_remove_k2000,remove,2000
0.74,2710,1440,1270,60,47230,0.5313653136531366,0.96,0.684085510688836,0.7035707540634871,0.026185567010309278,knn_defense_cifar_1xs_1500_remove_k2000,remove,2000
0.76,2327,1248,1079,252,47421,0.5363128491620112,0.832,0.6522079958191795,0.6557441199647744,0.02224742268041237,knn_defense_cifar_1xs_1500_remove_k2000,remove,2000
0.78,1903,984,919,516,47581,0.5170782974251182,0.656,0.5783132530120482,0.56795337504706,0.01894845360824742,knn_defense_cifar_1xs_1500_remove_k2000,remove,2000
0.8,1517,777,740,723,47760,0.5121951219512195,0.518,0.5150812064965197,0.5000050215784149,0.015257731958762887,knn_defense_cifar_1xs_1500_remove_k2000,remove,2000
0.8200000000000001,1223,620,603,880,47897,0.5069501226492232,0.41333333333333333,0.45538009548292324,0.44272307262907823,0.01243298969072165,knn_defense_cifar_1xs_1500_remove_k2000,remove,2000
0.84,997,521,476,979,48024,0.522567703109328,0.3473333333333333,0.4173007609130957,0.4118657542014928,0.009814432989690721,knn_defense_cifar_1xs_1500_remove_k2000,remove,2000
0.86,833,473,360,1027,48140,0.5678271308523409,0.31533333333333335,0.405486498071153,0.41037590906689664,0.007422680412371134,knn_defense_cifar_1xs_1500_remove_k2000,remove,2000
0.88,691,439,252,1061,48248,0.6353111432706223,0.2926666666666667,0.40073026015518026,0.4200568784291467,0.005195876288659793,knn_defense_cifar_1xs_1500_remove_k2000,remove,2000
0.9,577,417,160,1083,48340,0.7227036395147314,0.278,0.4015406836783823,0.4387572741212601,0.0032989690721649486,knn_defense_cifar_1xs_1500_remove_k2000,remove,2000
0.92,490,399,91,1101,48409,0.8142857142857143,0.266,0.40100502512562813,0.45738233447209287,0.0018762886597938145,knn_defense_cifar_1xs_1500_remove_k2000,remove,2000
0.9400000000000001,427,380,47,1120,48453,0.8899297423887588,0.25333333333333335,0.39439543331603527,0.4678512695026737,0.0009690721649484536,knn_defense_cifar_1xs_1500_remove_k2000,remove,2000
0.96,373,355,18,1145,48482,0.9517426273458445,0.23666666666666666,0.3790710090763481,0.46844497292476783,0.0003711340206185567,knn_defense_cifar_1xs_1500_remove_k2000,remove,2000
0.98,251,244,7,1256,48493,0.9721115537848606,0.16266666666666665,0.278697886921759,0.3922839308006047,0.0001443298969072165,knn_defense_cifar_1xs_1500_remove_k2000,remove,2000
1.0,0,0,0,1500,48500,,0.0,0.0,0.0,0.0,knn_defense_cifar_1xs_1500_remove_k2000,remove,2000
