experiment,mode,k,epoch,cta,clean_loss,pta,poison_loss
knn_defense_cifar_1xs_1500_none_k1,none,1,1,0.4473,0.006855341482162476,0.221,0.006937005162239075
knn_defense_cifar_1xs_1500_none_k1,none,1,2,0.6341,0.004203735584020615,0.651,0.0035819365978240966
knn_defense_cifar_1xs_1500_none_k1,none,1,3,0.6867,0.0035666279077529906,0.27,0.008011871695518494
knn_defense_cifar_1xs_1500_none_k1,none,1,4,0.6883,0.003678152871131897,0.861,0.0022292785942554473
knn_defense_cifar_1xs_1500_none_k1,none,1,5,0.7316,0.003197793334722519,0.527,0.005309039831161499
knn_defense_cifar_1xs_1500_none_k1,none,1,6,0.7162,0.0033050305753946304,0.618,0.004731838822364807
knn_defense_cifar_1xs_1500_none_k1,none,1,7,0.7853,0.0024938000440597533,0.893,0.001688729166984558
knn_defense_cifar_1xs_1500_none_k1,none,1,8,0.8031,0.002284585452079773,0.702,0.003234908878803253
knn_defense_cifar_1xs_1500_none_k1,none,1,9,0.7636,0.0029575481653213503,0.863,0.0015339554250240325
knn_defense_cifar_1xs_1500_none_k1,none,1,10,0.7693,0.0029782873451709747,0.874,0.0016289028823375702
knn_defense_cifar_1xs_1500_none_k1,none,1,11,0.8069,0.0022869205981492996,0.907,0.0014337027072906495
knn_defense_cifar_1xs_1500_none_k1,none,1,12,0.7933,0.002448913124203682,0.749,0.0033623018264770507
knn_defense_cifar_1xs_1500_none_k1,none,1,13,0.8256,0.002072857329249382,0.855,0.002486271798610687
knn_defense_cifar_1xs_1500_none_k1,none,1,14,0.8048,0.0025558995485305785,0.506,0.004524648547172546
knn_defense_cifar_1xs_1500_none_k1,none,1,15,0.825,0.00203951281607151,0.784,0.0026721383333206178
knn_defense_cifar_1xs_1500_none_k1,none,1,16,0.747,0.003437951594591141,0.965,0.0005739869773387909
knn_defense_cifar_1xs_1500_none_k1,none,1,17,0.8378,0.001969327336549759,0.912,0.0015487536191940308
knn_defense_cifar_1xs_1500_none_k1,none,1,18,0.846,0.0018436186462640763,0.791,0.002465896368026733
knn_defense_cifar_1xs_1500_none_k1,none,1,19,0.8379,0.001944097501039505,0.824,0.0020732123255729675
knn_defense_cifar_1xs_1500_none_k1,none,1,20,0.8027,0.0024138539493083954,0.979,0.0005079900026321411
knn_defense_cifar_1xs_1500_none_k1,none,1,21,0.7384,0.0032170453071594237,0.969,0.0006767474934458733
knn_defense_cifar_1xs_1500_none_k1,none,1,22,0.7868,0.002623039561510086,0.501,0.0046915110349655155
knn_defense_cifar_1xs_1500_none_k1,none,1,23,0.8375,0.0019655513435602187,0.971,0.0007677954137325286
knn_defense_cifar_1xs_1500_none_k1,none,1,24,0.8295,0.002033183431625366,0.986,0.0005906879156827926
knn_defense_cifar_1xs_1500_none_k1,none,1,25,0.8383,0.0020356306523084643,0.942,0.001218231827020645
knn_defense_cifar_1xs_1500_none_k1,none,1,26,0.8386,0.0018565496250987053,0.969,0.000939283937215805
knn_defense_cifar_1xs_1500_none_k1,none,1,27,0.8338,0.0019409017771482467,0.982,0.0004632944762706757
knn_defense_cifar_1xs_1500_none_k1,none,1,28,0.8542,0.0018019250392913818,0.935,0.0011489730924367904
knn_defense_cifar_1xs_1500_none_k1,none,1,29,0.8345,0.0020748561352491378,0.931,0.0013758413791656494
knn_defense_cifar_1xs_1500_none_k1,none,1,30,0.7868,0.0026680448591709137,0.981,0.00035996564850211145
knn_defense_cifar_1xs_1500_none_k1,none,1,31,0.821,0.0021950058192014696,0.991,0.00045874587446451186
knn_defense_cifar_1xs_1500_none_k1,none,1,32,0.8191,0.0023012677401304245,0.96,0.0008194442391395569
knn_defense_cifar_1xs_1500_none_k1,none,1,33,0.7848,0.0026021361321210863,0.999,0.00013286047615110875
knn_defense_cifar_1xs_1500_none_k1,none,1,34,0.8405,0.0018902867525815964,0.988,0.0004787735417485237
knn_defense_cifar_1xs_1500_none_k1,none,1,35,0.8411,0.001974426671862602,0.96,0.0008010813593864441
knn_defense_cifar_1xs_1500_none_k1,none,1,36,0.8091,0.0025876736640930175,0.899,0.0016678650081157684
knn_defense_cifar_1xs_1500_none_k1,none,1,37,0.8518,0.0017798423647880555,0.978,0.0006672444194555283
knn_defense_cifar_1xs_1500_none_k1,none,1,38,0.8488,0.0018538222089409828,0.984,0.0003886708803474903
knn_defense_cifar_1xs_1500_none_k1,none,1,39,0.8169,0.002203785878419876,0.995,0.00017306550405919553
knn_defense_cifar_1xs_1500_none_k1,none,1,40,0.8366,0.002056693124771118,0.996,0.0004129226431250572
knn_defense_cifar_1xs_1500_none_k1,none,1,41,0.8276,0.0020797817140817644,0.978,0.00041074778139591216
knn_defense_cifar_1xs_1500_none_k1,none,1,42,0.8244,0.00225223283469677,0.988,0.0003020096495747566
knn_defense_cifar_1xs_1500_none_k1,none,1,43,0.8699,0.0016804097175598144,0.971,0.000814112275838852
knn_defense_cifar_1xs_1500_none_k1,none,1,44,0.8443,0.0019144927352666855,0.991,0.00023872067406773567
knn_defense_cifar_1xs_1500_none_k1,none,1,45,0.8124,0.002306340590119362,0.991,0.000348854623734951
knn_defense_cifar_1xs_1500_none_k1,none,1,46,0.844,0.0018943723872303963,0.907,0.0014865370988845826
knn_defense_cifar_1xs_1500_none_k1,none,1,47,0.8208,0.0023625918567180635,0.999,0.00010194421000778675
knn_defense_cifar_1xs_1500_none_k1,none,1,48,0.8278,0.0023095318764448165,0.983,0.0003947547152638435
knn_defense_cifar_1xs_1500_none_k1,none,1,49,0.85,0.0018485528320074081,0.956,0.0008208292275667191
knn_defense_cifar_1xs_1500_none_k1,none,1,50,0.8008,0.002586084187030792,1.0,0.00027248188108205794
knn_defense_cifar_1xs_1500_none_k1,none,1,51,0.8285,0.0021960936546325683,0.999,0.00011601818166673183
knn_defense_cifar_1xs_1500_none_k1,none,1,52,0.8556,0.001827455559372902,0.969,0.0006235603243112565
knn_defense_cifar_1xs_1500_none_k1,none,1,53,0.8413,0.0020867158114910127,0.982,0.0003561083264648914
knn_defense_cifar_1xs_1500_none_k1,none,1,54,0.8505,0.0018499514877796173,0.992,0.00019363091327250003
knn_defense_cifar_1xs_1500_none_k1,none,1,55,0.8572,0.001804398438334465,0.976,0.0005447261482477188
knn_defense_cifar_1xs_1500_none_k1,none,1,56,0.8216,0.002276149383187294,0.996,0.00012658460810780525
knn_defense_cifar_1xs_1500_none_k1,none,1,57,0.8483,0.0019306242287158966,0.993,0.00020466986671090125
knn_defense_cifar_1xs_1500_none_k1,none,1,58,0.8256,0.0024302357137203218,0.732,0.0031286194920539857
knn_defense_cifar_1xs_1500_none_k1,none,1,59,0.7946,0.002684488761425018,0.997,0.00022888521105051042
knn_defense_cifar_1xs_1500_none_k1,none,1,60,0.8342,0.002098563551902771,0.996,0.00016401401534676553
knn_defense_cifar_1xs_1500_none_k1,none,1,61,0.8456,0.002041702002286911,0.976,0.0005882183238863945
knn_defense_cifar_1xs_1500_none_k1,none,1,62,0.8289,0.0023308118283748625,0.968,0.0005340884998440743
knn_defense_cifar_1xs_1500_none_k1,none,1,63,0.8342,0.002125557819008827,0.997,0.00015775175020098686
knn_defense_cifar_1xs_1500_none_k1,none,1,64,0.8545,0.0018852049231529236,0.979,0.0004412813559174538
knn_defense_cifar_1xs_1500_none_k1,none,1,65,0.8152,0.002417929369211197,0.995,0.0001130845583975315
knn_defense_cifar_1xs_1500_none_k1,none,1,66,0.8353,0.0022126721143722536,0.984,0.0005034171119332314
knn_defense_cifar_1xs_1500_none_k1,none,1,67,0.8319,0.002242273959517479,0.977,0.00034159688279032706
knn_defense_cifar_1xs_1500_none_k1,none,1,68,0.8581,0.0018137451350688934,0.992,0.00038079452514648435
knn_defense_cifar_1xs_1500_none_k1,none,1,69,0.8397,0.0020654400527477263,0.991,0.0001850798949599266
knn_defense_cifar_1xs_1500_none_k1,none,1,70,0.8142,0.0023608053117990494,0.998,6.856568530201912e-05
knn_defense_cifar_1xs_1500_none_k1,none,1,71,0.8767,0.001561067959666252,0.961,0.0007422219812870025
knn_defense_cifar_1xs_1500_none_k1,none,1,72,0.848,0.0018920441091060639,0.992,0.00021220051124691964
knn_defense_cifar_1xs_1500_none_k1,none,1,73,0.8481,0.0019386603802442552,0.987,0.0003008510321378708
knn_defense_cifar_1xs_1500_none_k1,none,1,74,0.8506,0.0019395953357219697,0.992,0.00018856822140514852
knn_defense_cifar_1xs_1500_none_k1,none,1,75,0.8478,0.002141415002942085,0.96,0.0009587560594081878
knn_defense_cifar_1xs_1500_none_k1,none,1,76,0.8946,0.0013065779328346253,0.996,0.00013223833870142698
knn_defense_cifar_1xs_1500_none_k1,none,1,77,0.899,0.0012737625271081925,0.997,0.0001155033865943551
knn_defense_cifar_1xs_1500_none_k1,none,1,78,0.8993,0.0012895486310124397,0.998,6.942745763808488e-05
knn_defense_cifar_1xs_1500_none_k1,none,1,79,0.8966,0.0013424471750855447,0.998,7.419470697641373e-05
knn_defense_cifar_1xs_1500_none_k1,none,1,80,0.9006,0.0013199377462267876,0.998,6.985393934883177e-05
knn_defense_cifar_1xs_1500_none_k1,none,1,81,0.9019,0.0013149725183844566,0.998,7.78432753868401e-05
knn_defense_cifar_1xs_1500_none_k1,none,1,82,0.9021,0.0013336269944906234,0.997,8.028180990368128e-05
knn_defense_cifar_1xs_1500_none_k1,none,1,83,0.8972,0.0014097558930516244,0.998,7.249859557487071e-05
knn_defense_cifar_1xs_1500_none_k1,none,1,84,0.9053,0.001356027437746525,0.998,7.146561006084084e-05
knn_defense_cifar_1xs_1500_none_k1,none,1,85,0.9035,0.0013746220231056214,0.997,8.207083120942116e-05
knn_defense_cifar_1xs_1500_none_k1,none,1,86,0.8977,0.0014603132173418999,0.998,6.642783479765058e-05
knn_defense_cifar_1xs_1500_none_k1,none,1,87,0.9048,0.0013691818818449973,0.997,8.521408401429654e-05
knn_defense_cifar_1xs_1500_none_k1,none,1,88,0.9006,0.0014292359799146653,0.996,8.011506986804306e-05
knn_defense_cifar_1xs_1500_none_k1,none,1,89,0.9009,0.0014400465875864029,0.997,6.20853832224384e-05
knn_defense_cifar_1xs_1500_none_k1,none,1,90,0.8998,0.0014861695617437362,0.997,7.999236416071653e-05
knn_defense_cifar_1xs_1500_none_k1,none,1,91,0.899,0.0015234459668397903,0.997,6.707737781107425e-05
knn_defense_cifar_1xs_1500_none_k1,none,1,92,0.8956,0.0015694281168282032,0.998,5.6977673317305746e-05
knn_defense_cifar_1xs_1500_none_k1,none,1,93,0.9005,0.0015072781421244144,0.997,6.686090724542736e-05
knn_defense_cifar_1xs_1500_none_k1,none,1,94,0.8978,0.001588258345425129,0.998,6.171761162113398e-05
knn_defense_cifar_1xs_1500_none_k1,none,1,95,0.9018,0.001494882981479168,0.998,8.086336543783546e-05
knn_defense_cifar_1xs_1500_none_k1,none,1,96,0.8953,0.0016449553713202476,0.998,5.5741678981576116e-05
knn_defense_cifar_1xs_1500_none_k1,none,1,97,0.8899,0.0017124707639217377,0.998,5.011856451164931e-05
knn_defense_cifar_1xs_1500_none_k1,none,1,98,0.8935,0.001647912783920765,0.998,5.6334130407776686e-05
knn_defense_cifar_1xs_1500_none_k1,none,1,99,0.8966,0.0015834324099123478,0.996,8.807779871858657e-05
knn_defense_cifar_1xs_1500_none_k1,none,1,100,0.8925,0.0017019419088959693,0.998,7.773181551601738e-05
knn_defense_cifar_1xs_1500_none_k1,none,1,101,0.8865,0.0018079969689249993,0.996,8.710802317364141e-05
knn_defense_cifar_1xs_1500_none_k1,none,1,102,0.899,0.0016225325085222721,0.997,5.382589926011861e-05
knn_defense_cifar_1xs_1500_none_k1,none,1,103,0.8999,0.0016193744391202927,0.998,8.04263900499791e-05
knn_defense_cifar_1xs_1500_none_k1,none,1,104,0.8925,0.0017819351404905319,0.999,4.906759684672579e-05
knn_defense_cifar_1xs_1500_none_k1,none,1,105,0.902,0.0015991983711719513,0.997,8.106710133142769e-05
knn_defense_cifar_1xs_1500_none_k1,none,1,106,0.8902,0.0018022202730178833,0.997,6.683609401807189e-05
knn_defense_cifar_1xs_1500_none_k1,none,1,107,0.8926,0.0017923454254865647,0.997,8.7348217057297e-05
knn_defense_cifar_1xs_1500_none_k1,none,1,108,0.8982,0.0017188573941588402,0.997,7.907772430917248e-05
knn_defense_cifar_1xs_1500_none_k1,none,1,109,0.8898,0.0018565926939249039,0.997,7.562269177287817e-05
knn_defense_cifar_1xs_1500_none_k1,none,1,110,0.8975,0.0017068935960531234,0.997,6.390298646874726e-05
knn_defense_cifar_1xs_1500_none_k1,none,1,111,0.8818,0.0020036655321717264,0.998,6.800001754163531e-05
knn_defense_cifar_1xs_1500_none_k1,none,1,112,0.8888,0.0019155031502246856,0.998,4.83686187362764e-05
knn_defense_cifar_1xs_1500_none_k1,none,1,113,0.8955,0.001773134994506836,0.997,6.488641659962013e-05
knn_defense_cifar_1xs_1500_none_k1,none,1,114,0.8971,0.001767353616654873,0.997,6.056220189202577e-05
knn_defense_cifar_1xs_1500_none_k1,none,1,115,0.8934,0.0017677991300821304,0.995,0.00010046373575460166
knn_defense_cifar_1xs_1500_none_k1,none,1,116,0.902,0.0017028552144765854,0.997,8.407238032668829e-05
knn_defense_cifar_1xs_1500_none_k1,none,1,117,0.8935,0.001892955842614174,0.997,6.604845140827819e-05
knn_defense_cifar_1xs_1500_none_k1,none,1,118,0.8974,0.0017827500462532044,0.996,5.7311758515425024e-05
knn_defense_cifar_1xs_1500_none_k1,none,1,119,0.8803,0.002179301628470421,0.999,4.509709779085824e-05
knn_defense_cifar_1xs_1500_none_k1,none,1,120,0.8922,0.0017968067735433578,0.998,7.189401285722852e-05
knn_defense_cifar_1xs_1500_none_k1,none,1,121,0.9019,0.0017183432072401046,0.994,0.00010223237751051783
knn_defense_cifar_1xs_1500_none_k1,none,1,122,0.8953,0.001874643948674202,0.995,9.882411721628159e-05
knn_defense_cifar_1xs_1500_none_k1,none,1,123,0.8875,0.0020582214802503584,0.995,9.00060239364393e-05
knn_defense_cifar_1xs_1500_none_k1,none,1,124,0.8924,0.0019137564361095428,0.997,7.72734515776392e-05
knn_defense_cifar_1xs_1500_none_k1,none,1,125,0.8948,0.0018359657764434815,0.998,8.276377362199128e-05
knn_defense_cifar_1xs_1500_none_k1,none,1,126,0.8974,0.0017919707238674165,0.998,7.425577024696395e-05
knn_defense_cifar_1xs_1500_none_k1,none,1,127,0.8988,0.0017767075598239899,0.997,6.985259597422554e-05
knn_defense_cifar_1xs_1500_none_k1,none,1,128,0.8986,0.0017950204282999038,0.997,6.951601285254583e-05
knn_defense_cifar_1xs_1500_none_k1,none,1,129,0.8969,0.001840924260020256,0.997,7.265747484052553e-05
knn_defense_cifar_1xs_1500_none_k1,none,1,130,0.8981,0.0017979514569044113,0.996,7.754984271014109e-05
knn_defense_cifar_1xs_1500_none_k1,none,1,131,0.8992,0.0017830760091543199,0.996,7.131156092509627e-05
knn_defense_cifar_1xs_1500_none_k1,none,1,132,0.9004,0.001772238940000534,0.996,7.422760885674507e-05
knn_defense_cifar_1xs_1500_none_k1,none,1,133,0.898,0.001811358404159546,0.996,7.05597362248227e-05
knn_defense_cifar_1xs_1500_none_k1,none,1,134,0.8997,0.0018026466339826585,0.998,6.327439757296815e-05
knn_defense_cifar_1xs_1500_none_k1,none,1,135,0.8975,0.0018302848279476167,0.998,6.51190826902166e-05
knn_defense_cifar_1xs_1500_none_k1,none,1,136,0.897,0.0018496561408042908,0.997,6.785132709774189e-05
knn_defense_cifar_1xs_1500_none_k1,none,1,137,0.8955,0.0018982565820217132,0.997,6.88881802780088e-05
knn_defense_cifar_1xs_1500_none_k1,none,1,138,0.8971,0.0018800795942544937,0.998,6.791948775935452e-05
knn_defense_cifar_1xs_1500_none_k1,none,1,139,0.8992,0.0018360324114561081,0.996,7.533804007107392e-05
knn_defense_cifar_1xs_1500_none_k1,none,1,140,0.9005,0.0018207280278205872,0.997,7.006703357910737e-05
knn_defense_cifar_1xs_1500_none_k1,none,1,141,0.8974,0.001895912879705429,0.996,7.133855647407472e-05
knn_defense_cifar_1xs_1500_none_k1,none,1,142,0.8963,0.0019183777034282685,0.998,6.901771266711875e-05
knn_defense_cifar_1xs_1500_none_k1,none,1,143,0.8985,0.0018457557618618012,0.997,7.878923817770555e-05
knn_defense_cifar_1xs_1500_none_k1,none,1,144,0.8959,0.001915621867775917,0.998,6.440675957128405e-05
knn_defense_cifar_1xs_1500_none_k1,none,1,145,0.8962,0.0019121043235063554,0.997,7.068259880179539e-05
knn_defense_cifar_1xs_1500_none_k1,none,1,146,0.8974,0.0018748275965452194,0.997,7.322459481656551e-05
knn_defense_cifar_1xs_1500_none_k1,none,1,147,0.8987,0.0018602310836315155,0.998,6.462759274290874e-05
knn_defense_cifar_1xs_1500_none_k1,none,1,148,0.899,0.001876255875825882,0.997,6.872464524349198e-05
knn_defense_cifar_1xs_1500_none_k1,none,1,149,0.8999,0.001867178338766098,0.997,7.351106920395978e-05
knn_defense_cifar_1xs_1500_none_k1,none,1,150,0.8977,0.001903305971622467,0.998,6.25925803615246e-05
knn_defense_cifar_1xs_1500_none_k1,none,1,151,0.8995,0.0018888628661632538,0.998,6.352537026396021e-05
knn_defense_cifar_1xs_1500_none_k1,none,1,152,0.8978,0.0018938435822725295,0.998,6.132723332848399e-05
knn_defense_cifar_1xs_1500_none_k1,none,1,153,0.8979,0.0019070981711149216,0.998,6.083919998491183e-05
knn_defense_cifar_1xs_1500_none_k1,none,1,154,0.8993,0.0018933614611625672,0.998,6.767648184904829e-05
knn_defense_cifar_1xs_1500_none_k1,none,1,155,0.8987,0.0019014516741037368,0.998,6.721625116188079e-05
knn_defense_cifar_1xs_1500_none_k1,none,1,156,0.8977,0.0019270446419715882,0.998,6.501363178540487e-05
knn_defense_cifar_1xs_1500_none_k1,none,1,157,0.8981,0.0019291333198547364,0.998,6.647734684520401e-05
knn_defense_cifar_1xs_1500_none_k1,none,1,158,0.8965,0.0019351237833499907,0.997,7.520940923132002e-05
knn_defense_cifar_1xs_1500_none_k1,none,1,159,0.8945,0.001969830372929573,0.998,6.247424700995908e-05
knn_defense_cifar_1xs_1500_none_k1,none,1,160,0.8997,0.0018807788908481598,0.997,7.718339754501357e-05
knn_defense_cifar_1xs_1500_none_k1,none,1,161,0.8952,0.001979238721728325,0.998,6.449351921037305e-05
knn_defense_cifar_1xs_1500_none_k1,none,1,162,0.896,0.00196524059176445,0.998,7.112653220247012e-05
knn_defense_cifar_1xs_1500_none_k1,none,1,163,0.897,0.0019616816490888598,0.998,7.400771815446206e-05
knn_defense_cifar_1xs_1500_none_k1,none,1,164,0.8978,0.0019353566467761993,0.998,7.110609860683326e-05
knn_defense_cifar_1xs_1500_none_k1,none,1,165,0.8999,0.0019047855094075203,0.997,7.303892375784927e-05
knn_defense_cifar_1xs_1500_none_k1,none,1,166,0.8969,0.0019540730357170107,0.998,6.849747081287205e-05
knn_defense_cifar_1xs_1500_none_k1,none,1,167,0.8974,0.0019617024123668673,0.998,6.518333033454837e-05
knn_defense_cifar_1xs_1500_none_k1,none,1,168,0.8973,0.0019227834343910218,0.996,7.551947480533273e-05
knn_defense_cifar_1xs_1500_none_k1,none,1,169,0.8987,0.0019346195101737976,0.998,6.400630349526182e-05
knn_defense_cifar_1xs_1500_none_k1,none,1,170,0.897,0.0019320755779743196,0.996,7.377677681506611e-05
knn_defense_cifar_1xs_1500_none_k1,none,1,171,0.8962,0.0019978730857372284,0.996,8.104042355262209e-05
knn_defense_cifar_1xs_1500_none_k1,none,1,172,0.8978,0.0019532299548387527,0.997,7.316115796857048e-05
knn_defense_cifar_1xs_1500_none_k1,none,1,173,0.8945,0.002057549920678139,0.997,6.0318315438053107e-05
knn_defense_cifar_1xs_1500_none_k1,none,1,174,0.8991,0.001963725000619888,0.997,7.182768725033383e-05
knn_defense_cifar_1xs_1500_none_k1,none,1,175,0.8977,0.001958157128095627,0.997,7.280486404488329e-05
knn_defense_cifar_1xs_1500_none_k1,none,1,176,0.8991,0.001956237521767616,0.997,6.413648203306366e-05
knn_defense_cifar_1xs_1500_none_k1,none,1,177,0.8987,0.001963612076640129,0.998,6.977301456208806e-05
knn_defense_cifar_1xs_1500_none_k1,none,1,178,0.8997,0.00195954806804657,0.997,7.241679400613065e-05
knn_defense_cifar_1xs_1500_none_k1,none,1,179,0.9,0.0019524333074688912,0.997,8.108145528240129e-05
knn_defense_cifar_1xs_1500_none_k1,none,1,180,0.897,0.001981206423044205,0.997,6.9964766909834e-05
knn_defense_cifar_1xs_1500_none_k1,none,1,181,0.8956,0.002022721327841282,0.997,7.511850334412884e-05
knn_defense_cifar_1xs_1500_none_k1,none,1,182,0.8956,0.002050421887636185,0.996,8.080083949607797e-05
knn_defense_cifar_1xs_1500_none_k1,none,1,183,0.898,0.0019873259663581847,0.997,8.155331775196828e-05
knn_defense_cifar_1xs_1500_none_k1,none,1,184,0.8965,0.0020496379375457762,0.997,7.748304151027696e-05
knn_defense_cifar_1xs_1500_none_k1,none,1,185,0.8976,0.0020186075419187546,0.997,7.664868219580966e-05
knn_defense_cifar_1xs_1500_none_k1,none,1,186,0.8985,0.002001612764596939,0.997,7.750336949538906e-05
knn_defense_cifar_1xs_1500_none_k1,none,1,187,0.8973,0.0020101557046175,0.998,6.75134489647462e-05
knn_defense_cifar_1xs_1500_none_k1,none,1,188,0.8957,0.002042436045408249,0.997,6.487879830820021e-05
knn_defense_cifar_1xs_1500_none_k1,none,1,189,0.8971,0.0020249802246689796,0.997,7.50849848263897e-05
knn_defense_cifar_1xs_1500_none_k1,none,1,190,0.8978,0.002001143416762352,0.997,7.69832992737065e-05
knn_defense_cifar_1xs_1500_none_k1,none,1,191,0.8954,0.0020685523092746736,0.998,6.832257589849178e-05
knn_defense_cifar_1xs_1500_none_k1,none,1,192,0.8952,0.0020809611678123474,0.997,7.948557002237067e-05
knn_defense_cifar_1xs_1500_none_k1,none,1,193,0.8946,0.0021161169677972793,0.998,6.912954521976644e-05
knn_defense_cifar_1xs_1500_none_k1,none,1,194,0.8963,0.0020515817776322366,0.997,7.424143856042064e-05
knn_defense_cifar_1xs_1500_none_k1,none,1,195,0.9009,0.0019654443234205245,0.997,7.019709201995283e-05
knn_defense_cifar_1xs_1500_none_k1,none,1,196,0.898,0.0020102476820349695,0.997,7.06115001521539e-05
knn_defense_cifar_1xs_1500_none_k1,none,1,197,0.8984,0.002010726147890091,0.998,7.291883866855642e-05
knn_defense_cifar_1xs_1500_none_k1,none,1,198,0.8954,0.0020781243428587915,0.997,7.677265217353125e-05
knn_defense_cifar_1xs_1500_none_k1,none,1,199,0.8959,0.002060498583316803,0.997,8.076928104128456e-05
knn_defense_cifar_1xs_1500_none_k1,none,1,200,0.8977,0.0020423231840133666,0.997,7.408266120182817e-05
knn_defense_cifar_1xs_1500_remove_k1,remove,1,1,0.5393,0.005485708498954773,0.044,0.014888193130493164
knn_defense_cifar_1xs_1500_remove_k1,remove,1,2,0.6393,0.004241487032175064,0.038,0.013971344470977783
knn_defense_cifar_1xs_1500_remove_k1,remove,1,3,0.6778,0.004082199054956436,0.027,0.016424431562423705
knn_defense_cifar_1xs_1500_remove_k1,remove,1,4,0.7298,0.0031756049036979674,0.265,0.008240126967430116
knn_defense_cifar_1xs_1500_remove_k1,remove,1,5,0.7682,0.002733837828040123,0.071,0.014194131135940551
knn_defense_cifar_1xs_1500_remove_k1,remove,1,6,0.7697,0.0027031076669692994,0.213,0.010275270700454711
knn_defense_cifar_1xs_1500_remove_k1,remove,1,7,0.744,0.003178035098314285,0.1,0.01789634895324707
knn_defense_cifar_1xs_1500_remove_k1,remove,1,8,0.7487,0.0032423526614904405,0.276,0.008623159408569336
knn_defense_cifar_1xs_1500_remove_k1,remove,1,9,0.8114,0.0022599050492048264,0.204,0.01043960452079773
knn_defense_cifar_1xs_1500_remove_k1,remove,1,10,0.7775,0.002738466793298721,0.299,0.009220135450363159
knn_defense_cifar_1xs_1500_remove_k1,remove,1,11,0.7853,0.0027070943593978884,0.229,0.011949357986450195
knn_defense_cifar_1xs_1500_remove_k1,remove,1,12,0.8308,0.001991569837927818,0.051,0.01754651069641113
knn_defense_cifar_1xs_1500_remove_k1,remove,1,13,0.7775,0.0027024548798799514,0.122,0.013388836860656738
knn_defense_cifar_1xs_1500_remove_k1,remove,1,14,0.7983,0.0025421948403120042,0.255,0.00979797625541687
knn_defense_cifar_1xs_1500_remove_k1,remove,1,15,0.773,0.0030229302078485488,0.162,0.013789163827896118
knn_defense_cifar_1xs_1500_remove_k1,remove,1,16,0.8286,0.002118183198571205,0.094,0.015086134433746339
knn_defense_cifar_1xs_1500_remove_k1,remove,1,17,0.8156,0.002312084650993347,0.251,0.009356569051742553
knn_defense_cifar_1xs_1500_remove_k1,remove,1,18,0.8184,0.0021744047045707702,0.533,0.005374755501747131
knn_defense_cifar_1xs_1500_remove_k1,remove,1,19,0.7995,0.002575920525193214,0.326,0.008578097701072693
knn_defense_cifar_1xs_1500_remove_k1,remove,1,20,0.837,0.001994839844107628,0.313,0.0087929527759552
knn_defense_cifar_1xs_1500_remove_k1,remove,1,21,0.7914,0.002748041993379593,0.632,0.004221182703971863
knn_defense_cifar_1xs_1500_remove_k1,remove,1,22,0.8283,0.002178993880748749,0.165,0.011548617124557495
knn_defense_cifar_1xs_1500_remove_k1,remove,1,23,0.843,0.002024522817134857,0.163,0.014683762550354003
knn_defense_cifar_1xs_1500_remove_k1,remove,1,24,0.8224,0.0022526150673627854,0.415,0.007905002117156983
knn_defense_cifar_1xs_1500_remove_k1,remove,1,25,0.7602,0.0031847796499729158,0.489,0.00630913507938385
knn_defense_cifar_1xs_1500_remove_k1,remove,1,26,0.8394,0.001978629270195961,0.029,0.02463612937927246
knn_defense_cifar_1xs_1500_remove_k1,remove,1,27,0.8384,0.002061087065935135,0.293,0.010791478157043457
knn_defense_cifar_1xs_1500_remove_k1,remove,1,28,0.8339,0.002124003463983536,0.203,0.011250622272491455
knn_defense_cifar_1xs_1500_remove_k1,remove,1,29,0.8577,0.0017730188906192779,0.177,0.011504186153411864
knn_defense_cifar_1xs_1500_remove_k1,remove,1,30,0.826,0.00220753872692585,0.493,0.005853798985481262
knn_defense_cifar_1xs_1500_remove_k1,remove,1,31,0.849,0.0019653402149677275,0.287,0.009611696243286132
knn_defense_cifar_1xs_1500_remove_k1,remove,1,32,0.8135,0.0026272543042898176,0.361,0.008604627132415771
knn_defense_cifar_1xs_1500_remove_k1,remove,1,33,0.8268,0.0023430054426193236,0.184,0.014013587474822998
knn_defense_cifar_1xs_1500_remove_k1,remove,1,34,0.8318,0.0022257360458374023,0.087,0.01961377954483032
knn_defense_cifar_1xs_1500_remove_k1,remove,1,35,0.8445,0.0020282814055681228,0.341,0.00963260817527771
knn_defense_cifar_1xs_1500_remove_k1,remove,1,36,0.8611,0.0017212372571229935,0.289,0.009204698085784913
knn_defense_cifar_1xs_1500_remove_k1,remove,1,37,0.8356,0.002065903100371361,0.301,0.009705025672912598
knn_defense_cifar_1xs_1500_remove_k1,remove,1,38,0.8558,0.0018180521965026856,0.071,0.017984972476959227
knn_defense_cifar_1xs_1500_remove_k1,remove,1,39,0.8351,0.0022779428124427795,0.148,0.01688411283493042
knn_defense_cifar_1xs_1500_remove_k1,remove,1,40,0.8382,0.0021329576820135116,0.406,0.008651880264282227
knn_defense_cifar_1xs_1500_remove_k1,remove,1,41,0.8394,0.0021298471480607987,0.029,0.022693095684051513
knn_defense_cifar_1xs_1500_remove_k1,remove,1,42,0.8442,0.0019508804589509965,0.422,0.007110512971878051
knn_defense_cifar_1xs_1500_remove_k1,remove,1,43,0.8203,0.002500628712773323,0.208,0.011735703945159912
knn_defense_cifar_1xs_1500_remove_k1,remove,1,44,0.8544,0.001986435866355896,0.162,0.014308027267456055
knn_defense_cifar_1xs_1500_remove_k1,remove,1,45,0.8476,0.0019898716151714323,0.442,0.0074200181961059574
knn_defense_cifar_1xs_1500_remove_k1,remove,1,46,0.8418,0.0019557899236679077,0.533,0.005075664401054382
knn_defense_cifar_1xs_1500_remove_k1,remove,1,47,0.844,0.0021467811152338983,0.226,0.012409669160842896
knn_defense_cifar_1xs_1500_remove_k1,remove,1,48,0.8715,0.0016749184012413024,0.118,0.014611884117126465
knn_defense_cifar_1xs_1500_remove_k1,remove,1,49,0.8384,0.0022804960429668427,0.283,0.01174569320678711
knn_defense_cifar_1xs_1500_remove_k1,remove,1,50,0.7974,0.002813088697195053,0.324,0.009151307344436645
knn_defense_cifar_1xs_1500_remove_k1,remove,1,51,0.8452,0.002168652176856995,0.261,0.010110347986221313
knn_defense_cifar_1xs_1500_remove_k1,remove,1,52,0.8273,0.0022963071912527086,0.116,0.015693737506866454
knn_defense_cifar_1xs_1500_remove_k1,remove,1,53,0.8088,0.0030750800967216494,0.135,0.013666040897369384
knn_defense_cifar_1xs_1500_remove_k1,remove,1,54,0.8335,0.0022407444804906844,0.165,0.014520200252532959
knn_defense_cifar_1xs_1500_remove_k1,remove,1,55,0.8515,0.0019777296751737595,0.12,0.017026516914367677
knn_defense_cifar_1xs_1500_remove_k1,remove,1,56,0.8566,0.0017976444199681281,0.479,0.005508823871612549
knn_defense_cifar_1xs_1500_remove_k1,remove,1,57,0.8297,0.00234570172727108,0.392,0.007117435216903687
knn_defense_cifar_1xs_1500_remove_k1,remove,1,58,0.8154,0.0026884440541267395,0.313,0.010486351013183594
knn_defense_cifar_1xs_1500_remove_k1,remove,1,59,0.858,0.0018668765246868133,0.343,0.009085477113723754
knn_defense_cifar_1xs_1500_remove_k1,remove,1,60,0.8187,0.0026416781544685362,0.249,0.010612683534622193
knn_defense_cifar_1xs_1500_remove_k1,remove,1,61,0.8491,0.001932099398970604,0.425,0.006709879875183106
knn_defense_cifar_1xs_1500_remove_k1,remove,1,62,0.8762,0.0015935108065605163,0.059,0.017240121364593505
knn_defense_cifar_1xs_1500_remove_k1,remove,1,63,0.8262,0.002308968260884285,0.136,0.016945566177368164
knn_defense_cifar_1xs_1500_remove_k1,remove,1,64,0.8606,0.0017055424943566322,0.333,0.008590564012527465
knn_defense_cifar_1xs_1500_remove_k1,remove,1,65,0.8553,0.0018841263353824615,0.237,0.010286082744598388
knn_defense_cifar_1xs_1500_remove_k1,remove,1,66,0.8311,0.00231099773645401,0.456,0.0071952415704727175
knn_defense_cifar_1xs_1500_remove_k1,remove,1,67,0.833,0.0023249207466840742,0.072,0.017779605865478516
knn_defense_cifar_1xs_1500_remove_k1,remove,1,68,0.8423,0.0019764087200164794,0.337,0.00751963210105896
knn_defense_cifar_1xs_1500_remove_k1,remove,1,69,0.8485,0.0020093072563409807,0.414,0.0075991922616958614
knn_defense_cifar_1xs_1500_remove_k1,remove,1,70,0.8496,0.002078055930137634,0.309,0.010214611768722534
knn_defense_cifar_1xs_1500_remove_k1,remove,1,71,0.8471,0.0019601178511977194,0.446,0.007580427169799805
knn_defense_cifar_1xs_1500_remove_k1,remove,1,72,0.8465,0.0020814543545246123,0.258,0.011785942554473877
knn_defense_cifar_1xs_1500_remove_k1,remove,1,73,0.8674,0.0018196680068969726,0.238,0.012123516798019408
knn_defense_cifar_1xs_1500_remove_k1,remove,1,74,0.8571,0.0019147599637508392,0.062,0.017799606800079346
knn_defense_cifar_1xs_1500_remove_k1,remove,1,75,0.877,0.0016226507723331451,0.385,0.008589532971382142
knn_defense_cifar_1xs_1500_remove_k1,remove,1,76,0.9035,0.0012585688471794128,0.394,0.008155664920806886
knn_defense_cifar_1xs_1500_remove_k1,remove,1,77,0.9025,0.0012850871101021766,0.454,0.007223729610443115
knn_defense_cifar_1xs_1500_remove_k1,remove,1,78,0.9055,0.0012756626337766647,0.445,0.007656558871269226
knn_defense_cifar_1xs_1500_remove_k1,remove,1,79,0.9054,0.0012799683690071105,0.45,0.007626884460449219
knn_defense_cifar_1xs_1500_remove_k1,remove,1,80,0.9075,0.001280870608985424,0.437,0.008074879169464111
knn_defense_cifar_1xs_1500_remove_k1,remove,1,81,0.904,0.0013510470986366273,0.53,0.006109606981277466
knn_defense_cifar_1xs_1500_remove_k1,remove,1,82,0.9057,0.0013191929057240486,0.458,0.007478134751319886
knn_defense_cifar_1xs_1500_remove_k1,remove,1,83,0.9082,0.0013199641808867455,0.469,0.0074701874256134036
knn_defense_cifar_1xs_1500_remove_k1,remove,1,84,0.9037,0.0013778747379779815,0.527,0.006504290103912354
knn_defense_cifar_1xs_1500_remove_k1,remove,1,85,0.9056,0.0013650005370378494,0.52,0.006653153300285339
knn_defense_cifar_1xs_1500_remove_k1,remove,1,86,0.907,0.001352747482061386,0.497,0.007168333292007447
knn_defense_cifar_1xs_1500_remove_k1,remove,1,87,0.9083,0.0013777498692274094,0.453,0.00795082974433899
knn_defense_cifar_1xs_1500_remove_k1,remove,1,88,0.9095,0.0014062118530273437,0.467,0.008300562024116515
knn_defense_cifar_1xs_1500_remove_k1,remove,1,89,0.9087,0.0014252944126725198,0.497,0.007413020491600037
knn_defense_cifar_1xs_1500_remove_k1,remove,1,90,0.9011,0.001566598914563656,0.608,0.005439379453659058
knn_defense_cifar_1xs_1500_remove_k1,remove,1,91,0.9099,0.0014421500220894814,0.427,0.009276646852493286
knn_defense_cifar_1xs_1500_remove_k1,remove,1,92,0.9041,0.0015396494373679161,0.562,0.0067340763807296755
knn_defense_cifar_1xs_1500_remove_k1,remove,1,93,0.9052,0.0014893963366746903,0.562,0.006531580686569214
knn_defense_cifar_1xs_1500_remove_k1,remove,1,94,0.9088,0.0014959205940365792,0.43,0.009255955219268799
knn_defense_cifar_1xs_1500_remove_k1,remove,1,95,0.9108,0.001451492467522621,0.436,0.009320940017700195
knn_defense_cifar_1xs_1500_remove_k1,remove,1,96,0.9072,0.0015450900301337241,0.527,0.007471168398857117
knn_defense_cifar_1xs_1500_remove_k1,remove,1,97,0.909,0.0015142777353525161,0.483,0.008829975128173828
knn_defense_cifar_1xs_1500_remove_k1,remove,1,98,0.9044,0.0015827578634023667,0.488,0.008896270751953124
knn_defense_cifar_1xs_1500_remove_k1,remove,1,99,0.9103,0.0015388690859079361,0.495,0.008504663467407227
knn_defense_cifar_1xs_1500_remove_k1,remove,1,100,0.9104,0.0015394016712903975,0.431,0.010458102226257324
knn_defense_cifar_1xs_1500_remove_k1,remove,1,101,0.9081,0.0015484363615512848,0.474,0.009133858442306518
knn_defense_cifar_1xs_1500_remove_k1,remove,1,102,0.9052,0.001588331726193428,0.488,0.00865509009361267
knn_defense_cifar_1xs_1500_remove_k1,remove,1,103,0.9058,0.0016153149962425232,0.497,0.0090995135307312
knn_defense_cifar_1xs_1500_remove_k1,remove,1,104,0.9116,0.0015096862003207206,0.412,0.011354881525039672
knn_defense_cifar_1xs_1500_remove_k1,remove,1,105,0.9045,0.0017167183876037597,0.58,0.007298476338386536
knn_defense_cifar_1xs_1500_remove_k1,remove,1,106,0.9086,0.0015884149104356765,0.422,0.011514635562896728
knn_defense_cifar_1xs_1500_remove_k1,remove,1,107,0.9072,0.0016701439499855041,0.489,0.009675669431686401
knn_defense_cifar_1xs_1500_remove_k1,remove,1,108,0.905,0.0017366689652204513,0.56,0.007597924590110779
knn_defense_cifar_1xs_1500_remove_k1,remove,1,109,0.9062,0.0016891479760408402,0.529,0.008630113124847412
knn_defense_cifar_1xs_1500_remove_k1,remove,1,110,0.9049,0.001731679692864418,0.531,0.008446044921875
knn_defense_cifar_1xs_1500_remove_k1,remove,1,111,0.9111,0.0016035254806280137,0.393,0.012205962419509888
knn_defense_cifar_1xs_1500_remove_k1,remove,1,112,0.9064,0.0017184715121984482,0.499,0.009770346641540526
knn_defense_cifar_1xs_1500_remove_k1,remove,1,113,0.9087,0.0016531371027231217,0.435,0.011397056102752686
knn_defense_cifar_1xs_1500_remove_k1,remove,1,114,0.9029,0.001773723977804184,0.551,0.008100592613220214
knn_defense_cifar_1xs_1500_remove_k1,remove,1,115,0.9079,0.001619986993074417,0.434,0.011461852073669433
knn_defense_cifar_1xs_1500_remove_k1,remove,1,116,0.9096,0.0016230647593736649,0.453,0.011242376565933227
knn_defense_cifar_1xs_1500_remove_k1,remove,1,117,0.907,0.0017291753441095353,0.529,0.008989849328994751
knn_defense_cifar_1xs_1500_remove_k1,remove,1,118,0.9134,0.0015779308825731278,0.298,0.016288479328155518
knn_defense_cifar_1xs_1500_remove_k1,remove,1,119,0.91,0.0017459718614816666,0.47,0.010545351982116698
knn_defense_cifar_1xs_1500_remove_k1,remove,1,120,0.9086,0.001709058001637459,0.487,0.009569736003875732
knn_defense_cifar_1xs_1500_remove_k1,remove,1,121,0.9091,0.0016737182885408401,0.463,0.01076543354988098
knn_defense_cifar_1xs_1500_remove_k1,remove,1,122,0.9105,0.001644587278366089,0.422,0.012339918613433839
knn_defense_cifar_1xs_1500_remove_k1,remove,1,123,0.907,0.0017557559341192246,0.538,0.00922040319442749
knn_defense_cifar_1xs_1500_remove_k1,remove,1,124,0.9108,0.0017052421718835831,0.435,0.012042078971862793
knn_defense_cifar_1xs_1500_remove_k1,remove,1,125,0.9097,0.001702165786921978,0.472,0.01075000810623169
knn_defense_cifar_1xs_1500_remove_k1,remove,1,126,0.9085,0.0017309162482619285,0.523,0.009493618726730347
knn_defense_cifar_1xs_1500_remove_k1,remove,1,127,0.9088,0.0017218320161104203,0.521,0.009529756784439087
knn_defense_cifar_1xs_1500_remove_k1,remove,1,128,0.9081,0.001751200731098652,0.533,0.009149910688400268
knn_defense_cifar_1xs_1500_remove_k1,remove,1,129,0.908,0.0017397016778588296,0.541,0.00897587251663208
knn_defense_cifar_1xs_1500_remove_k1,remove,1,130,0.9088,0.0017226964324712753,0.536,0.00909708046913147
knn_defense_cifar_1xs_1500_remove_k1,remove,1,131,0.9093,0.0017219977900385856,0.529,0.009229291200637818
knn_defense_cifar_1xs_1500_remove_k1,remove,1,132,0.9086,0.0017332533061504363,0.527,0.00951062536239624
knn_defense_cifar_1xs_1500_remove_k1,remove,1,133,0.9084,0.001744177359342575,0.542,0.009005804300308227
knn_defense_cifar_1xs_1500_remove_k1,remove,1,134,0.9098,0.0017197541683912278,0.512,0.009939241170883179
knn_defense_cifar_1xs_1500_remove_k1,remove,1,135,0.9101,0.0017294425264000892,0.521,0.009468956232070922
knn_defense_cifar_1xs_1500_remove_k1,remove,1,136,0.909,0.0017553306564688682,0.547,0.00891794228553772
knn_defense_cifar_1xs_1500_remove_k1,remove,1,137,0.9098,0.0017322280138731003,0.525,0.009513554334640503
knn_defense_cifar_1xs_1500_remove_k1,remove,1,138,0.9104,0.001706235134601593,0.503,0.010398704290390014
knn_defense_cifar_1xs_1500_remove_k1,remove,1,139,0.9087,0.0017435632184147835,0.528,0.009557889699935913
knn_defense_cifar_1xs_1500_remove_k1,remove,1,140,0.9098,0.0017349955052137374,0.514,0.009746717929840087
knn_defense_cifar_1xs_1500_remove_k1,remove,1,141,0.907,0.0017680263698101044,0.54,0.008869112730026244
knn_defense_cifar_1xs_1500_remove_k1,remove,1,142,0.9101,0.0017196576923131943,0.5,0.010572287321090699
knn_defense_cifar_1xs_1500_remove_k1,remove,1,143,0.9106,0.0017143298134207725,0.506,0.010375606536865234
knn_defense_cifar_1xs_1500_remove_k1,remove,1,144,0.9097,0.0017350923776626587,0.513,0.010012684345245361
knn_defense_cifar_1xs_1500_remove_k1,remove,1,145,0.9102,0.0017502400070428849,0.508,0.010215667963027954
knn_defense_cifar_1xs_1500_remove_k1,remove,1,146,0.9097,0.0017567340314388275,0.519,0.009799466609954835
knn_defense_cifar_1xs_1500_remove_k1,remove,1,147,0.91,0.001730374339222908,0.512,0.009811574935913087
knn_defense_cifar_1xs_1500_remove_k1,remove,1,148,0.9109,0.001741657082736492,0.503,0.01049878764152527
knn_defense_cifar_1xs_1500_remove_k1,remove,1,149,0.91,0.0017407884642481803,0.501,0.010646738290786743
knn_defense_cifar_1xs_1500_remove_k1,remove,1,150,0.9097,0.0017286222383379936,0.5,0.010526290893554687
knn_defense_cifar_1xs_1500_remove_k1,remove,1,151,0.9086,0.0017501014351844787,0.52,0.00984251880645752
knn_defense_cifar_1xs_1500_remove_k1,remove,1,152,0.9091,0.0017305065229535103,0.505,0.010265304803848267
knn_defense_cifar_1xs_1500_remove_k1,remove,1,153,0.9122,0.0017268564090132713,0.472,0.011578370809555054
knn_defense_cifar_1xs_1500_remove_k1,remove,1,154,0.9108,0.0017150392785668374,0.475,0.011454409599304199
knn_defense_cifar_1xs_1500_remove_k1,remove,1,155,0.91,0.0017608668595552445,0.516,0.009974986791610718
knn_defense_cifar_1xs_1500_remove_k1,remove,1,156,0.9103,0.0017382220789790154,0.497,0.010670003414154052
knn_defense_cifar_1xs_1500_remove_k1,remove,1,157,0.9112,0.0017326067298650742,0.487,0.010850225687026977
knn_defense_cifar_1xs_1500_remove_k1,remove,1,158,0.9104,0.0017427539482712745,0.502,0.01037791657447815
knn_defense_cifar_1xs_1500_remove_k1,remove,1,159,0.9099,0.0017154519006609917,0.48,0.011071173906326294
knn_defense_cifar_1xs_1500_remove_k1,remove,1,160,0.9098,0.0017473397135734558,0.509,0.010153643608093262
knn_defense_cifar_1xs_1500_remove_k1,remove,1,161,0.9112,0.0017575594574213028,0.512,0.010442887067794799
knn_defense_cifar_1xs_1500_remove_k1,remove,1,162,0.9099,0.0017713373601436614,0.509,0.010399860858917236
knn_defense_cifar_1xs_1500_remove_k1,remove,1,163,0.911,0.0017553130447864533,0.51,0.010366103649139403
knn_defense_cifar_1xs_1500_remove_k1,remove,1,164,0.9091,0.0017806964665651322,0.524,0.00993299102783203
knn_defense_cifar_1xs_1500_remove_k1,remove,1,165,0.9128,0.0017450672194361688,0.493,0.010939376831054688
knn_defense_cifar_1xs_1500_remove_k1,remove,1,166,0.9113,0.0017192121788859368,0.48,0.011143321037292481
knn_defense_cifar_1xs_1500_remove_k1,remove,1,167,0.909,0.0017946755573153496,0.515,0.009846813201904297
knn_defense_cifar_1xs_1500_remove_k1,remove,1,168,0.9079,0.0017931236773729325,0.525,0.009537986993789672
knn_defense_cifar_1xs_1500_remove_k1,remove,1,169,0.9114,0.0017475929200649262,0.482,0.011290385723114013
knn_defense_cifar_1xs_1500_remove_k1,remove,1,170,0.9095,0.0017744572773575782,0.508,0.010456173181533813
knn_defense_cifar_1xs_1500_remove_k1,remove,1,171,0.9099,0.0017648693427443503,0.503,0.01047547721862793
knn_defense_cifar_1xs_1500_remove_k1,remove,1,172,0.9102,0.0017752375721931458,0.513,0.010264914751052857
knn_defense_cifar_1xs_1500_remove_k1,remove,1,173,0.9104,0.001770335829257965,0.503,0.010676740646362304
knn_defense_cifar_1xs_1500_remove_k1,remove,1,174,0.9105,0.0017536095798015594,0.49,0.011051934242248535
knn_defense_cifar_1xs_1500_remove_k1,remove,1,175,0.9091,0.001773601631820202,0.507,0.010560876607894898
knn_defense_cifar_1xs_1500_remove_k1,remove,1,176,0.9093,0.001783526848256588,0.507,0.010478307723999023
knn_defense_cifar_1xs_1500_remove_k1,remove,1,177,0.911,0.001763432116806507,0.498,0.01081818985939026
knn_defense_cifar_1xs_1500_remove_k1,remove,1,178,0.9092,0.0017924806624650955,0.509,0.010495660781860351
knn_defense_cifar_1xs_1500_remove_k1,remove,1,179,0.9095,0.0018064685493707658,0.508,0.010424142360687255
knn_defense_cifar_1xs_1500_remove_k1,remove,1,180,0.9116,0.001756839606165886,0.484,0.011392080545425416
knn_defense_cifar_1xs_1500_remove_k1,remove,1,181,0.9118,0.0017777097433805465,0.481,0.011578212261199951
knn_defense_cifar_1xs_1500_remove_k1,remove,1,182,0.9094,0.0017713526397943496,0.501,0.010707198619842529
knn_defense_cifar_1xs_1500_remove_k1,remove,1,183,0.9089,0.0017856472939252854,0.511,0.010174508094787598
knn_defense_cifar_1xs_1500_remove_k1,remove,1,184,0.9103,0.0017889212787151336,0.498,0.010861597537994384
knn_defense_cifar_1xs_1500_remove_k1,remove,1,185,0.9091,0.0017895610496401787,0.511,0.01033264422416687
knn_defense_cifar_1xs_1500_remove_k1,remove,1,186,0.9093,0.0017828571781516075,0.496,0.010984236717224122
knn_defense_cifar_1xs_1500_remove_k1,remove,1,187,0.9093,0.001776618230342865,0.508,0.01035610818862915
knn_defense_cifar_1xs_1500_remove_k1,remove,1,188,0.9103,0.001767519238591194,0.501,0.010520925998687744
knn_defense_cifar_1xs_1500_remove_k1,remove,1,189,0.9113,0.001763115131855011,0.492,0.010925370693206787
knn_defense_cifar_1xs_1500_remove_k1,remove,1,190,0.91,0.0017762833639979362,0.506,0.010725177526473999
knn_defense_cifar_1xs_1500_remove_k1,remove,1,191,0.9083,0.0017990823090076446,0.516,0.010179758310317992
knn_defense_cifar_1xs_1500_remove_k1,remove,1,192,0.9095,0.001772831442952156,0.48,0.0113470938205719
knn_defense_cifar_1xs_1500_remove_k1,remove,1,193,0.911,0.0017431638777256012,0.472,0.01171084475517273
knn_defense_cifar_1xs_1500_remove_k1,remove,1,194,0.9102,0.0017597154200077057,0.476,0.011314641714096069
knn_defense_cifar_1xs_1500_remove_k1,remove,1,195,0.9102,0.0017928939938545226,0.503,0.010704164505004882
knn_defense_cifar_1xs_1500_remove_k1,remove,1,196,0.9104,0.001756664103269577,0.481,0.011193916320800782
knn_defense_cifar_1xs_1500_remove_k1,remove,1,197,0.9113,0.001778894355893135,0.5,0.010843799114227295
knn_defense_cifar_1xs_1500_remove_k1,remove,1,198,0.9102,0.0017900123178958892,0.503,0.010678828954696655
knn_defense_cifar_1xs_1500_remove_k1,remove,1,199,0.9123,0.001763861057162285,0.483,0.011393642663955688
knn_defense_cifar_1xs_1500_remove_k1,remove,1,200,0.9107,0.0017590249091386796,0.47,0.011839188098907471
knn_defense_cifar_1xs_1500_none_k5,none,5,1,0.4722,0.006807609260082245,0.332,0.006384429931640625
knn_defense_cifar_1xs_1500_none_k5,none,5,2,0.6484,0.004012143176794052,0.582,0.0039412565231323245
knn_defense_cifar_1xs_1500_none_k5,none,5,3,0.6778,0.0036327245354652407,0.594,0.004301751494407654
knn_defense_cifar_1xs_1500_none_k5,none,5,4,0.6838,0.0038371728956699373,0.595,0.004539559483528137
knn_defense_cifar_1xs_1500_none_k5,none,5,5,0.7242,0.0032058917343616485,0.476,0.005327123522758484
knn_defense_cifar_1xs_1500_none_k5,none,5,6,0.707,0.003525058859586716,0.355,0.0070335943698883055
knn_defense_cifar_1xs_1500_none_k5,none,5,7,0.7822,0.0025519497156143186,0.765,0.002655104339122772
knn_defense_cifar_1xs_1500_none_k5,none,5,8,0.7932,0.0024337726682424547,0.925,0.0013530558049678803
knn_defense_cifar_1xs_1500_none_k5,none,5,9,0.7649,0.002824637830257416,0.816,0.002315358340740204
knn_defense_cifar_1xs_1500_none_k5,none,5,10,0.7872,0.0026413810670375825,0.783,0.0024573119282722475
knn_defense_cifar_1xs_1500_none_k5,none,5,11,0.7613,0.002936079627275467,0.887,0.0017979795038700103
knn_defense_cifar_1xs_1500_none_k5,none,5,12,0.8053,0.002328670710325241,0.803,0.0026058542728424074
knn_defense_cifar_1xs_1500_none_k5,none,5,13,0.8171,0.0022148061782121657,0.854,0.002436347484588623
knn_defense_cifar_1xs_1500_none_k5,none,5,14,0.8126,0.0023795116662979126,0.69,0.003016373693943024
knn_defense_cifar_1xs_1500_none_k5,none,5,15,0.8471,0.0018180061280727387,0.71,0.0031329940557479857
knn_defense_cifar_1xs_1500_none_k5,none,5,16,0.8181,0.0022072322517633436,0.902,0.0014824568331241609
knn_defense_cifar_1xs_1500_none_k5,none,5,17,0.8121,0.002210309210419655,0.849,0.0020855519473552703
knn_defense_cifar_1xs_1500_none_k5,none,5,18,0.8419,0.0019181406170129776,0.656,0.00398728346824646
knn_defense_cifar_1xs_1500_none_k5,none,5,19,0.8326,0.001984619906544685,0.904,0.0015071856379508973
knn_defense_cifar_1xs_1500_none_k5,none,5,20,0.8024,0.0023366413235664366,0.988,0.0003758702948689461
knn_defense_cifar_1xs_1500_none_k5,none,5,21,0.8046,0.0022324255764484408,0.981,0.0006183540374040603
knn_defense_cifar_1xs_1500_none_k5,none,5,22,0.8107,0.002181947100162506,0.976,0.0007645046412944794
knn_defense_cifar_1xs_1500_none_k5,none,5,23,0.7734,0.002863020420074463,0.993,0.0002833593115210533
knn_defense_cifar_1xs_1500_none_k5,none,5,24,0.7995,0.0023261010199785233,0.995,0.0003078336641192436
knn_defense_cifar_1xs_1500_none_k5,none,5,25,0.8391,0.002071316710114479,0.964,0.0008342587351799012
knn_defense_cifar_1xs_1500_none_k5,none,5,26,0.831,0.0019778493702411653,0.984,0.0005703317970037461
knn_defense_cifar_1xs_1500_none_k5,none,5,27,0.8403,0.0018816095143556594,0.977,0.00039124650508165357
knn_defense_cifar_1xs_1500_none_k5,none,5,28,0.8343,0.0020226138681173323,0.98,0.0005375046506524086
knn_defense_cifar_1xs_1500_none_k5,none,5,29,0.8038,0.0025259792417287826,0.909,0.0013842968940734864
knn_defense_cifar_1xs_1500_none_k5,none,5,30,0.8209,0.0023249423682689665,0.72,0.003304669499397278
knn_defense_cifar_1xs_1500_none_k5,none,5,31,0.7372,0.003383600777387619,0.998,0.0001575826909393072
knn_defense_cifar_1xs_1500_none_k5,none,5,32,0.8159,0.0022158402889966965,0.994,0.00044274966418743133
knn_defense_cifar_1xs_1500_none_k5,none,5,33,0.8425,0.0018888680100440979,0.994,0.0002778255641460419
knn_defense_cifar_1xs_1500_none_k5,none,5,34,0.8574,0.0018151225209236145,0.818,0.002011979639530182
knn_defense_cifar_1xs_1500_none_k5,none,5,35,0.8416,0.0018848192006349564,0.99,0.0005516203567385674
knn_defense_cifar_1xs_1500_none_k5,none,5,36,0.8123,0.0023445024251937865,0.979,0.0008415601700544357
knn_defense_cifar_1xs_1500_none_k5,none,5,37,0.8147,0.0023152871936559676,0.997,0.00026161500811576846
knn_defense_cifar_1xs_1500_none_k5,none,5,38,0.8446,0.001967973516881466,0.952,0.0009755508154630662
knn_defense_cifar_1xs_1500_none_k5,none,5,39,0.8183,0.0021937818795442583,0.993,0.00024860860034823417
knn_defense_cifar_1xs_1500_none_k5,none,5,40,0.8114,0.0023164480447769166,0.996,0.00025040744617581365
knn_defense_cifar_1xs_1500_none_k5,none,5,41,0.8342,0.0020609233796596528,0.961,0.000613300010561943
knn_defense_cifar_1xs_1500_none_k5,none,5,42,0.8328,0.002099455688893795,0.985,0.000520323783159256
knn_defense_cifar_1xs_1500_none_k5,none,5,43,0.8146,0.002393378710746765,0.993,0.0002070927508175373
knn_defense_cifar_1xs_1500_none_k5,none,5,44,0.8003,0.0026957429438829424,0.923,0.001109558954834938
knn_defense_cifar_1xs_1500_none_k5,none,5,45,0.8263,0.0021717507004737854,0.99,0.0002684338986873627
knn_defense_cifar_1xs_1500_none_k5,none,5,46,0.8334,0.0020672975957393646,0.952,0.0008055762797594071
knn_defense_cifar_1xs_1500_none_k5,none,5,47,0.812,0.002506060141324997,0.992,0.00022316740453243256
knn_defense_cifar_1xs_1500_none_k5,none,5,48,0.8019,0.00250678553879261,0.996,6.622332707047462e-05
knn_defense_cifar_1xs_1500_none_k5,none,5,49,0.8529,0.0018797218799591064,0.962,0.0009770837724208832
knn_defense_cifar_1xs_1500_none_k5,none,5,50,0.821,0.0022714352875947952,0.99,0.00041679128259420397
knn_defense_cifar_1xs_1500_none_k5,none,5,51,0.7994,0.0025781091570854188,0.998,7.632102258503436e-05
knn_defense_cifar_1xs_1500_none_k5,none,5,52,0.8198,0.0023168891608715057,0.997,0.00017470209300518035
knn_defense_cifar_1xs_1500_none_k5,none,5,53,0.8436,0.001987525627017021,0.985,0.0004091617241501808
knn_defense_cifar_1xs_1500_none_k5,none,5,54,0.8289,0.002136721870303154,0.998,8.480458986014128e-05
knn_defense_cifar_1xs_1500_none_k5,none,5,55,0.8281,0.002224441930651665,0.959,0.0009173561334609986
knn_defense_cifar_1xs_1500_none_k5,none,5,56,0.8112,0.0025037308633327486,0.982,0.0003132161237299442
knn_defense_cifar_1xs_1500_none_k5,none,5,57,0.831,0.0022386231899261476,0.98,0.00036312565207481385
knn_defense_cifar_1xs_1500_none_k5,none,5,58,0.8169,0.0024811980664730072,0.997,0.00023137040063738823
knn_defense_cifar_1xs_1500_none_k5,none,5,59,0.799,0.0027222305595874787,0.985,0.0002807520143687725
knn_defense_cifar_1xs_1500_none_k5,none,5,60,0.8485,0.0018564302116632462,0.984,0.0003954987078905106
knn_defense_cifar_1xs_1500_none_k5,none,5,61,0.8704,0.0017648668676614762,0.979,0.00047305700182914733
knn_defense_cifar_1xs_1500_none_k5,none,5,62,0.8306,0.002419537764787674,0.983,0.0002922174409031868
knn_defense_cifar_1xs_1500_none_k5,none,5,63,0.8393,0.00219464550614357,0.966,0.0005109671875834465
knn_defense_cifar_1xs_1500_none_k5,none,5,64,0.8543,0.0018202793151140212,0.957,0.0006139674484729767
knn_defense_cifar_1xs_1500_none_k5,none,5,65,0.8443,0.0019744602173566816,0.958,0.0006266003772616386
knn_defense_cifar_1xs_1500_none_k5,none,5,66,0.8593,0.0018188577741384507,0.986,0.00022690941765904428
knn_defense_cifar_1xs_1500_none_k5,none,5,67,0.83,0.002175249749422073,0.989,0.00017812808603048325
knn_defense_cifar_1xs_1500_none_k5,none,5,68,0.8648,0.001766843730211258,0.984,0.00032610341161489484
knn_defense_cifar_1xs_1500_none_k5,none,5,69,0.8535,0.0020376116663217547,0.958,0.0007382103204727173
knn_defense_cifar_1xs_1500_none_k5,none,5,70,0.8378,0.002096895495057106,0.857,0.002004111707210541
knn_defense_cifar_1xs_1500_none_k5,none,5,71,0.8569,0.0017779041171073913,0.996,0.00012036125920712948
knn_defense_cifar_1xs_1500_none_k5,none,5,72,0.8549,0.0019253040313720704,0.988,0.0002060573734343052
knn_defense_cifar_1xs_1500_none_k5,none,5,73,0.848,0.0019441452085971831,0.964,0.0006812372505664825
knn_defense_cifar_1xs_1500_none_k5,none,5,74,0.8142,0.002729854455590248,0.945,0.0009069223701953888
knn_defense_cifar_1xs_1500_none_k5,none,5,75,0.8642,0.0018258192896842957,0.987,0.0003632233738899231
knn_defense_cifar_1xs_1500_none_k5,none,5,76,0.8922,0.0013246135920286178,0.996,7.375549897551537e-05
knn_defense_cifar_1xs_1500_none_k5,none,5,77,0.8963,0.0013332441538572311,0.997,5.5375427938997746e-05
knn_defense_cifar_1xs_1500_none_k5,none,5,78,0.8964,0.0013534378379583358,0.997,3.630025265738368e-05
knn_defense_cifar_1xs_1500_none_k5,none,5,79,0.894,0.0013963437005877495,0.996,4.491983656771481e-05
knn_defense_cifar_1xs_1500_none_k5,none,5,80,0.8951,0.001434097334742546,0.997,3.443126636557281e-05
knn_defense_cifar_1xs_1500_none_k5,none,5,81,0.9012,0.0013779467821121215,0.999,4.134036949835718e-05
knn_defense_cifar_1xs_1500_none_k5,none,5,82,0.8977,0.0014338499695062637,0.998,2.7682688669301568e-05
knn_defense_cifar_1xs_1500_none_k5,none,5,83,0.8958,0.0015104074612259865,0.999,2.618805761449039e-05
knn_defense_cifar_1xs_1500_none_k5,none,5,84,0.8973,0.001481222841143608,0.998,2.7112128445878625e-05
knn_defense_cifar_1xs_1500_none_k5,none,5,85,0.8997,0.0014238286659121514,0.997,3.896349831484258e-05
knn_defense_cifar_1xs_1500_none_k5,none,5,86,0.889,0.001634931705892086,0.998,2.3178376024588942e-05
knn_defense_cifar_1xs_1500_none_k5,none,5,87,0.9038,0.001438491253554821,0.996,5.8332968736067414e-05
knn_defense_cifar_1xs_1500_none_k5,none,5,88,0.8988,0.0015044363126158714,0.999,3.327945049386472e-05
knn_defense_cifar_1xs_1500_none_k5,none,5,89,0.8927,0.0016043084844946862,0.998,2.388223324669525e-05
knn_defense_cifar_1xs_1500_none_k5,none,5,90,0.899,0.0015384947508573531,0.997,4.3452669284306467e-05
knn_defense_cifar_1xs_1500_none_k5,none,5,91,0.8971,0.001546613571047783,0.998,2.6193472556769846e-05
knn_defense_cifar_1xs_1500_none_k5,none,5,92,0.8952,0.0016278888612985612,0.998,2.2096071275882423e-05
knn_defense_cifar_1xs_1500_none_k5,none,5,93,0.8906,0.0016590772166848182,0.998,2.0389335637446493e-05
knn_defense_cifar_1xs_1500_none_k5,none,5,94,0.8968,0.0016213669672608376,0.999,2.2551714617293327e-05
knn_defense_cifar_1xs_1500_none_k5,none,5,95,0.8978,0.0015869511768221854,0.998,1.6436535806860773e-05
knn_defense_cifar_1xs_1500_none_k5,none,5,96,0.8961,0.0016498000532388687,0.998,1.6147887421539054e-05
knn_defense_cifar_1xs_1500_none_k5,none,5,97,0.8898,0.001779801009595394,0.999,1.1886034786584787e-05
knn_defense_cifar_1xs_1500_none_k5,none,5,98,0.8926,0.0017235282719135284,0.999,1.6866449572262353e-05
knn_defense_cifar_1xs_1500_none_k5,none,5,99,0.8948,0.0016895317524671554,0.998,1.9803749572020023e-05
knn_defense_cifar_1xs_1500_none_k5,none,5,100,0.891,0.001781847482919693,0.998,2.272325847297907e-05
knn_defense_cifar_1xs_1500_none_k5,none,5,101,0.8933,0.0016629596151411534,0.998,2.0461742067709567e-05
knn_defense_cifar_1xs_1500_none_k5,none,5,102,0.8993,0.0016532927736639977,0.998,1.850102687603794e-05
knn_defense_cifar_1xs_1500_none_k5,none,5,103,0.8965,0.0017235612362623215,0.999,1.6557900031330064e-05
knn_defense_cifar_1xs_1500_none_k5,none,5,104,0.8927,0.001798003375530243,0.999,1.5609489608323203e-05
knn_defense_cifar_1xs_1500_none_k5,none,5,105,0.894,0.001785925543308258,0.998,1.837533364596311e-05
knn_defense_cifar_1xs_1500_none_k5,none,5,106,0.8871,0.0019432000607252121,0.999,8.638760147732683e-06
knn_defense_cifar_1xs_1500_none_k5,none,5,107,0.897,0.001744444227218628,0.997,4.9375561298802495e-05
knn_defense_cifar_1xs_1500_none_k5,none,5,108,0.9002,0.0016629535526037217,0.999,2.4132653139531614e-05
knn_defense_cifar_1xs_1500_none_k5,none,5,109,0.891,0.0018616462230682373,0.999,1.4244826743379236e-05
knn_defense_cifar_1xs_1500_none_k5,none,5,110,0.8928,0.001811681753396988,0.998,2.0437196508282795e-05
knn_defense_cifar_1xs_1500_none_k5,none,5,111,0.8909,0.0018952657520771026,0.999,1.3279638602398336e-05
knn_defense_cifar_1xs_1500_none_k5,none,5,112,0.8955,0.0017900687158107758,0.995,5.012111028190702e-05
knn_defense_cifar_1xs_1500_none_k5,none,5,113,0.8924,0.0018260575607419013,0.999,1.6311215586028992e-05
knn_defense_cifar_1xs_1500_none_k5,none,5,114,0.8953,0.0018067647553980351,0.998,3.1011880142614245e-05
knn_defense_cifar_1xs_1500_none_k5,none,5,115,0.8919,0.001944466260075569,0.998,2.638153010047972e-05
knn_defense_cifar_1xs_1500_none_k5,none,5,116,0.8932,0.0018692880902439356,0.995,3.540336317382753e-05
knn_defense_cifar_1xs_1500_none_k5,none,5,117,0.8971,0.0018036612689495087,0.996,3.873960324563086e-05
knn_defense_cifar_1xs_1500_none_k5,none,5,118,0.8978,0.0018356124192476272,0.995,4.406706476584077e-05
knn_defense_cifar_1xs_1500_none_k5,none,5,119,0.8775,0.002290660221874714,1.0,3.4437738795531915e-06
knn_defense_cifar_1xs_1500_none_k5,none,5,120,0.8957,0.0018265362568199634,0.997,3.2402865937910975e-05
knn_defense_cifar_1xs_1500_none_k5,none,5,121,0.8975,0.0018140915364027023,0.997,2.3075654433341698e-05
knn_defense_cifar_1xs_1500_none_k5,none,5,122,0.8887,0.00197735755443573,0.997,1.804315540357493e-05
knn_defense_cifar_1xs_1500_none_k5,none,5,123,0.8915,0.001965398687124252,0.996,3.8595627527683976e-05
knn_defense_cifar_1xs_1500_none_k5,none,5,124,0.8941,0.0018325900875031948,0.997,2.956625516526401e-05
knn_defense_cifar_1xs_1500_none_k5,none,5,125,0.8968,0.0018769005164504052,0.999,2.620699247927405e-05
knn_defense_cifar_1xs_1500_none_k5,none,5,126,0.8952,0.0018584473818540573,0.999,1.5025666114524937e-05
knn_defense_cifar_1xs_1500_none_k5,none,5,127,0.8966,0.0018623364225029946,0.999,1.4438503538258375e-05
knn_defense_cifar_1xs_1500_none_k5,none,5,128,0.8951,0.0018364485010504722,0.999,1.698583424149547e-05
knn_defense_cifar_1xs_1500_none_k5,none,5,129,0.8941,0.001867904169857502,0.999,1.2697651545749977e-05
knn_defense_cifar_1xs_1500_none_k5,none,5,130,0.8954,0.0018740981489419938,0.999,1.56847549660597e-05
knn_defense_cifar_1xs_1500_none_k5,none,5,131,0.8945,0.0018530085861682892,0.999,1.2304352727369405e-05
knn_defense_cifar_1xs_1500_none_k5,none,5,132,0.8945,0.0018691067919135093,0.999,1.4402672051801347e-05
knn_defense_cifar_1xs_1500_none_k5,none,5,133,0.8951,0.0018630925133824349,0.999,1.4874674656311982e-05
knn_defense_cifar_1xs_1500_none_k5,none,5,134,0.8956,0.0018768295668065548,0.999,1.4902272436302154e-05
knn_defense_cifar_1xs_1500_none_k5,none,5,135,0.8954,0.0018818616934120655,0.999,1.2303130788495764e-05
knn_defense_cifar_1xs_1500_none_k5,none,5,136,0.8953,0.0019430962137877942,0.999,1.1738378183508757e-05
knn_defense_cifar_1xs_1500_none_k5,none,5,137,0.8953,0.0019176069140434265,0.999,9.903244899760466e-06
knn_defense_cifar_1xs_1500_none_k5,none,5,138,0.8957,0.0018941797457635403,0.999,1.32963128562551e-05
knn_defense_cifar_1xs_1500_none_k5,none,5,139,0.8965,0.001898143345862627,0.999,1.328967853623908e-05
knn_defense_cifar_1xs_1500_none_k5,none,5,140,0.8958,0.0018983390513807536,0.999,1.444061535585206e-05
knn_defense_cifar_1xs_1500_none_k5,none,5,141,0.8965,0.0019152848482131958,0.999,1.4678720355732366e-05
knn_defense_cifar_1xs_1500_none_k5,none,5,142,0.8953,0.001940242563188076,0.999,7.808437330822927e-06
knn_defense_cifar_1xs_1500_none_k5,none,5,143,0.8948,0.001964790395647287,0.999,9.098091279156507e-06
knn_defense_cifar_1xs_1500_none_k5,none,5,144,0.8936,0.001994530563056469,1.0,6.444217535317875e-06
knn_defense_cifar_1xs_1500_none_k5,none,5,145,0.8956,0.0019327663116157055,0.999,1.0611079895170406e-05
knn_defense_cifar_1xs_1500_none_k5,none,5,146,0.8963,0.0019275866173207759,0.999,1.2186588253825903e-05
knn_defense_cifar_1xs_1500_none_k5,none,5,147,0.896,0.001891100948676467,0.999,1.166855228075292e-05
knn_defense_cifar_1xs_1500_none_k5,none,5,148,0.8966,0.0019189881552010774,0.999,1.1527193899382837e-05
knn_defense_cifar_1xs_1500_none_k5,none,5,149,0.8954,0.0019488642118871212,0.999,1.2249510502442718e-05
knn_defense_cifar_1xs_1500_none_k5,none,5,150,0.8928,0.0019884719364345075,0.999,1.032727632264141e-05
knn_defense_cifar_1xs_1500_none_k5,none,5,151,0.8934,0.001985385762900114,0.999,1.2810815111151897e-05
knn_defense_cifar_1xs_1500_none_k5,none,5,152,0.8946,0.002006749726831913,0.999,1.0807793274580036e-05
knn_defense_cifar_1xs_1500_none_k5,none,5,153,0.8949,0.0019587897922843695,0.999,1.6357846950995735e-05
knn_defense_cifar_1xs_1500_none_k5,none,5,154,0.8931,0.0019790654934942723,0.999,1.2625920484424568e-05
knn_defense_cifar_1xs_1500_none_k5,none,5,155,0.8938,0.0020058437459170818,0.998,1.3172490798751824e-05
knn_defense_cifar_1xs_1500_none_k5,none,5,156,0.8934,0.001951837596297264,0.998,1.189927419181913e-05
knn_defense_cifar_1xs_1500_none_k5,none,5,157,0.8935,0.0020096576400101184,0.999,1.150402437633602e-05
knn_defense_cifar_1xs_1500_none_k5,none,5,158,0.8943,0.0019761032521724703,0.998,1.2157948498497718e-05
knn_defense_cifar_1xs_1500_none_k5,none,5,159,0.8937,0.0020267550393939016,0.998,1.144986174767837e-05
knn_defense_cifar_1xs_1500_none_k5,none,5,160,0.8962,0.001981984668597579,0.999,1.3865735847502946e-05
knn_defense_cifar_1xs_1500_none_k5,none,5,161,0.8947,0.0019771519511938094,0.999,1.1590962880291044e-05
knn_defense_cifar_1xs_1500_none_k5,none,5,162,0.892,0.0020900755936279895,0.998,1.2182352867966983e-05
knn_defense_cifar_1xs_1500_none_k5,none,5,163,0.8953,0.001982202248647809,0.999,1.6272173408651726e-05
knn_defense_cifar_1xs_1500_none_k5,none,5,164,0.8936,0.002067841801419854,0.999,9.294824849348515e-06
knn_defense_cifar_1xs_1500_none_k5,none,5,165,0.8955,0.002001736213918775,0.998,1.7616393102798612e-05
knn_defense_cifar_1xs_1500_none_k5,none,5,166,0.8947,0.0020295503495261075,0.998,1.4113468554569408e-05
knn_defense_cifar_1xs_1500_none_k5,none,5,167,0.8961,0.0019974820226430893,0.999,1.1123366217361763e-05
knn_defense_cifar_1xs_1500_none_k5,none,5,168,0.8949,0.00196911100782454,0.998,1.3436204724712297e-05
knn_defense_cifar_1xs_1500_none_k5,none,5,169,0.8947,0.0020122274171561,0.998,1.178413892921526e-05
knn_defense_cifar_1xs_1500_none_k5,none,5,170,0.894,0.002034312489628792,1.0,8.31058359472081e-06
knn_defense_cifar_1xs_1500_none_k5,none,5,171,0.8927,0.0020523505080491306,0.999,1.2410698051098734e-05
knn_defense_cifar_1xs_1500_none_k5,none,5,172,0.8936,0.002042566877603531,0.998,1.5001092513557524e-05
knn_defense_cifar_1xs_1500_none_k5,none,5,173,0.8923,0.0021056218065321447,1.0,7.200458428997081e-06
knn_defense_cifar_1xs_1500_none_k5,none,5,174,0.8937,0.002056405632942915,0.998,1.3577661651652306e-05
knn_defense_cifar_1xs_1500_none_k5,none,5,175,0.8953,0.00198836886882782,0.998,1.4143726468319073e-05
knn_defense_cifar_1xs_1500_none_k5,none,5,176,0.8944,0.0020580408483743665,0.999,1.0340689870645292e-05
knn_defense_cifar_1xs_1500_none_k5,none,5,177,0.896,0.002005637387931347,0.998,1.2515858601545914e-05
knn_defense_cifar_1xs_1500_none_k5,none,5,178,0.8951,0.0020345423251390458,0.998,1.3807623952743597e-05
knn_defense_cifar_1xs_1500_none_k5,none,5,179,0.8931,0.0020710545279085638,0.999,8.138492514262908e-06
knn_defense_cifar_1xs_1500_none_k5,none,5,180,0.8915,0.002091910991817713,1.0,8.879618340870366e-06
knn_defense_cifar_1xs_1500_none_k5,none,5,181,0.8948,0.0020433805350214243,1.0,1.1253414500970394e-05
knn_defense_cifar_1xs_1500_none_k5,none,5,182,0.8946,0.002047260246798396,1.0,9.019923803862185e-06
knn_defense_cifar_1xs_1500_none_k5,none,5,183,0.8951,0.002015893064253032,1.0,8.532926760381087e-06
knn_defense_cifar_1xs_1500_none_k5,none,5,184,0.8933,0.0021187766574323175,1.0,1.0245121637126432e-05
knn_defense_cifar_1xs_1500_none_k5,none,5,185,0.8935,0.002076752956584096,1.0,8.117802295600996e-06
knn_defense_cifar_1xs_1500_none_k5,none,5,186,0.8956,0.002078362935036421,1.0,9.469270997215062e-06
knn_defense_cifar_1xs_1500_none_k5,none,5,187,0.8942,0.00211687300093472,1.0,8.442442631348967e-06
knn_defense_cifar_1xs_1500_none_k5,none,5,188,0.8934,0.0021253198973834515,1.0,8.229602630308364e-06
knn_defense_cifar_1xs_1500_none_k5,none,5,189,0.8942,0.002124580069631338,1.0,1.2004502750642131e-05
knn_defense_cifar_1xs_1500_none_k5,none,5,190,0.8965,0.0020491754300892354,0.997,1.7151885447674433e-05
knn_defense_cifar_1xs_1500_none_k5,none,5,191,0.8946,0.0021021125845611098,1.0,8.341855434991885e-06
knn_defense_cifar_1xs_1500_none_k5,none,5,192,0.8935,0.0021497773736715315,0.999,1.1775167105952278e-05
knn_defense_cifar_1xs_1500_none_k5,none,5,193,0.8925,0.002175870920345187,1.0,6.400280431989813e-06
knn_defense_cifar_1xs_1500_none_k5,none,5,194,0.8947,0.002091029541194439,0.999,9.339293341326993e-06
knn_defense_cifar_1xs_1500_none_k5,none,5,195,0.8971,0.002046629608422518,1.0,7.3344047923455946e-06
knn_defense_cifar_1xs_1500_none_k5,none,5,196,0.8945,0.0021271665688604117,0.999,1.1074420537624974e-05
knn_defense_cifar_1xs_1500_none_k5,none,5,197,0.8942,0.0021461739543825386,1.0,6.802241332479753e-06
knn_defense_cifar_1xs_1500_none_k5,none,5,198,0.8935,0.0021239297214895488,1.0,7.042322991765104e-06
knn_defense_cifar_1xs_1500_none_k5,none,5,199,0.8927,0.002171357214450836,0.999,1.099596590938745e-05
knn_defense_cifar_1xs_1500_none_k5,none,5,200,0.8967,0.0020830329626798628,1.0,9.645689453464e-06
knn_defense_cifar_1xs_1500_remove_k5,remove,5,1,0.5563,0.005290717589855194,0.187,0.010826611280441285
knn_defense_cifar_1xs_1500_remove_k5,remove,5,2,0.6561,0.00393941438794136,0.047,0.014794734716415405
knn_defense_cifar_1xs_1500_remove_k5,remove,5,3,0.7024,0.0035003210306167602,0.146,0.012772659301757812
knn_defense_cifar_1xs_1500_remove_k5,remove,5,4,0.7328,0.0032968465447425844,0.123,0.012125285387039185
knn_defense_cifar_1xs_1500_remove_k5,remove,5,5,0.7395,0.0031338735401630403,0.282,0.008341293811798095
knn_defense_cifar_1xs_1500_remove_k5,remove,5,6,0.7321,0.003455899202823639,0.334,0.008370999097824097
knn_defense_cifar_1xs_1500_remove_k5,remove,5,7,0.7791,0.0027191660583019256,0.109,0.012328105449676514
knn_defense_cifar_1xs_1500_remove_k5,remove,5,8,0.7795,0.0027232926368713378,0.102,0.01564487648010254
knn_defense_cifar_1xs_1500_remove_k5,remove,5,9,0.8111,0.002226424893736839,0.117,0.014989461421966553
knn_defense_cifar_1xs_1500_remove_k5,remove,5,10,0.6884,0.0042523859322071075,0.086,0.016531068086624145
knn_defense_cifar_1xs_1500_remove_k5,remove,5,11,0.7907,0.0028295777797698973,0.046,0.019880947589874267
knn_defense_cifar_1xs_1500_remove_k5,remove,5,12,0.7979,0.0025038597464561462,0.098,0.015627904176712035
knn_defense_cifar_1xs_1500_remove_k5,remove,5,13,0.8266,0.002035181871056557,0.109,0.018011629581451416
knn_defense_cifar_1xs_1500_remove_k5,remove,5,14,0.8223,0.002223781940340996,0.071,0.018864240646362305
knn_defense_cifar_1xs_1500_remove_k5,remove,5,15,0.7987,0.002755435785651207,0.289,0.010492103338241578
knn_defense_cifar_1xs_1500_remove_k5,remove,5,16,0.8333,0.002042223459482193,0.086,0.016560483932495117
knn_defense_cifar_1xs_1500_remove_k5,remove,5,17,0.7853,0.002784348666667938,0.446,0.005613702654838562
knn_defense_cifar_1xs_1500_remove_k5,remove,5,18,0.8275,0.0021803542077541353,0.244,0.010553730010986329
knn_defense_cifar_1xs_1500_remove_k5,remove,5,19,0.8382,0.002076113107800484,0.265,0.010569368362426758
knn_defense_cifar_1xs_1500_remove_k5,remove,5,20,0.8395,0.002036727863550186,0.025,0.028145254135131834
knn_defense_cifar_1xs_1500_remove_k5,remove,5,21,0.8009,0.0026305711269378664,0.365,0.008800725936889648
knn_defense_cifar_1xs_1500_remove_k5,remove,5,22,0.791,0.0026487119048833846,0.252,0.011397542238235473
knn_defense_cifar_1xs_1500_remove_k5,remove,5,23,0.8261,0.002208219149708748,0.059,0.01778621768951416
knn_defense_cifar_1xs_1500_remove_k5,remove,5,24,0.8391,0.002010378348827362,0.383,0.007762527108192444
knn_defense_cifar_1xs_1500_remove_k5,remove,5,25,0.8332,0.002031511703133583,0.241,0.012210973501205445
knn_defense_cifar_1xs_1500_remove_k5,remove,5,26,0.827,0.0021573074609041215,0.266,0.01166563081741333
knn_defense_cifar_1xs_1500_remove_k5,remove,5,27,0.8356,0.0020437839299440384,0.418,0.006842398881912231
knn_defense_cifar_1xs_1500_remove_k5,remove,5,28,0.8443,0.002058933737874031,0.055,0.022220466613769533
knn_defense_cifar_1xs_1500_remove_k5,remove,5,29,0.787,0.0029448557257652284,0.085,0.01723492431640625
knn_defense_cifar_1xs_1500_remove_k5,remove,5,30,0.8397,0.0021555967718362807,0.421,0.006191014051437378
knn_defense_cifar_1xs_1500_remove_k5,remove,5,31,0.8319,0.0021869094282388687,0.364,0.009167271852493285
knn_defense_cifar_1xs_1500_remove_k5,remove,5,32,0.8076,0.002529281088709831,0.691,0.00350640606880188
knn_defense_cifar_1xs_1500_remove_k5,remove,5,33,0.8246,0.002345509335398674,0.577,0.005749022483825684
knn_defense_cifar_1xs_1500_remove_k5,remove,5,34,0.8391,0.002262303641438484,0.33,0.010547951936721802
knn_defense_cifar_1xs_1500_remove_k5,remove,5,35,0.8444,0.0020086224138736726,0.478,0.0062054041624069215
knn_defense_cifar_1xs_1500_remove_k5,remove,5,36,0.8425,0.001997018188238144,0.197,0.013479067087173462
knn_defense_cifar_1xs_1500_remove_k5,remove,5,37,0.8248,0.0022844561457633973,0.207,0.014509620189666748
knn_defense_cifar_1xs_1500_remove_k5,remove,5,38,0.8491,0.002091139185428619,0.124,0.020515522003173827
knn_defense_cifar_1xs_1500_remove_k5,remove,5,39,0.8648,0.0017060169219970704,0.127,0.014850284099578857
knn_defense_cifar_1xs_1500_remove_k5,remove,5,40,0.8339,0.0023538283973932265,0.296,0.010431878328323364
knn_defense_cifar_1xs_1500_remove_k5,remove,5,41,0.855,0.0018623569697141648,0.092,0.018327399730682373
knn_defense_cifar_1xs_1500_remove_k5,remove,5,42,0.808,0.002896571969985962,0.178,0.01593912410736084
knn_defense_cifar_1xs_1500_remove_k5,remove,5,43,0.8357,0.0021310981422662735,0.56,0.0058010083436965945
knn_defense_cifar_1xs_1500_remove_k5,remove,5,44,0.8411,0.0020874720066785812,0.352,0.009473861694335938
knn_defense_cifar_1xs_1500_remove_k5,remove,5,45,0.8573,0.001862070369720459,0.407,0.009670218229293823
knn_defense_cifar_1xs_1500_remove_k5,remove,5,46,0.8494,0.0020790615260601044,0.229,0.012396145343780517
knn_defense_cifar_1xs_1500_remove_k5,remove,5,47,0.8315,0.0022625549495220183,0.381,0.0097866690158844
knn_defense_cifar_1xs_1500_remove_k5,remove,5,48,0.8704,0.001725287827849388,0.077,0.023368640422821045
knn_defense_cifar_1xs_1500_remove_k5,remove,5,49,0.8326,0.002290799218416214,0.161,0.014495429515838622
knn_defense_cifar_1xs_1500_remove_k5,remove,5,50,0.8364,0.002349978995323181,0.384,0.009162050962448121
knn_defense_cifar_1xs_1500_remove_k5,remove,5,51,0.858,0.001919765344262123,0.201,0.012256498336791993
knn_defense_cifar_1xs_1500_remove_k5,remove,5,52,0.8437,0.0021590972989797594,0.645,0.004981223106384277
knn_defense_cifar_1xs_1500_remove_k5,remove,5,53,0.8556,0.0018847113370895386,0.059,0.020687729835510253
knn_defense_cifar_1xs_1500_remove_k5,remove,5,54,0.8612,0.001795678836107254,0.161,0.01255479621887207
knn_defense_cifar_1xs_1500_remove_k5,remove,5,55,0.8604,0.0018420095771551131,0.18,0.01470402455329895
knn_defense_cifar_1xs_1500_remove_k5,remove,5,56,0.8517,0.0019973115503787993,0.206,0.012813738822937012
knn_defense_cifar_1xs_1500_remove_k5,remove,5,57,0.8476,0.0021823543876409533,0.223,0.014814129114151002
knn_defense_cifar_1xs_1500_remove_k5,remove,5,58,0.8325,0.0023618681460618974,0.3,0.011493675708770752
knn_defense_cifar_1xs_1500_remove_k5,remove,5,59,0.8547,0.002047927859425545,0.214,0.014494600296020508
knn_defense_cifar_1xs_1500_remove_k5,remove,5,60,0.8134,0.00266555415391922,0.427,0.00825641167163849
knn_defense_cifar_1xs_1500_remove_k5,remove,5,61,0.8682,0.0018568777829408645,0.096,0.019573348522186278
knn_defense_cifar_1xs_1500_remove_k5,remove,5,62,0.864,0.001855133917927742,0.275,0.013156754732131957
knn_defense_cifar_1xs_1500_remove_k5,remove,5,63,0.8482,0.0019786094129085542,0.677,0.003656433999538422
knn_defense_cifar_1xs_1500_remove_k5,remove,5,64,0.8487,0.002016821190714836,0.701,0.0033575645685195925
knn_defense_cifar_1xs_1500_remove_k5,remove,5,65,0.8208,0.002620306012034416,0.238,0.012510182857513428
knn_defense_cifar_1xs_1500_remove_k5,remove,5,66,0.8383,0.0020001542031764983,0.74,0.0030598301291465757
knn_defense_cifar_1xs_1500_remove_k5,remove,5,67,0.8561,0.0019961999952793122,0.351,0.009645776510238648
knn_defense_cifar_1xs_1500_remove_k5,remove,5,68,0.8478,0.002146656009554863,0.242,0.013021431684494019
knn_defense_cifar_1xs_1500_remove_k5,remove,5,69,0.8498,0.0020271919637918473,0.338,0.009912631750106812
knn_defense_cifar_1xs_1500_remove_k5,remove,5,70,0.8536,0.002156148225069046,0.161,0.01765379762649536
knn_defense_cifar_1xs_1500_remove_k5,remove,5,71,0.8644,0.0018884009182453157,0.029,0.030703081130981445
knn_defense_cifar_1xs_1500_remove_k5,remove,5,72,0.8567,0.002006023287773132,0.269,0.01247708773612976
knn_defense_cifar_1xs_1500_remove_k5,remove,5,73,0.8432,0.0021905184179544447,0.691,0.0034406275153160094
knn_defense_cifar_1xs_1500_remove_k5,remove,5,74,0.8665,0.0019023689597845077,0.221,0.014660614728927612
knn_defense_cifar_1xs_1500_remove_k5,remove,5,75,0.8597,0.0019348595798015596,0.201,0.01575801944732666
knn_defense_cifar_1xs_1500_remove_k5,remove,5,76,0.9057,0.0012685498103499413,0.324,0.01120542287826538
knn_defense_cifar_1xs_1500_remove_k5,remove,5,77,0.9129,0.0012275430873036385,0.245,0.013548360109329223
knn_defense_cifar_1xs_1500_remove_k5,remove,5,78,0.9116,0.0012585092768073083,0.312,0.011188007354736329
knn_defense_cifar_1xs_1500_remove_k5,remove,5,79,0.9117,0.001261625050008297,0.322,0.011255553245544433
knn_defense_cifar_1xs_1500_remove_k5,remove,5,80,0.9114,0.0012978032425045966,0.329,0.01101941728591919
knn_defense_cifar_1xs_1500_remove_k5,remove,5,81,0.9133,0.0012906723991036415,0.293,0.013010957479476929
knn_defense_cifar_1xs_1500_remove_k5,remove,5,82,0.9126,0.00132110675573349,0.364,0.010953147888183594
knn_defense_cifar_1xs_1500_remove_k5,remove,5,83,0.9147,0.0013329086244106294,0.33,0.01171929669380188
knn_defense_cifar_1xs_1500_remove_k5,remove,5,84,0.9133,0.0013369412779808045,0.294,0.013521999359130859
knn_defense_cifar_1xs_1500_remove_k5,remove,5,85,0.913,0.0013903907239437103,0.391,0.010377944231033324
knn_defense_cifar_1xs_1500_remove_k5,remove,5,86,0.911,0.0014065919920802116,0.434,0.009085673093795776
knn_defense_cifar_1xs_1500_remove_k5,remove,5,87,0.9129,0.0014100087314844131,0.363,0.011763630628585816
knn_defense_cifar_1xs_1500_remove_k5,remove,5,88,0.909,0.0014577679470181464,0.439,0.009308956861495972
knn_defense_cifar_1xs_1500_remove_k5,remove,5,89,0.9128,0.0014057082042098045,0.336,0.011998972177505493
knn_defense_cifar_1xs_1500_remove_k5,remove,5,90,0.9118,0.0014492091909050942,0.414,0.010061278581619263
knn_defense_cifar_1xs_1500_remove_k5,remove,5,91,0.9124,0.0014506145820021629,0.297,0.014103863954544067
knn_defense_cifar_1xs_1500_remove_k5,remove,5,92,0.9121,0.0014608707651495934,0.365,0.011601727724075318
knn_defense_cifar_1xs_1500_remove_k5,remove,5,93,0.9111,0.0014748556599020958,0.313,0.014075362682342529
knn_defense_cifar_1xs_1500_remove_k5,remove,5,94,0.9122,0.0014914407134056092,0.309,0.014282987117767335
knn_defense_cifar_1xs_1500_remove_k5,remove,5,95,0.9104,0.0015482220962643623,0.365,0.012212401866912841
knn_defense_cifar_1xs_1500_remove_k5,remove,5,96,0.9121,0.0015133284896612167,0.285,0.01500638246536255
knn_defense_cifar_1xs_1500_remove_k5,remove,5,97,0.911,0.0015320850118994713,0.318,0.013867019891738892
knn_defense_cifar_1xs_1500_remove_k5,remove,5,98,0.9138,0.001497918850183487,0.26,0.016843451499938964
knn_defense_cifar_1xs_1500_remove_k5,remove,5,99,0.9097,0.001573436000943184,0.399,0.012001215219497681
knn_defense_cifar_1xs_1500_remove_k5,remove,5,100,0.9133,0.001505041065812111,0.312,0.014390748500823974
knn_defense_cifar_1xs_1500_remove_k5,remove,5,101,0.9071,0.0016199646294116975,0.412,0.011347353219985963
knn_defense_cifar_1xs_1500_remove_k5,remove,5,102,0.916,0.001475160902738571,0.27,0.01615203332901001
knn_defense_cifar_1xs_1500_remove_k5,remove,5,103,0.9101,0.0016355159014463424,0.477,0.009488788366317748
knn_defense_cifar_1xs_1500_remove_k5,remove,5,104,0.9122,0.00159793900847435,0.359,0.013273699760437012
knn_defense_cifar_1xs_1500_remove_k5,remove,5,105,0.9128,0.0015608361393213272,0.365,0.012633093118667603
knn_defense_cifar_1xs_1500_remove_k5,remove,5,106,0.9092,0.0016234843552112579,0.475,0.010196518898010255
knn_defense_cifar_1xs_1500_remove_k5,remove,5,107,0.9162,0.0015912219420075417,0.285,0.017263782024383546
knn_defense_cifar_1xs_1500_remove_k5,remove,5,108,0.9138,0.001584085576236248,0.376,0.012672204971313477
knn_defense_cifar_1xs_1500_remove_k5,remove,5,109,0.9124,0.0016367453157901763,0.419,0.011728537797927856
knn_defense_cifar_1xs_1500_remove_k5,remove,5,110,0.9119,0.001639619579911232,0.392,0.011924870014190674
knn_defense_cifar_1xs_1500_remove_k5,remove,5,111,0.9137,0.001612945306301117,0.25,0.01914493989944458
knn_defense_cifar_1xs_1500_remove_k5,remove,5,112,0.9128,0.0016459960997104645,0.358,0.013602192401885987
knn_defense_cifar_1xs_1500_remove_k5,remove,5,113,0.9128,0.0016325808629393578,0.396,0.011819469451904296
knn_defense_cifar_1xs_1500_remove_k5,remove,5,114,0.9158,0.001627881707251072,0.34,0.01516817307472229
knn_defense_cifar_1xs_1500_remove_k5,remove,5,115,0.914,0.0016348000168800354,0.275,0.017241313934326173
knn_defense_cifar_1xs_1500_remove_k5,remove,5,116,0.9118,0.0017118752628564834,0.424,0.012692362546920776
knn_defense_cifar_1xs_1500_remove_k5,remove,5,117,0.9088,0.0017471395909786224,0.501,0.010132560968399047
knn_defense_cifar_1xs_1500_remove_k5,remove,5,118,0.9133,0.0016737160295248032,0.354,0.014391285181045533
knn_defense_cifar_1xs_1500_remove_k5,remove,5,119,0.9109,0.0016892145365476608,0.434,0.01143025517463684
knn_defense_cifar_1xs_1500_remove_k5,remove,5,120,0.9094,0.0017657059729099273,0.479,0.009762428283691406
knn_defense_cifar_1xs_1500_remove_k5,remove,5,121,0.9156,0.001560631600022316,0.236,0.01875904083251953
knn_defense_cifar_1xs_1500_remove_k5,remove,5,122,0.9153,0.0016491367995738982,0.346,0.01462131142616272
knn_defense_cifar_1xs_1500_remove_k5,remove,5,123,0.9122,0.0016403801590204239,0.416,0.012095507860183716
knn_defense_cifar_1xs_1500_remove_k5,remove,5,124,0.9141,0.001627554652094841,0.339,0.014778480052947999
knn_defense_cifar_1xs_1500_remove_k5,remove,5,125,0.912,0.001660967031121254,0.385,0.013744544506072999
knn_defense_cifar_1xs_1500_remove_k5,remove,5,126,0.9112,0.0016903536766767501,0.417,0.012722984552383423
knn_defense_cifar_1xs_1500_remove_k5,remove,5,127,0.9115,0.0016625127524137497,0.385,0.013625806331634521
knn_defense_cifar_1xs_1500_remove_k5,remove,5,128,0.9143,0.0016658808559179305,0.384,0.013901738166809082
knn_defense_cifar_1xs_1500_remove_k5,remove,5,129,0.9143,0.00163229179084301,0.358,0.014921815395355224
knn_defense_cifar_1xs_1500_remove_k5,remove,5,130,0.9146,0.001637561309337616,0.365,0.014307345390319824
knn_defense_cifar_1xs_1500_remove_k5,remove,5,131,0.9139,0.0016338957995176316,0.371,0.013968159675598144
knn_defense_cifar_1xs_1500_remove_k5,remove,5,132,0.914,0.0016427418261766435,0.38,0.013718239545822143
knn_defense_cifar_1xs_1500_remove_k5,remove,5,133,0.9149,0.001642883336544037,0.365,0.014691460132598876
knn_defense_cifar_1xs_1500_remove_k5,remove,5,134,0.9138,0.001669038364291191,0.403,0.013135673999786377
knn_defense_cifar_1xs_1500_remove_k5,remove,5,135,0.9152,0.0016386695504188537,0.377,0.014135796785354614
knn_defense_cifar_1xs_1500_remove_k5,remove,5,136,0.9153,0.0016553932785987853,0.395,0.013179171085357665
knn_defense_cifar_1xs_1500_remove_k5,remove,5,137,0.9146,0.0016484331607818604,0.391,0.01333366346359253
knn_defense_cifar_1xs_1500_remove_k5,remove,5,138,0.9151,0.001649731880426407,0.38,0.013561171531677246
knn_defense_cifar_1xs_1500_remove_k5,remove,5,139,0.9149,0.0016541469275951385,0.4,0.01305774974822998
knn_defense_cifar_1xs_1500_remove_k5,remove,5,140,0.9147,0.001674344801902771,0.413,0.012670733451843262
knn_defense_cifar_1xs_1500_remove_k5,remove,5,141,0.9151,0.0016843993127346039,0.425,0.012386639356613159
knn_defense_cifar_1xs_1500_remove_k5,remove,5,142,0.9166,0.0016178206697106362,0.344,0.015121896743774415
knn_defense_cifar_1xs_1500_remove_k5,remove,5,143,0.9163,0.0016388454750180244,0.369,0.014081894397735596
knn_defense_cifar_1xs_1500_remove_k5,remove,5,144,0.9154,0.001653901532292366,0.372,0.014219164848327637
knn_defense_cifar_1xs_1500_remove_k5,remove,5,145,0.9158,0.0016323958605527877,0.372,0.014283265829086303
knn_defense_cifar_1xs_1500_remove_k5,remove,5,146,0.917,0.0016132067322731018,0.327,0.016432792901992798
knn_defense_cifar_1xs_1500_remove_k5,remove,5,147,0.9157,0.0016636416167020798,0.387,0.013451806306838988
knn_defense_cifar_1xs_1500_remove_k5,remove,5,148,0.9155,0.0016670124024152756,0.373,0.014134252309799195
knn_defense_cifar_1xs_1500_remove_k5,remove,5,149,0.9141,0.001666739448904991,0.373,0.01423915696144104
knn_defense_cifar_1xs_1500_remove_k5,remove,5,150,0.9149,0.001675123104453087,0.391,0.013661067962646484
knn_defense_cifar_1xs_1500_remove_k5,remove,5,151,0.915,0.0016681695371866226,0.389,0.013506927013397218
knn_defense_cifar_1xs_1500_remove_k5,remove,5,152,0.9136,0.0016787754029035568,0.393,0.01355077576637268
knn_defense_cifar_1xs_1500_remove_k5,remove,5,153,0.9141,0.001681471285223961,0.406,0.013146821022033692
knn_defense_cifar_1xs_1500_remove_k5,remove,5,154,0.916,0.0016413433253765106,0.368,0.014338572502136231
knn_defense_cifar_1xs_1500_remove_k5,remove,5,155,0.9138,0.0016739616513252258,0.385,0.014127735376358032
knn_defense_cifar_1xs_1500_remove_k5,remove,5,156,0.9139,0.0016748529642820358,0.405,0.013381330013275147
knn_defense_cifar_1xs_1500_remove_k5,remove,5,157,0.9144,0.0016653979927301406,0.393,0.013596290111541749
knn_defense_cifar_1xs_1500_remove_k5,remove,5,158,0.9154,0.0016646018236875534,0.371,0.014136662483215332
knn_defense_cifar_1xs_1500_remove_k5,remove,5,159,0.9148,0.0016731307983398438,0.375,0.014121529102325439
knn_defense_cifar_1xs_1500_remove_k5,remove,5,160,0.9146,0.0016816993445158005,0.386,0.013427343368530274
knn_defense_cifar_1xs_1500_remove_k5,remove,5,161,0.9146,0.0016719275027513505,0.39,0.013717550992965698
knn_defense_cifar_1xs_1500_remove_k5,remove,5,162,0.9148,0.0016621960580348969,0.376,0.014112258911132812
knn_defense_cifar_1xs_1500_remove_k5,remove,5,163,0.9151,0.0016581220179796219,0.366,0.014586180686950683
knn_defense_cifar_1xs_1500_remove_k5,remove,5,164,0.9159,0.0016771203875541687,0.385,0.013712584495544433
knn_defense_cifar_1xs_1500_remove_k5,remove,5,165,0.9151,0.0016636016815900802,0.387,0.01391395092010498
knn_defense_cifar_1xs_1500_remove_k5,remove,5,166,0.9128,0.001691645035147667,0.418,0.012488073587417603
knn_defense_cifar_1xs_1500_remove_k5,remove,5,167,0.9158,0.0016760174810886382,0.37,0.014392285108566284
knn_defense_cifar_1xs_1500_remove_k5,remove,5,168,0.916,0.0016554732203483582,0.382,0.013916780948638916
knn_defense_cifar_1xs_1500_remove_k5,remove,5,169,0.9142,0.0016750552207231522,0.391,0.013683621644973755
knn_defense_cifar_1xs_1500_remove_k5,remove,5,170,0.9167,0.0016701229840517045,0.367,0.014604344844818115
knn_defense_cifar_1xs_1500_remove_k5,remove,5,171,0.9145,0.0016688233762979507,0.385,0.013889724731445313
knn_defense_cifar_1xs_1500_remove_k5,remove,5,172,0.9163,0.0016631539851427078,0.385,0.013787383794784546
knn_defense_cifar_1xs_1500_remove_k5,remove,5,173,0.9158,0.0016682899445295335,0.396,0.013794418096542358
knn_defense_cifar_1xs_1500_remove_k5,remove,5,174,0.9148,0.001672681760787964,0.382,0.0138700270652771
knn_defense_cifar_1xs_1500_remove_k5,remove,5,175,0.915,0.0016783189207315444,0.383,0.01409117317199707
knn_defense_cifar_1xs_1500_remove_k5,remove,5,176,0.9156,0.0016560983508825302,0.368,0.014419610977172852
knn_defense_cifar_1xs_1500_remove_k5,remove,5,177,0.916,0.0016607687354087829,0.375,0.014228629112243653
knn_defense_cifar_1xs_1500_remove_k5,remove,5,178,0.9159,0.0016543199449777603,0.365,0.014676195859909058
knn_defense_cifar_1xs_1500_remove_k5,remove,5,179,0.9153,0.0016737335473299027,0.382,0.013748632431030274
knn_defense_cifar_1xs_1500_remove_k5,remove,5,180,0.9159,0.0016760851204395293,0.369,0.014118244409561158
knn_defense_cifar_1xs_1500_remove_k5,remove,5,181,0.9162,0.0016671680212020873,0.368,0.014526802778244018
knn_defense_cifar_1xs_1500_remove_k5,remove,5,182,0.9154,0.0016786867260932922,0.382,0.013854604244232177
knn_defense_cifar_1xs_1500_remove_k5,remove,5,183,0.9155,0.0016729549407958984,0.387,0.013677006483078003
knn_defense_cifar_1xs_1500_remove_k5,remove,5,184,0.9158,0.0016778669953346253,0.404,0.01318876051902771
knn_defense_cifar_1xs_1500_remove_k5,remove,5,185,0.9166,0.0016776359528303147,0.379,0.014041135787963867
knn_defense_cifar_1xs_1500_remove_k5,remove,5,186,0.9122,0.0017349097922444343,0.45,0.011758818626403808
knn_defense_cifar_1xs_1500_remove_k5,remove,5,187,0.9161,0.0016892901331186294,0.38,0.014153777837753297
knn_defense_cifar_1xs_1500_remove_k5,remove,5,188,0.9157,0.001694639104604721,0.405,0.01314826774597168
knn_defense_cifar_1xs_1500_remove_k5,remove,5,189,0.9156,0.0016809980422258378,0.381,0.01386051058769226
knn_defense_cifar_1xs_1500_remove_k5,remove,5,190,0.9146,0.0017182857245206832,0.416,0.012856718301773071
knn_defense_cifar_1xs_1500_remove_k5,remove,5,191,0.9167,0.0016784603387117387,0.372,0.014505660772323608
knn_defense_cifar_1xs_1500_remove_k5,remove,5,192,0.9143,0.0017072792321443557,0.409,0.0127285475730896
knn_defense_cifar_1xs_1500_remove_k5,remove,5,193,0.9152,0.0016946726232767106,0.389,0.013764718532562255
knn_defense_cifar_1xs_1500_remove_k5,remove,5,194,0.9152,0.0017014629185199738,0.383,0.01395426869392395
knn_defense_cifar_1xs_1500_remove_k5,remove,5,195,0.9148,0.001723326388001442,0.42,0.012860512733459473
knn_defense_cifar_1xs_1500_remove_k5,remove,5,196,0.9152,0.0016889428853988648,0.376,0.014122068643569947
knn_defense_cifar_1xs_1500_remove_k5,remove,5,197,0.9158,0.0016842418819665909,0.377,0.014043551683425904
knn_defense_cifar_1xs_1500_remove_k5,remove,5,198,0.9162,0.0016796781361103057,0.342,0.015445979118347167
knn_defense_cifar_1xs_1500_remove_k5,remove,5,199,0.9143,0.0017148496508598327,0.389,0.01369201397895813
knn_defense_cifar_1xs_1500_remove_k5,remove,5,200,0.9157,0.0016870266556739807,0.386,0.01373514986038208
knn_defense_cifar_1xs_1500_none_k10,none,10,1,0.5162,0.006149354529380798,0.368,0.004977114677429199
knn_defense_cifar_1xs_1500_none_k10,none,10,2,0.6392,0.004217989242076873,0.549,0.0044194811582565306
knn_defense_cifar_1xs_1500_none_k10,none,10,3,0.6957,0.0034129752576351167,0.446,0.005684493660926819
knn_defense_cifar_1xs_1500_none_k10,none,10,4,0.6971,0.003586739283800125,0.541,0.004464043736457824
knn_defense_cifar_1xs_1500_none_k10,none,10,5,0.7339,0.0030865015923976897,0.361,0.006531718134880066
knn_defense_cifar_1xs_1500_none_k10,none,10,6,0.7635,0.0027842909336090087,0.564,0.004988640546798706
knn_defense_cifar_1xs_1500_none_k10,none,10,7,0.749,0.0029517152845859526,0.853,0.0022352967262268065
knn_defense_cifar_1xs_1500_none_k10,none,10,8,0.7918,0.0025154399305582047,0.805,0.002281229615211487
knn_defense_cifar_1xs_1500_none_k10,none,10,9,0.7938,0.00247904911339283,0.693,0.0032671278715133666
knn_defense_cifar_1xs_1500_none_k10,none,10,10,0.7765,0.002753530639410019,0.926,0.0010350646525621415
knn_defense_cifar_1xs_1500_none_k10,none,10,11,0.7933,0.0024728504091501235,0.96,0.0008998764902353287
knn_defense_cifar_1xs_1500_none_k10,none,10,12,0.7987,0.002463575404882431,0.826,0.0025267220735549927
knn_defense_cifar_1xs_1500_none_k10,none,10,13,0.8091,0.002265461233258247,0.937,0.0013875160813331604
knn_defense_cifar_1xs_1500_none_k10,none,10,14,0.8358,0.0020046100944280626,0.671,0.0030652880668640137
knn_defense_cifar_1xs_1500_none_k10,none,10,15,0.8334,0.0019244785010814668,0.513,0.004747438669204712
knn_defense_cifar_1xs_1500_none_k10,none,10,16,0.8064,0.0024203501254320145,0.812,0.0021741966009140015
knn_defense_cifar_1xs_1500_none_k10,none,10,17,0.8063,0.002194458523392677,0.959,0.0008494305312633514
knn_defense_cifar_1xs_1500_none_k10,none,10,18,0.8341,0.0020343175262212752,0.943,0.001010601371526718
knn_defense_cifar_1xs_1500_none_k10,none,10,19,0.8015,0.0025099502444267275,0.91,0.0014461016058921815
knn_defense_cifar_1xs_1500_none_k10,none,10,20,0.7919,0.0026409000009298324,0.951,0.0010244962871074677
knn_defense_cifar_1xs_1500_none_k10,none,10,21,0.8368,0.0018840082228183746,0.947,0.0010411851108074188
knn_defense_cifar_1xs_1500_none_k10,none,10,22,0.816,0.00227707796394825,0.923,0.00132030588388443
knn_defense_cifar_1xs_1500_none_k10,none,10,23,0.8063,0.0026216212928295134,0.846,0.0020117613673210142
knn_defense_cifar_1xs_1500_none_k10,none,10,24,0.8265,0.0021028183817863462,0.954,0.001194051057100296
knn_defense_cifar_1xs_1500_none_k10,none,10,25,0.8401,0.002069937628507614,0.904,0.001503522515296936
knn_defense_cifar_1xs_1500_none_k10,none,10,26,0.821,0.0021991968452930452,0.986,0.0004722184985876083
knn_defense_cifar_1xs_1500_none_k10,none,10,27,0.8062,0.002356417202949524,0.996,0.00011533089727163314
knn_defense_cifar_1xs_1500_none_k10,none,10,28,0.8425,0.0018847848981618882,0.993,0.00021966023743152618
knn_defense_cifar_1xs_1500_none_k10,none,10,29,0.8155,0.002557478874921799,0.984,0.0003611504025757313
knn_defense_cifar_1xs_1500_none_k10,none,10,30,0.7996,0.002748734301328659,0.814,0.002096209853887558
knn_defense_cifar_1xs_1500_none_k10,none,10,31,0.8032,0.002452689817547798,0.988,0.00029574986174702643
knn_defense_cifar_1xs_1500_none_k10,none,10,32,0.8381,0.002089979523420334,0.829,0.0023584858179092408
knn_defense_cifar_1xs_1500_none_k10,none,10,33,0.8061,0.0023006454855203627,0.997,0.0001512097157537937
knn_defense_cifar_1xs_1500_none_k10,none,10,34,0.8502,0.0017705298930406571,0.976,0.0005982279255986214
knn_defense_cifar_1xs_1500_none_k10,none,10,35,0.8238,0.0022966909915208816,0.973,0.0005284431278705597
knn_defense_cifar_1xs_1500_none_k10,none,10,36,0.8175,0.0023000099778175353,0.992,0.0005535469576716423
knn_defense_cifar_1xs_1500_none_k10,none,10,37,0.849,0.0018753791108727456,0.961,0.0007807612270116807
knn_defense_cifar_1xs_1500_none_k10,none,10,38,0.8426,0.001996199244260788,0.917,0.0013594676852226257
knn_defense_cifar_1xs_1500_none_k10,none,10,39,0.8013,0.0025912364035844803,0.993,0.0001859604474157095
knn_defense_cifar_1xs_1500_none_k10,none,10,40,0.7884,0.0029966973602771757,0.973,0.0005690077915787697
knn_defense_cifar_1xs_1500_none_k10,none,10,41,0.8222,0.0022558239847421647,0.997,0.00021689090132713317
knn_defense_cifar_1xs_1500_none_k10,none,10,42,0.8375,0.002058883735537529,0.993,0.00023354853317141534
knn_defense_cifar_1xs_1500_none_k10,none,10,43,0.8442,0.0019298074930906295,0.901,0.0013350561559200287
knn_defense_cifar_1xs_1500_none_k10,none,10,44,0.8502,0.001934561437368393,0.984,0.0003766727410256863
knn_defense_cifar_1xs_1500_none_k10,none,10,45,0.8228,0.002290823918581009,0.969,0.00046499575674533843
knn_defense_cifar_1xs_1500_none_k10,none,10,46,0.8313,0.0020814121454954147,0.899,0.0015183053314685821
knn_defense_cifar_1xs_1500_none_k10,none,10,47,0.7436,0.0039025749027729035,0.99,0.0001576191820204258
knn_defense_cifar_1xs_1500_none_k10,none,10,48,0.7858,0.003043441766500473,0.986,0.0002917826920747757
knn_defense_cifar_1xs_1500_none_k10,none,10,49,0.8582,0.0016967318072915077,0.964,0.0006356455311179161
knn_defense_cifar_1xs_1500_none_k10,none,10,50,0.7906,0.0026333200633525847,0.996,0.0001666538529098034
knn_defense_cifar_1xs_1500_none_k10,none,10,51,0.7702,0.0031260922938585282,0.99,0.00023687361925840377
knn_defense_cifar_1xs_1500_none_k10,none,10,52,0.8411,0.0019617671459913255,0.99,0.00024897877499461174
knn_defense_cifar_1xs_1500_none_k10,none,10,53,0.8483,0.0019080675229430199,0.968,0.0005776483118534088
knn_defense_cifar_1xs_1500_none_k10,none,10,54,0.853,0.0018456701576709748,0.993,0.0001847229227423668
knn_defense_cifar_1xs_1500_none_k10,none,10,55,0.8217,0.0022741959899663924,0.898,0.0015716423988342285
knn_defense_cifar_1xs_1500_none_k10,none,10,56,0.7765,0.0029625860095024107,0.997,7.938948273658753e-05
knn_defense_cifar_1xs_1500_none_k10,none,10,57,0.7893,0.002929690182209015,0.994,0.00012841895036399365
knn_defense_cifar_1xs_1500_none_k10,none,10,58,0.8354,0.0021889774709939955,0.969,0.0007984940558671952
knn_defense_cifar_1xs_1500_none_k10,none,10,59,0.8349,0.0019892681509256363,0.998,0.00016800645552575587
knn_defense_cifar_1xs_1500_none_k10,none,10,60,0.824,0.002172754243016243,0.97,0.0006521196216344833
knn_defense_cifar_1xs_1500_none_k10,none,10,61,0.8553,0.002039730668067932,0.988,0.00038960526883602143
knn_defense_cifar_1xs_1500_none_k10,none,10,62,0.8504,0.0019379590332508087,0.956,0.0007100888788700104
knn_defense_cifar_1xs_1500_none_k10,none,10,63,0.837,0.0019964097768068313,0.995,0.00014202608540654182
knn_defense_cifar_1xs_1500_none_k10,none,10,64,0.8544,0.0018030810683965684,0.975,0.000408464752137661
knn_defense_cifar_1xs_1500_none_k10,none,10,65,0.8599,0.001775382936000824,0.968,0.0006607774868607521
knn_defense_cifar_1xs_1500_none_k10,none,10,66,0.8627,0.001696605822443962,0.997,0.0002183774709701538
knn_defense_cifar_1xs_1500_none_k10,none,10,67,0.8373,0.002039938348531723,0.987,0.0003307851031422615
knn_defense_cifar_1xs_1500_none_k10,none,10,68,0.8393,0.002078972142934799,0.938,0.0010159993171691894
knn_defense_cifar_1xs_1500_none_k10,none,10,69,0.8279,0.002325468861311674,0.973,0.00048680302128195765
knn_defense_cifar_1xs_1500_none_k10,none,10,70,0.7978,0.0025629025220870972,0.998,0.00013361975736916065
knn_defense_cifar_1xs_1500_none_k10,none,10,71,0.8417,0.002081345221400261,0.994,0.0002755025364458561
knn_defense_cifar_1xs_1500_none_k10,none,10,72,0.8166,0.002254823708534241,0.998,0.00010953470692038536
knn_defense_cifar_1xs_1500_none_k10,none,10,73,0.8465,0.0019438556678593158,0.936,0.0009829236268997193
knn_defense_cifar_1xs_1500_none_k10,none,10,74,0.8476,0.002087479031085968,0.97,0.0004800281971693039
knn_defense_cifar_1xs_1500_none_k10,none,10,75,0.8524,0.0020708981424570083,0.997,0.0002547244355082512
knn_defense_cifar_1xs_1500_none_k10,none,10,76,0.8946,0.0013402470111846924,0.999,5.96638573333621e-05
knn_defense_cifar_1xs_1500_none_k10,none,10,77,0.8982,0.00131765526086092,0.998,7.56762707605958e-05
knn_defense_cifar_1xs_1500_none_k10,none,10,78,0.899,0.001337660552561283,0.998,4.418314527720213e-05
knn_defense_cifar_1xs_1500_none_k10,none,10,79,0.8988,0.0013795796066522598,0.998,4.9919612240046266e-05
knn_defense_cifar_1xs_1500_none_k10,none,10,80,0.8962,0.0014460117682814598,0.999,2.8217395185492933e-05
knn_defense_cifar_1xs_1500_none_k10,none,10,81,0.9041,0.0013491032660007476,0.997,5.085947318002582e-05
knn_defense_cifar_1xs_1500_none_k10,none,10,82,0.8961,0.0014514963746070863,0.998,3.3487367443740365e-05
knn_defense_cifar_1xs_1500_none_k10,none,10,83,0.896,0.001480779054760933,0.998,4.529838915914297e-05
knn_defense_cifar_1xs_1500_none_k10,none,10,84,0.9019,0.0014265163362026214,0.998,3.323345398530364e-05
knn_defense_cifar_1xs_1500_none_k10,none,10,85,0.9012,0.0014308845818042754,0.996,3.670927137136459e-05
knn_defense_cifar_1xs_1500_none_k10,none,10,86,0.897,0.0015505576074123382,0.999,2.074529742822051e-05
knn_defense_cifar_1xs_1500_none_k10,none,10,87,0.9003,0.0014612294107675553,0.999,3.667650790885091e-05
knn_defense_cifar_1xs_1500_none_k10,none,10,88,0.9055,0.0014409098401665687,0.998,3.7997412960976364e-05
knn_defense_cifar_1xs_1500_none_k10,none,10,89,0.8958,0.001555660779774189,0.999,2.0191127783618868e-05
knn_defense_cifar_1xs_1500_none_k10,none,10,90,0.9004,0.0015045877680182457,0.998,2.427792560774833e-05
knn_defense_cifar_1xs_1500_none_k10,none,10,91,0.9041,0.0014965714186429978,0.997,4.432266484946013e-05
knn_defense_cifar_1xs_1500_none_k10,none,10,92,0.8957,0.0016090489655733108,0.999,2.027949970215559e-05
knn_defense_cifar_1xs_1500_none_k10,none,10,93,0.9008,0.0015199848100543021,0.999,3.187838150188327e-05
knn_defense_cifar_1xs_1500_none_k10,none,10,94,0.8979,0.0016247848004102706,0.996,3.0781821813434364e-05
knn_defense_cifar_1xs_1500_none_k10,none,10,95,0.9034,0.0015713154166936874,0.999,1.812702289316803e-05
knn_defense_cifar_1xs_1500_none_k10,none,10,96,0.894,0.0017200647324323655,1.0,8.67713481420651e-06
knn_defense_cifar_1xs_1500_none_k10,none,10,97,0.8949,0.001717615446448326,0.998,1.627835596445948e-05
knn_defense_cifar_1xs_1500_none_k10,none,10,98,0.901,0.0016089219227433205,0.998,2.9807084705680608e-05
knn_defense_cifar_1xs_1500_none_k10,none,10,99,0.8997,0.0016541110455989838,0.998,2.4811531882733105e-05
knn_defense_cifar_1xs_1500_none_k10,none,10,100,0.8948,0.0017703813523054124,0.999,1.639245788101107e-05
knn_defense_cifar_1xs_1500_none_k10,none,10,101,0.8936,0.0017647555738687516,0.998,2.592420799192041e-05
knn_defense_cifar_1xs_1500_none_k10,none,10,102,0.8997,0.0016867044538259506,0.997,4.0133581846021115e-05
knn_defense_cifar_1xs_1500_none_k10,none,10,103,0.9008,0.0016449515104293823,0.996,3.8890318479388954e-05
knn_defense_cifar_1xs_1500_none_k10,none,10,104,0.898,0.00174528429210186,0.998,3.0428521800786255e-05
knn_defense_cifar_1xs_1500_none_k10,none,10,105,0.9051,0.0016350172236561775,0.997,3.422452008817345e-05
knn_defense_cifar_1xs_1500_none_k10,none,10,106,0.8912,0.0019172775238752366,0.997,3.2171825761906804e-05
knn_defense_cifar_1xs_1500_none_k10,none,10,107,0.8954,0.0018180251240730286,0.998,2.9384115245193243e-05
knn_defense_cifar_1xs_1500_none_k10,none,10,108,0.9006,0.0017071417063474655,0.998,3.337492770515382e-05
knn_defense_cifar_1xs_1500_none_k10,none,10,109,0.8937,0.001808469370007515,0.996,3.5858912160620096e-05
knn_defense_cifar_1xs_1500_none_k10,none,10,110,0.8928,0.0018384433165192604,0.998,2.495534473564476e-05
knn_defense_cifar_1xs_1500_none_k10,none,10,111,0.8931,0.0018452243477106093,0.998,4.5888170483522114e-05
knn_defense_cifar_1xs_1500_none_k10,none,10,112,0.8878,0.001957471174001694,0.997,2.8418537927791478e-05
knn_defense_cifar_1xs_1500_none_k10,none,10,113,0.895,0.0018540219694375992,0.998,2.4967990117147565e-05
knn_defense_cifar_1xs_1500_none_k10,none,10,114,0.9022,0.0017424559831619262,0.998,3.3873445820063354e-05
knn_defense_cifar_1xs_1500_none_k10,none,10,115,0.893,0.001899614304304123,0.997,3.126043803058565e-05
knn_defense_cifar_1xs_1500_none_k10,none,10,116,0.9018,0.0017347454637289047,0.998,2.540924120694399e-05
knn_defense_cifar_1xs_1500_none_k10,none,10,117,0.8972,0.001875473453104496,0.998,1.5780869987793267e-05
knn_defense_cifar_1xs_1500_none_k10,none,10,118,0.9023,0.0017120621412992478,0.996,4.7682175412774084e-05
knn_defense_cifar_1xs_1500_none_k10,none,10,119,0.8777,0.0022659925162792204,0.999,2.321366043179296e-05
knn_defense_cifar_1xs_1500_none_k10,none,10,120,0.8975,0.0018699586629867555,0.997,5.3807480726391076e-05
knn_defense_cifar_1xs_1500_none_k10,none,10,121,0.884,0.0021891713619232177,1.0,2.651084185345098e-06
knn_defense_cifar_1xs_1500_none_k10,none,10,122,0.8868,0.0020483594030141833,0.996,2.7704686159268023e-05
knn_defense_cifar_1xs_1500_none_k10,none,10,123,0.8927,0.0019273740619421005,0.997,4.799324320629239e-05
knn_defense_cifar_1xs_1500_none_k10,none,10,124,0.8936,0.001941751703619957,0.998,2.7642783243209125e-05
knn_defense_cifar_1xs_1500_none_k10,none,10,125,0.8985,0.001857051545381546,0.998,4.8077500192448496e-05
knn_defense_cifar_1xs_1500_none_k10,none,10,126,0.8938,0.0019312303721904754,0.997,2.5773028726689517e-05
knn_defense_cifar_1xs_1500_none_k10,none,10,127,0.8962,0.0019013865500688552,0.999,2.261536061996594e-05
knn_defense_cifar_1xs_1500_none_k10,none,10,128,0.8967,0.0018904326498508453,0.999,2.340864564757794e-05
knn_defense_cifar_1xs_1500_none_k10,none,10,129,0.895,0.0019330374151468278,0.999,1.9421971985138954e-05
knn_defense_cifar_1xs_1500_none_k10,none,10,130,0.8961,0.0019143829882144927,0.998,2.8680580318905414e-05
knn_defense_cifar_1xs_1500_none_k10,none,10,131,0.8961,0.001920794865489006,0.999,2.191811101511121e-05
knn_defense_cifar_1xs_1500_none_k10,none,10,132,0.8955,0.0019203744322061538,0.997,3.071999561507255e-05
knn_defense_cifar_1xs_1500_none_k10,none,10,133,0.8956,0.001942569062113762,0.997,2.7314078877680005e-05
knn_defense_cifar_1xs_1500_none_k10,none,10,134,0.8924,0.0019769318968057632,0.999,2.1931394177954644e-05
knn_defense_cifar_1xs_1500_none_k10,none,10,135,0.8974,0.001902359989285469,0.998,2.389852039050311e-05
knn_defense_cifar_1xs_1500_none_k10,none,10,136,0.8963,0.0019730468183755874,0.999,2.0255719078704714e-05
knn_defense_cifar_1xs_1500_none_k10,none,10,137,0.895,0.001977446472644806,0.998,2.0189575152471662e-05
knn_defense_cifar_1xs_1500_none_k10,none,10,138,0.897,0.0019262396782636641,0.998,2.674260048661381e-05
knn_defense_cifar_1xs_1500_none_k10,none,10,139,0.8951,0.001966040900349617,0.998,2.778704825323075e-05
knn_defense_cifar_1xs_1500_none_k10,none,10,140,0.8963,0.0019778283566236495,0.998,2.234973816666752e-05
knn_defense_cifar_1xs_1500_none_k10,none,10,141,0.8951,0.0020051161587238313,0.997,2.7520468691363932e-05
knn_defense_cifar_1xs_1500_none_k10,none,10,142,0.8943,0.0020425025075674055,0.999,2.116086275782436e-05
knn_defense_cifar_1xs_1500_none_k10,none,10,143,0.8948,0.0019963321298360824,0.999,2.5779066840186714e-05
knn_defense_cifar_1xs_1500_none_k10,none,10,144,0.8953,0.001998201960325241,0.998,2.0662472757976504e-05
knn_defense_cifar_1xs_1500_none_k10,none,10,145,0.8936,0.002032773208618164,0.997,2.6205110480077564e-05
knn_defense_cifar_1xs_1500_none_k10,none,10,146,0.8963,0.0019811883717775346,0.998,2.7203897247090936e-05
knn_defense_cifar_1xs_1500_none_k10,none,10,147,0.8925,0.0020383361399173737,0.999,1.6572236374486238e-05
knn_defense_cifar_1xs_1500_none_k10,none,10,148,0.8928,0.002010853400826454,0.998,1.9080455240327864e-05
knn_defense_cifar_1xs_1500_none_k10,none,10,149,0.8941,0.002049656194448471,0.998,2.5765043857973068e-05
knn_defense_cifar_1xs_1500_none_k10,none,10,150,0.8938,0.0020449952244758606,0.999,2.4258353631012142e-05
knn_defense_cifar_1xs_1500_none_k10,none,10,151,0.8957,0.002034793782234192,0.999,2.049682941287756e-05
knn_defense_cifar_1xs_1500_none_k10,none,10,152,0.8932,0.0020751803129911424,0.999,1.6916299413423984e-05
knn_defense_cifar_1xs_1500_none_k10,none,10,153,0.8943,0.0020527282774448394,0.997,2.484586671926081e-05
knn_defense_cifar_1xs_1500_none_k10,none,10,154,0.8947,0.002061962240934372,0.997,2.685262984596193e-05
knn_defense_cifar_1xs_1500_none_k10,none,10,155,0.897,0.0019974156230688094,0.997,2.8076986083760856e-05
knn_defense_cifar_1xs_1500_none_k10,none,10,156,0.8952,0.0020230281352996825,0.996,3.07773946551606e-05
knn_defense_cifar_1xs_1500_none_k10,none,10,157,0.8951,0.0020564632058143618,0.997,3.321479819715023e-05
knn_defense_cifar_1xs_1500_none_k10,none,10,158,0.8964,0.0020222802013158798,0.997,3.137310198508203e-05
knn_defense_cifar_1xs_1500_none_k10,none,10,159,0.893,0.002062459570169449,0.999,2.1637150668539107e-05
knn_defense_cifar_1xs_1500_none_k10,none,10,160,0.8957,0.002027026852965355,0.996,3.5084160743281246e-05
knn_defense_cifar_1xs_1500_none_k10,none,10,161,0.895,0.00203778190612793,0.999,2.7763235382735728e-05
knn_defense_cifar_1xs_1500_none_k10,none,10,162,0.8936,0.0021128058344125748,0.998,2.3209517705254257e-05
knn_defense_cifar_1xs_1500_none_k10,none,10,163,0.8938,0.0021074328005313875,0.996,3.140663728117943e-05
knn_defense_cifar_1xs_1500_none_k10,none,10,164,0.8939,0.0020741035878658297,0.996,3.0025221058167517e-05
knn_defense_cifar_1xs_1500_none_k10,none,10,165,0.8962,0.0020507397174835207,0.997,3.092700650449842e-05
knn_defense_cifar_1xs_1500_none_k10,none,10,166,0.8952,0.002033829942345619,0.998,2.9842508141882718e-05
knn_defense_cifar_1xs_1500_none_k10,none,10,167,0.8966,0.0020493405997753142,0.998,2.7187367901206016e-05
knn_defense_cifar_1xs_1500_none_k10,none,10,168,0.8949,0.0020703273236751555,0.998,3.452289628330618e-05
knn_defense_cifar_1xs_1500_none_k10,none,10,169,0.8979,0.002025420171022415,0.998,3.1961434171535076e-05
knn_defense_cifar_1xs_1500_none_k10,none,10,170,0.8946,0.0020839494943618773,0.995,3.2203296083025634e-05
knn_defense_cifar_1xs_1500_none_k10,none,10,171,0.8953,0.0020784630060195924,0.995,3.498532867524773e-05
knn_defense_cifar_1xs_1500_none_k10,none,10,172,0.8933,0.0021199642390012743,0.996,3.124852437758818e-05
knn_defense_cifar_1xs_1500_none_k10,none,10,173,0.8942,0.0021284539610147476,0.997,2.3451179382391275e-05
knn_defense_cifar_1xs_1500_none_k10,none,10,174,0.8944,0.0020981332659721374,0.996,3.124387038405985e-05
knn_defense_cifar_1xs_1500_none_k10,none,10,175,0.8942,0.0021055879831314087,0.995,3.018200385849923e-05
knn_defense_cifar_1xs_1500_none_k10,none,10,176,0.8943,0.0021230368852615355,0.997,2.3104666848666965e-05
knn_defense_cifar_1xs_1500_none_k10,none,10,177,0.895,0.002125235515832901,0.997,2.4492740165442227e-05
knn_defense_cifar_1xs_1500_none_k10,none,10,178,0.8952,0.002099489951133728,0.997,2.591884438879788e-05
knn_defense_cifar_1xs_1500_none_k10,none,10,179,0.8945,0.0021102721184492112,0.997,2.3590669268742205e-05
knn_defense_cifar_1xs_1500_none_k10,none,10,180,0.8925,0.0021684576839208604,0.999,1.6804193845018745e-05
knn_defense_cifar_1xs_1500_none_k10,none,10,181,0.8947,0.0021252469748258593,0.997,2.705722878454253e-05
knn_defense_cifar_1xs_1500_none_k10,none,10,182,0.8934,0.0021602719485759735,0.999,2.10110479965806e-05
knn_defense_cifar_1xs_1500_none_k10,none,10,183,0.8942,0.0021530794084072113,0.997,2.1763938246294857e-05
knn_defense_cifar_1xs_1500_none_k10,none,10,184,0.8925,0.0022024769872426987,0.997,2.5736759300343692e-05
knn_defense_cifar_1xs_1500_none_k10,none,10,185,0.8943,0.0021189908236265184,0.997,2.8770885430276394e-05
knn_defense_cifar_1xs_1500_none_k10,none,10,186,0.8954,0.0021344072163105013,0.997,2.2063224110752344e-05
knn_defense_cifar_1xs_1500_none_k10,none,10,187,0.8933,0.0021613445937633514,0.998,2.1744445897638796e-05
knn_defense_cifar_1xs_1500_none_k10,none,10,188,0.8928,0.002199847236275673,0.999,1.9277124665677546e-05
knn_defense_cifar_1xs_1500_none_k10,none,10,189,0.8938,0.0021237554550170897,0.996,2.8764167451299728e-05
knn_defense_cifar_1xs_1500_none_k10,none,10,190,0.8951,0.0021253575742244723,0.996,3.257186431437731e-05
knn_defense_cifar_1xs_1500_none_k10,none,10,191,0.895,0.002131763043999672,0.999,2.0430955686606467e-05
knn_defense_cifar_1xs_1500_none_k10,none,10,192,0.8929,0.00218750105202198,0.997,2.947931515518576e-05
knn_defense_cifar_1xs_1500_none_k10,none,10,193,0.8906,0.0022744351297616957,0.998,1.8513372691813856e-05
knn_defense_cifar_1xs_1500_none_k10,none,10,194,0.8918,0.0022206490486860273,0.997,2.6196362974587827e-05
knn_defense_cifar_1xs_1500_none_k10,none,10,195,0.8965,0.0021229392737150193,0.997,2.2531306371092797e-05
knn_defense_cifar_1xs_1500_none_k10,none,10,196,0.8945,0.002194539314508438,0.998,2.5495137670077384e-05
knn_defense_cifar_1xs_1500_none_k10,none,10,197,0.8933,0.002198926880955696,0.999,2.0420523709617554e-05
knn_defense_cifar_1xs_1500_none_k10,none,10,198,0.8928,0.00223261596262455,0.999,2.1251732250675558e-05
knn_defense_cifar_1xs_1500_none_k10,none,10,199,0.8923,0.002235551023483276,0.998,2.6502623572014274e-05
knn_defense_cifar_1xs_1500_none_k10,none,10,200,0.8953,0.002179924821853638,0.998,2.9495004215277732e-05
knn_defense_cifar_1xs_1500_remove_k10,remove,10,1,0.5139,0.006554842269420624,0.016,0.025971404552459717
knn_defense_cifar_1xs_1500_remove_k10,remove,10,2,0.6152,0.004446131873130798,0.009,0.014962124347686767
knn_defense_cifar_1xs_1500_remove_k10,remove,10,3,0.7134,0.0033347064793109896,0.036,0.017573031902313234
knn_defense_cifar_1xs_1500_remove_k10,remove,10,4,0.7393,0.003092784184217453,0.103,0.01410790753364563
knn_defense_cifar_1xs_1500_remove_k10,remove,10,5,0.742,0.003086866807937622,0.049,0.017262635707855224
knn_defense_cifar_1xs_1500_remove_k10,remove,10,6,0.7723,0.002813300257921219,0.364,0.007018654584884643
knn_defense_cifar_1xs_1500_remove_k10,remove,10,7,0.7414,0.0031165242731571196,0.526,0.005777217268943787
knn_defense_cifar_1xs_1500_remove_k10,remove,10,8,0.7601,0.002963701444864273,0.339,0.007308021426200867
knn_defense_cifar_1xs_1500_remove_k10,remove,10,9,0.7544,0.0029467026352882385,0.487,0.005473499178886413
knn_defense_cifar_1xs_1500_remove_k10,remove,10,10,0.7643,0.002932496774196625,0.629,0.004233483612537384
knn_defense_cifar_1xs_1500_remove_k10,remove,10,11,0.8162,0.0022237404227256775,0.045,0.02130120515823364
knn_defense_cifar_1xs_1500_remove_k10,remove,10,12,0.8157,0.002241274484992027,0.067,0.01814621829986572
knn_defense_cifar_1xs_1500_remove_k10,remove,10,13,0.7845,0.0026486420929431914,0.483,0.007672319650650025
knn_defense_cifar_1xs_1500_remove_k10,remove,10,14,0.7869,0.0029105486452579497,0.411,0.008652201414108277
knn_defense_cifar_1xs_1500_remove_k10,remove,10,15,0.8149,0.002351289141178131,0.155,0.01428244161605835
knn_defense_cifar_1xs_1500_remove_k10,remove,10,16,0.8172,0.0022412555158138276,0.061,0.016296707630157472
knn_defense_cifar_1xs_1500_remove_k10,remove,10,17,0.7712,0.0030329732954502107,0.397,0.00872988510131836
knn_defense_cifar_1xs_1500_remove_k10,remove,10,18,0.8053,0.002433306020498276,0.066,0.019072144985198974
knn_defense_cifar_1xs_1500_remove_k10,remove,10,19,0.8121,0.002403474670648575,0.157,0.014620115280151367
knn_defense_cifar_1xs_1500_remove_k10,remove,10,20,0.7926,0.002600104260444641,0.083,0.01692328929901123
knn_defense_cifar_1xs_1500_remove_k10,remove,10,21,0.8412,0.0019270851969718933,0.081,0.01707156801223755
knn_defense_cifar_1xs_1500_remove_k10,remove,10,22,0.8406,0.0020403759360313415,0.054,0.018733290672302245
knn_defense_cifar_1xs_1500_remove_k10,remove,10,23,0.8109,0.00239877607524395,0.077,0.019205077171325684
knn_defense_cifar_1xs_1500_remove_k10,remove,10,24,0.8399,0.0019117488518357276,0.244,0.010965231657028198
knn_defense_cifar_1xs_1500_remove_k10,remove,10,25,0.8392,0.001981862899661064,0.039,0.02310570287704468
knn_defense_cifar_1xs_1500_remove_k10,remove,10,26,0.8407,0.0019095433101058007,0.143,0.01633771824836731
knn_defense_cifar_1xs_1500_remove_k10,remove,10,27,0.8304,0.0020966477215290068,0.129,0.013982741594314575
knn_defense_cifar_1xs_1500_remove_k10,remove,10,28,0.8241,0.0023498006969690324,0.071,0.019207403659820557
knn_defense_cifar_1xs_1500_remove_k10,remove,10,29,0.8347,0.0019800162941217424,0.044,0.021193223476409912
knn_defense_cifar_1xs_1500_remove_k10,remove,10,30,0.8421,0.0021020412832498552,0.066,0.023252978324890136
knn_defense_cifar_1xs_1500_remove_k10,remove,10,31,0.805,0.00262520492374897,0.069,0.01736740827560425
knn_defense_cifar_1xs_1500_remove_k10,remove,10,32,0.825,0.0023300158113241194,0.147,0.016866308689117433
knn_defense_cifar_1xs_1500_remove_k10,remove,10,33,0.8297,0.002198854559659958,0.377,0.009219421863555908
knn_defense_cifar_1xs_1500_remove_k10,remove,10,34,0.8257,0.002411843040585518,0.496,0.007532049655914306
knn_defense_cifar_1xs_1500_remove_k10,remove,10,35,0.8468,0.0019557716935873033,0.02,0.023273076057434082
knn_defense_cifar_1xs_1500_remove_k10,remove,10,36,0.8351,0.002280614995956421,0.19,0.018629358291625975
knn_defense_cifar_1xs_1500_remove_k10,remove,10,37,0.8043,0.0025031291514635086,0.343,0.00979570460319519
knn_defense_cifar_1xs_1500_remove_k10,remove,10,38,0.8119,0.0025146394729614256,0.107,0.01980713605880737
knn_defense_cifar_1xs_1500_remove_k10,remove,10,39,0.8221,0.0023997028291225433,0.448,0.008210349321365357
knn_defense_cifar_1xs_1500_remove_k10,remove,10,40,0.8255,0.0023232765406370165,0.368,0.01018870186805725
knn_defense_cifar_1xs_1500_remove_k10,remove,10,41,0.8636,0.0017456786520779132,0.114,0.022713940143585205
knn_defense_cifar_1xs_1500_remove_k10,remove,10,42,0.8328,0.002106745508313179,0.491,0.007867827415466308
knn_defense_cifar_1xs_1500_remove_k10,remove,10,43,0.8237,0.002262698546051979,0.381,0.00976257061958313
knn_defense_cifar_1xs_1500_remove_k10,remove,10,44,0.8411,0.0021550783097743988,0.107,0.022490824699401855
knn_defense_cifar_1xs_1500_remove_k10,remove,10,45,0.8545,0.0018846902370452882,0.025,0.023948526382446288
knn_defense_cifar_1xs_1500_remove_k10,remove,10,46,0.8477,0.0018860035806894302,0.175,0.015055078983306885
knn_defense_cifar_1xs_1500_remove_k10,remove,10,47,0.8514,0.0020896751672029494,0.183,0.017765881538391114
knn_defense_cifar_1xs_1500_remove_k10,remove,10,48,0.843,0.0021534801959991455,0.395,0.010944522857666016
knn_defense_cifar_1xs_1500_remove_k10,remove,10,49,0.8138,0.0024490737348794936,0.423,0.008539123058319092
knn_defense_cifar_1xs_1500_remove_k10,remove,10,50,0.8586,0.0017743009343743324,0.061,0.02239750099182129
knn_defense_cifar_1xs_1500_remove_k10,remove,10,51,0.8613,0.0018065739005804062,0.151,0.01922001600265503
knn_defense_cifar_1xs_1500_remove_k10,remove,10,52,0.8177,0.0023316858932375907,0.336,0.010778974294662475
knn_defense_cifar_1xs_1500_remove_k10,remove,10,53,0.8692,0.001735876539349556,0.036,0.03334800910949707
knn_defense_cifar_1xs_1500_remove_k10,remove,10,54,0.854,0.0019149427905678748,0.135,0.018076760292053223
knn_defense_cifar_1xs_1500_remove_k10,remove,10,55,0.8412,0.0019772970288991928,0.103,0.01689167833328247
knn_defense_cifar_1xs_1500_remove_k10,remove,10,56,0.8507,0.0021447985887527465,0.023,0.028450668811798096
knn_defense_cifar_1xs_1500_remove_k10,remove,10,57,0.8537,0.001929323238134384,0.236,0.015587316036224366
knn_defense_cifar_1xs_1500_remove_k10,remove,10,58,0.8326,0.002379865688085556,0.035,0.02671225118637085
knn_defense_cifar_1xs_1500_remove_k10,remove,10,59,0.8264,0.0023533807069063186,0.146,0.02086986494064331
knn_defense_cifar_1xs_1500_remove_k10,remove,10,60,0.8719,0.001726961164176464,0.052,0.026286305904388428
knn_defense_cifar_1xs_1500_remove_k10,remove,10,61,0.8205,0.002466270038485527,0.08,0.022496384143829345
knn_defense_cifar_1xs_1500_remove_k10,remove,10,62,0.8328,0.0023225462317466735,0.152,0.017886492729187013
knn_defense_cifar_1xs_1500_remove_k10,remove,10,63,0.8568,0.0019247617959976197,0.256,0.015814812898635865
knn_defense_cifar_1xs_1500_remove_k10,remove,10,64,0.8553,0.0019368428468704223,0.221,0.015939404726028443
knn_defense_cifar_1xs_1500_remove_k10,remove,10,65,0.857,0.0018281732723116875,0.132,0.02135425901412964
knn_defense_cifar_1xs_1500_remove_k10,remove,10,66,0.8626,0.001959588035941124,0.041,0.029281979084014892
knn_defense_cifar_1xs_1500_remove_k10,remove,10,67,0.856,0.0019561878204345704,0.086,0.022984312534332276
knn_defense_cifar_1xs_1500_remove_k10,remove,10,68,0.8546,0.0019053195994347333,0.238,0.012772082805633545
knn_defense_cifar_1xs_1500_remove_k10,remove,10,69,0.8261,0.0025698178082704543,0.167,0.016547370195388794
knn_defense_cifar_1xs_1500_remove_k10,remove,10,70,0.8548,0.001903026220202446,0.181,0.01724656057357788
knn_defense_cifar_1xs_1500_remove_k10,remove,10,71,0.8718,0.0016450187712907791,0.028,0.02651978588104248
knn_defense_cifar_1xs_1500_remove_k10,remove,10,72,0.8334,0.0022885670006275176,0.103,0.020816202640533448
knn_defense_cifar_1xs_1500_remove_k10,remove,10,73,0.8512,0.0020001003205776216,0.074,0.028137877464294435
knn_defense_cifar_1xs_1500_remove_k10,remove,10,74,0.8466,0.0022811468958854673,0.088,0.027269681453704835
knn_defense_cifar_1xs_1500_remove_k10,remove,10,75,0.8613,0.0019067259937524796,0.273,0.014723946571350097
knn_defense_cifar_1xs_1500_remove_k10,remove,10,76,0.9052,0.0012165627971291542,0.177,0.01717789888381958
knn_defense_cifar_1xs_1500_remove_k10,remove,10,77,0.9095,0.0011947065412998199,0.122,0.020184266090393067
knn_defense_cifar_1xs_1500_remove_k10,remove,10,78,0.9102,0.0011955887213349343,0.169,0.018103264808654786
knn_defense_cifar_1xs_1500_remove_k10,remove,10,79,0.9076,0.0012621110200881959,0.298,0.014065650224685668
knn_defense_cifar_1xs_1500_remove_k10,remove,10,80,0.9136,0.0011996817827224732,0.135,0.020620944023132325
knn_defense_cifar_1xs_1500_remove_k10,remove,10,81,0.9108,0.0012675163850188256,0.189,0.019260195732116698
knn_defense_cifar_1xs_1500_remove_k10,remove,10,82,0.9102,0.0012814679861068725,0.22,0.01874321985244751
knn_defense_cifar_1xs_1500_remove_k10,remove,10,83,0.9114,0.0012571602527052163,0.145,0.021962276458740236
knn_defense_cifar_1xs_1500_remove_k10,remove,10,84,0.9108,0.001291598490998149,0.187,0.020461551189422608
knn_defense_cifar_1xs_1500_remove_k10,remove,10,85,0.9108,0.0013323724277317524,0.21,0.019226146697998048
knn_defense_cifar_1xs_1500_remove_k10,remove,10,86,0.9137,0.001301161639764905,0.179,0.021786752700805663
knn_defense_cifar_1xs_1500_remove_k10,remove,10,87,0.9105,0.0013135967880487443,0.212,0.019685937881469728
knn_defense_cifar_1xs_1500_remove_k10,remove,10,88,0.9123,0.0013192281835712493,0.221,0.019005423069000243
knn_defense_cifar_1xs_1500_remove_k10,remove,10,89,0.91,0.0013735514511354267,0.241,0.018814123153686524
knn_defense_cifar_1xs_1500_remove_k10,remove,10,90,0.9122,0.001346831372845918,0.163,0.022988255500793458
knn_defense_cifar_1xs_1500_remove_k10,remove,10,91,0.9097,0.0014519484847784043,0.276,0.01822734546661377
knn_defense_cifar_1xs_1500_remove_k10,remove,10,92,0.9101,0.0014272049322724342,0.209,0.02094138765335083
knn_defense_cifar_1xs_1500_remove_k10,remove,10,93,0.914,0.0013797825244255364,0.154,0.024177376747131347
knn_defense_cifar_1xs_1500_remove_k10,remove,10,94,0.9137,0.0014015208372846245,0.146,0.025338549613952637
knn_defense_cifar_1xs_1500_remove_k10,remove,10,95,0.9125,0.0014069126687943935,0.18,0.0224927077293396
knn_defense_cifar_1xs_1500_remove_k10,remove,10,96,0.9076,0.0014800640232861043,0.283,0.019361090660095216
knn_defense_cifar_1xs_1500_remove_k10,remove,10,97,0.9094,0.0014814204264432193,0.186,0.0230783953666687
knn_defense_cifar_1xs_1500_remove_k10,remove,10,98,0.9117,0.0014333692781627178,0.184,0.024178362369537354
knn_defense_cifar_1xs_1500_remove_k10,remove,10,99,0.9078,0.001536798525042832,0.272,0.02026742935180664
knn_defense_cifar_1xs_1500_remove_k10,remove,10,100,0.9111,0.001507006567157805,0.262,0.02083481025695801
knn_defense_cifar_1xs_1500_remove_k10,remove,10,101,0.9119,0.0014718902792781592,0.228,0.021816887378692626
knn_defense_cifar_1xs_1500_remove_k10,remove,10,102,0.9082,0.001576531081646681,0.137,0.028844685077667236
knn_defense_cifar_1xs_1500_remove_k10,remove,10,103,0.9103,0.0015414627391844987,0.254,0.022345651626586915
knn_defense_cifar_1xs_1500_remove_k10,remove,10,104,0.9119,0.0015176869440823794,0.222,0.023295741081237793
knn_defense_cifar_1xs_1500_remove_k10,remove,10,105,0.9106,0.0015653077463619412,0.235,0.023278172016143798
knn_defense_cifar_1xs_1500_remove_k10,remove,10,106,0.9098,0.0015269923105835914,0.221,0.023050922870635985
knn_defense_cifar_1xs_1500_remove_k10,remove,10,107,0.9124,0.0015533451300114394,0.26,0.02097065782546997
knn_defense_cifar_1xs_1500_remove_k10,remove,10,108,0.9096,0.0015455455228686333,0.188,0.025485790729522704
knn_defense_cifar_1xs_1500_remove_k10,remove,10,109,0.9116,0.0015438234802335501,0.247,0.02166076374053955
knn_defense_cifar_1xs_1500_remove_k10,remove,10,110,0.9116,0.0015401358980685472,0.194,0.026143526077270506
knn_defense_cifar_1xs_1500_remove_k10,remove,10,111,0.9148,0.001499987356364727,0.15,0.026614380359649657
knn_defense_cifar_1xs_1500_remove_k10,remove,10,112,0.915,0.001491303455689922,0.147,0.02699375629425049
knn_defense_cifar_1xs_1500_remove_k10,remove,10,113,0.9084,0.0016156388530507684,0.187,0.02456429719924927
knn_defense_cifar_1xs_1500_remove_k10,remove,10,114,0.9124,0.0015706246338784695,0.214,0.02348687219619751
knn_defense_cifar_1xs_1500_remove_k10,remove,10,115,0.913,0.0015107834578491747,0.156,0.02875651454925537
knn_defense_cifar_1xs_1500_remove_k10,remove,10,116,0.9152,0.0015037459574639798,0.096,0.034305312156677245
knn_defense_cifar_1xs_1500_remove_k10,remove,10,117,0.9119,0.0015286596547812224,0.149,0.029065247535705566
knn_defense_cifar_1xs_1500_remove_k10,remove,10,118,0.9121,0.0015202725538983942,0.142,0.029775093555450438
knn_defense_cifar_1xs_1500_remove_k10,remove,10,119,0.9109,0.001562923304643482,0.19,0.027355797290802
knn_defense_cifar_1xs_1500_remove_k10,remove,10,120,0.9089,0.0016345165729522704,0.22,0.02544343376159668
knn_defense_cifar_1xs_1500_remove_k10,remove,10,121,0.9073,0.001682351840287447,0.331,0.01904641342163086
knn_defense_cifar_1xs_1500_remove_k10,remove,10,122,0.9124,0.001561659474670887,0.174,0.029520080089569092
knn_defense_cifar_1xs_1500_remove_k10,remove,10,123,0.9139,0.001551949616521597,0.154,0.03017996835708618
knn_defense_cifar_1xs_1500_remove_k10,remove,10,124,0.9115,0.0016354351583868264,0.239,0.024908967971801758
knn_defense_cifar_1xs_1500_remove_k10,remove,10,125,0.9148,0.0015449054323136806,0.139,0.031112746715545654
knn_defense_cifar_1xs_1500_remove_k10,remove,10,126,0.9149,0.0015200587509199978,0.19,0.02707270050048828
knn_defense_cifar_1xs_1500_remove_k10,remove,10,127,0.9138,0.00153439035192132,0.202,0.026294029712677
knn_defense_cifar_1xs_1500_remove_k10,remove,10,128,0.9148,0.0015229031615890563,0.191,0.02663543701171875
knn_defense_cifar_1xs_1500_remove_k10,remove,10,129,0.914,0.001563735713623464,0.215,0.025084781646728515
knn_defense_cifar_1xs_1500_remove_k10,remove,10,130,0.9141,0.0015349262769334018,0.205,0.025907649993896484
knn_defense_cifar_1xs_1500_remove_k10,remove,10,131,0.9145,0.0015425284514203668,0.203,0.025946895122528076
knn_defense_cifar_1xs_1500_remove_k10,remove,10,132,0.9134,0.0015626772066578269,0.216,0.02544031286239624
knn_defense_cifar_1xs_1500_remove_k10,remove,10,133,0.9132,0.0015816533282399178,0.226,0.024882998943328856
knn_defense_cifar_1xs_1500_remove_k10,remove,10,134,0.9135,0.0015719059094786644,0.225,0.02497340393066406
knn_defense_cifar_1xs_1500_remove_k10,remove,10,135,0.9154,0.0015491209087893367,0.2,0.026424482822418213
knn_defense_cifar_1xs_1500_remove_k10,remove,10,136,0.9142,0.0015531278572045266,0.203,0.02671472692489624
knn_defense_cifar_1xs_1500_remove_k10,remove,10,137,0.9135,0.0015868287475779652,0.229,0.02458301591873169
knn_defense_cifar_1xs_1500_remove_k10,remove,10,138,0.9147,0.001543725700955838,0.196,0.026620640754699706
knn_defense_cifar_1xs_1500_remove_k10,remove,10,139,0.914,0.0015463884752243758,0.193,0.02720438289642334
knn_defense_cifar_1xs_1500_remove_k10,remove,10,140,0.9145,0.0015607620580121875,0.208,0.02583994483947754
knn_defense_cifar_1xs_1500_remove_k10,remove,10,141,0.914,0.001591156179085374,0.236,0.02401358699798584
knn_defense_cifar_1xs_1500_remove_k10,remove,10,142,0.9145,0.0015616635244339705,0.209,0.026020650863647462
knn_defense_cifar_1xs_1500_remove_k10,remove,10,143,0.9149,0.001557814161479473,0.205,0.026819845676422118
knn_defense_cifar_1xs_1500_remove_k10,remove,10,144,0.9139,0.0015694467362016439,0.214,0.025828362464904785
knn_defense_cifar_1xs_1500_remove_k10,remove,10,145,0.9135,0.0015802903015166522,0.211,0.026382488250732423
knn_defense_cifar_1xs_1500_remove_k10,remove,10,146,0.913,0.001591886985488236,0.218,0.026069153785705568
knn_defense_cifar_1xs_1500_remove_k10,remove,10,147,0.9144,0.0015936639433726668,0.228,0.025524693489074705
knn_defense_cifar_1xs_1500_remove_k10,remove,10,148,0.913,0.0015710191145539283,0.208,0.026748672485351562
knn_defense_cifar_1xs_1500_remove_k10,remove,10,149,0.9134,0.00156548155490309,0.215,0.026490363121032715
knn_defense_cifar_1xs_1500_remove_k10,remove,10,150,0.9142,0.001576324475929141,0.205,0.027012178421020508
knn_defense_cifar_1xs_1500_remove_k10,remove,10,151,0.914,0.0015881597347557545,0.228,0.02529377031326294
knn_defense_cifar_1xs_1500_remove_k10,remove,10,152,0.9144,0.0015794076407328248,0.222,0.026294488430023192
knn_defense_cifar_1xs_1500_remove_k10,remove,10,153,0.9141,0.0015563843727111816,0.2,0.027484328269958495
knn_defense_cifar_1xs_1500_remove_k10,remove,10,154,0.9146,0.0015606056693941355,0.198,0.027654188632965086
knn_defense_cifar_1xs_1500_remove_k10,remove,10,155,0.9139,0.0015861814752221107,0.227,0.025384896755218506
knn_defense_cifar_1xs_1500_remove_k10,remove,10,156,0.9146,0.001566105449385941,0.195,0.027910738468170167
knn_defense_cifar_1xs_1500_remove_k10,remove,10,157,0.9129,0.0016082814551889896,0.226,0.025659082889556886
knn_defense_cifar_1xs_1500_remove_k10,remove,10,158,0.9128,0.001576562844030559,0.204,0.026921801567077637
knn_defense_cifar_1xs_1500_remove_k10,remove,10,159,0.9136,0.0016073276603594422,0.234,0.025173320293426515
knn_defense_cifar_1xs_1500_remove_k10,remove,10,160,0.9123,0.0016205702561885118,0.228,0.025715579509735107
knn_defense_cifar_1xs_1500_remove_k10,remove,10,161,0.9125,0.001584092084877193,0.202,0.027263658046722414
knn_defense_cifar_1xs_1500_remove_k10,remove,10,162,0.9127,0.0015758447902277112,0.2,0.027754411697387696
knn_defense_cifar_1xs_1500_remove_k10,remove,10,163,0.9134,0.0015753624442964792,0.206,0.026924583911895752
knn_defense_cifar_1xs_1500_remove_k10,remove,10,164,0.9139,0.001577623088285327,0.202,0.027135489940643312
knn_defense_cifar_1xs_1500_remove_k10,remove,10,165,0.9127,0.001588560045696795,0.213,0.02647375249862671
knn_defense_cifar_1xs_1500_remove_k10,remove,10,166,0.9145,0.001564419135823846,0.194,0.02760362958908081
knn_defense_cifar_1xs_1500_remove_k10,remove,10,167,0.9146,0.0015685160590335726,0.199,0.027670719146728515
knn_defense_cifar_1xs_1500_remove_k10,remove,10,168,0.9117,0.0016040192157030105,0.213,0.027016450881958008
knn_defense_cifar_1xs_1500_remove_k10,remove,10,169,0.9129,0.0016061600020155311,0.225,0.02638281774520874
knn_defense_cifar_1xs_1500_remove_k10,remove,10,170,0.9131,0.0016093144785612821,0.214,0.02746388292312622
knn_defense_cifar_1xs_1500_remove_k10,remove,10,171,0.9126,0.001622844236716628,0.229,0.02605105972290039
knn_defense_cifar_1xs_1500_remove_k10,remove,10,172,0.9127,0.0016100733287632465,0.22,0.026853918552398683
knn_defense_cifar_1xs_1500_remove_k10,remove,10,173,0.9144,0.0015768853969871997,0.194,0.028368949413299562
knn_defense_cifar_1xs_1500_remove_k10,remove,10,174,0.9146,0.0015761680154129862,0.187,0.028309447288513184
knn_defense_cifar_1xs_1500_remove_k10,remove,10,175,0.9145,0.0015824359940364958,0.191,0.02845615339279175
knn_defense_cifar_1xs_1500_remove_k10,remove,10,176,0.9135,0.0016084694920107721,0.218,0.026588494777679442
knn_defense_cifar_1xs_1500_remove_k10,remove,10,177,0.9128,0.0016453581985086203,0.241,0.02514661979675293
knn_defense_cifar_1xs_1500_remove_k10,remove,10,178,0.9157,0.00158223538082093,0.204,0.027039070606231688
knn_defense_cifar_1xs_1500_remove_k10,remove,10,179,0.9144,0.0016128378333523869,0.223,0.02638027238845825
knn_defense_cifar_1xs_1500_remove_k10,remove,10,180,0.9149,0.0015651059452444316,0.183,0.02921391773223877
knn_defense_cifar_1xs_1500_remove_k10,remove,10,181,0.914,0.001609744918346405,0.23,0.025747015953063966
knn_defense_cifar_1xs_1500_remove_k10,remove,10,182,0.9155,0.001576373309455812,0.194,0.028641892433166505
knn_defense_cifar_1xs_1500_remove_k10,remove,10,183,0.9148,0.001582721528224647,0.193,0.02782127046585083
knn_defense_cifar_1xs_1500_remove_k10,remove,10,184,0.9143,0.0016110399287194014,0.219,0.026570732593536376
knn_defense_cifar_1xs_1500_remove_k10,remove,10,185,0.9142,0.0015967238359153272,0.21,0.026948214054107664
knn_defense_cifar_1xs_1500_remove_k10,remove,10,186,0.9134,0.0016097795482724905,0.223,0.026317105293273926
knn_defense_cifar_1xs_1500_remove_k10,remove,10,187,0.9149,0.001576532343775034,0.19,0.02874970293045044
knn_defense_cifar_1xs_1500_remove_k10,remove,10,188,0.9142,0.0016000475937500596,0.212,0.027262885570526123
knn_defense_cifar_1xs_1500_remove_k10,remove,10,189,0.914,0.001607381991110742,0.218,0.02694859981536865
knn_defense_cifar_1xs_1500_remove_k10,remove,10,190,0.9138,0.0015901572881266476,0.208,0.027586240291595458
knn_defense_cifar_1xs_1500_remove_k10,remove,10,191,0.9137,0.001634484826400876,0.229,0.026183248996734618
knn_defense_cifar_1xs_1500_remove_k10,remove,10,192,0.9146,0.0016072657672688364,0.218,0.02639718770980835
knn_defense_cifar_1xs_1500_remove_k10,remove,10,193,0.9156,0.001603943145647645,0.209,0.027660835266113282
knn_defense_cifar_1xs_1500_remove_k10,remove,10,194,0.9139,0.001610210320726037,0.219,0.026333305835723877
knn_defense_cifar_1xs_1500_remove_k10,remove,10,195,0.9154,0.0016184184873476624,0.226,0.026223187923431396
knn_defense_cifar_1xs_1500_remove_k10,remove,10,196,0.9145,0.001607165995426476,0.217,0.02707524585723877
knn_defense_cifar_1xs_1500_remove_k10,remove,10,197,0.9151,0.0015732286743819714,0.181,0.029610535144805907
knn_defense_cifar_1xs_1500_remove_k10,remove,10,198,0.913,0.0016266251504421234,0.224,0.026113876342773436
knn_defense_cifar_1xs_1500_remove_k10,remove,10,199,0.915,0.0015974304027855397,0.202,0.02805544900894165
knn_defense_cifar_1xs_1500_remove_k10,remove,10,200,0.913,0.0016039221663028001,0.219,0.026582528591156007
knn_defense_cifar_1xs_1500_remove_k20,remove,20,1,0.5317,0.005235386562347412,0.01,0.02107795572280884
knn_defense_cifar_1xs_1500_remove_k20,remove,20,2,0.648,0.004117552024126053,0.025,0.01825876474380493
knn_defense_cifar_1xs_1500_remove_k20,remove,20,3,0.7062,0.0034572614789009095,0.034,0.019166017532348634
knn_defense_cifar_1xs_1500_remove_k20,remove,20,4,0.6739,0.004178553104400635,0.026,0.02457424545288086
knn_defense_cifar_1xs_1500_remove_k20,remove,20,5,0.7379,0.0032270266711711885,0.247,0.011954785823822022
knn_defense_cifar_1xs_1500_remove_k20,remove,20,6,0.7666,0.0030075772076845167,0.006,0.03624746227264404
knn_defense_cifar_1xs_1500_remove_k20,remove,20,7,0.758,0.0029720235869288444,0.079,0.02093844747543335
knn_defense_cifar_1xs_1500_remove_k20,remove,20,8,0.7853,0.00257019382417202,0.21,0.01596128249168396
knn_defense_cifar_1xs_1500_remove_k20,remove,20,9,0.7802,0.0026914639353752138,0.073,0.026353432178497314
knn_defense_cifar_1xs_1500_remove_k20,remove,20,10,0.8103,0.0023229513734579084,0.02,0.031054230690002443
knn_defense_cifar_1xs_1500_remove_k20,remove,20,11,0.8142,0.002254628574848175,0.196,0.013543092727661132
knn_defense_cifar_1xs_1500_remove_k20,remove,20,12,0.8172,0.0022240095555782317,0.051,0.02687090015411377
knn_defense_cifar_1xs_1500_remove_k20,remove,20,13,0.7851,0.002781050455570221,0.257,0.013388391256332398
knn_defense_cifar_1xs_1500_remove_k20,remove,20,14,0.7901,0.0027646771043539045,0.13,0.01825285196304321
knn_defense_cifar_1xs_1500_remove_k20,remove,20,15,0.8291,0.0021344747841358187,0.151,0.016279366493225096
knn_defense_cifar_1xs_1500_remove_k20,remove,20,16,0.8303,0.0021523364037275314,0.092,0.024019513607025148
knn_defense_cifar_1xs_1500_remove_k20,remove,20,17,0.8301,0.0021434688955545424,0.01,0.03515588283538818
knn_defense_cifar_1xs_1500_remove_k20,remove,20,18,0.7877,0.002992977172136307,0.078,0.024503320217132567
knn_defense_cifar_1xs_1500_remove_k20,remove,20,19,0.8411,0.002015544030070305,0.074,0.024202059745788575
knn_defense_cifar_1xs_1500_remove_k20,remove,20,20,0.8194,0.002308277177065611,0.077,0.03297798728942871
knn_defense_cifar_1xs_1500_remove_k20,remove,20,21,0.8183,0.0025123616337776183,0.103,0.020129230976104737
knn_defense_cifar_1xs_1500_remove_k20,remove,20,22,0.8098,0.0026874779164791107,0.063,0.03519974899291992
knn_defense_cifar_1xs_1500_remove_k20,remove,20,23,0.8264,0.0021817392498254774,0.089,0.024522292613983154
knn_defense_cifar_1xs_1500_remove_k20,remove,20,24,0.8298,0.0022183863788843156,0.042,0.02952381420135498
knn_defense_cifar_1xs_1500_remove_k20,remove,20,25,0.8591,0.0017414117008447646,0.046,0.028043492317199707
knn_defense_cifar_1xs_1500_remove_k20,remove,20,26,0.8583,0.0016497275203466416,0.07,0.026344398975372316
knn_defense_cifar_1xs_1500_remove_k20,remove,20,27,0.8464,0.0019356774181127547,0.058,0.02736363744735718
knn_defense_cifar_1xs_1500_remove_k20,remove,20,28,0.8665,0.0016622876554727554,0.031,0.028891748905181886
knn_defense_cifar_1xs_1500_remove_k20,remove,20,29,0.8285,0.0022756626486778258,0.104,0.02059666633605957
knn_defense_cifar_1xs_1500_remove_k20,remove,20,30,0.7895,0.002919701063632965,0.152,0.018335176944732665
knn_defense_cifar_1xs_1500_remove_k20,remove,20,31,0.8386,0.0021405047684907915,0.062,0.026023165702819824
knn_defense_cifar_1xs_1500_remove_k20,remove,20,32,0.8475,0.0019085752084851265,0.028,0.02607523775100708
knn_defense_cifar_1xs_1500_remove_k20,remove,20,33,0.8442,0.001991280900686979,0.161,0.018844619274139406
knn_defense_cifar_1xs_1500_remove_k20,remove,20,34,0.8134,0.00255085386633873,0.036,0.027088900566101075
knn_defense_cifar_1xs_1500_remove_k20,remove,20,35,0.8472,0.0019105347722768783,0.064,0.02497157382965088
knn_defense_cifar_1xs_1500_remove_k20,remove,20,36,0.8466,0.0021288704931735993,0.058,0.02565567111968994
knn_defense_cifar_1xs_1500_remove_k20,remove,20,37,0.8094,0.0025061169028282163,0.043,0.02737465810775757
knn_defense_cifar_1xs_1500_remove_k20,remove,20,38,0.8352,0.002161231106519699,0.043,0.027252111911773683
knn_defense_cifar_1xs_1500_remove_k20,remove,20,39,0.839,0.0021521964699029923,0.265,0.015955373525619508
knn_defense_cifar_1xs_1500_remove_k20,remove,20,40,0.86,0.001788481143116951,0.088,0.02292512083053589
knn_defense_cifar_1xs_1500_remove_k20,remove,20,41,0.8515,0.001975648406147957,0.051,0.02610857391357422
knn_defense_cifar_1xs_1500_remove_k20,remove,20,42,0.8289,0.0023809678196907045,0.088,0.02222141170501709
knn_defense_cifar_1xs_1500_remove_k20,remove,20,43,0.8437,0.0021369617909193037,0.037,0.027902233600616454
knn_defense_cifar_1xs_1500_remove_k20,remove,20,44,0.856,0.0018910869762301444,0.186,0.019395082473754884
knn_defense_cifar_1xs_1500_remove_k20,remove,20,45,0.8514,0.0019619225323200228,0.293,0.013553067207336426
knn_defense_cifar_1xs_1500_remove_k20,remove,20,46,0.8589,0.0017955726891756057,0.077,0.023927210330963136
knn_defense_cifar_1xs_1500_remove_k20,remove,20,47,0.862,0.0017932248443365097,0.164,0.017341488361358643
knn_defense_cifar_1xs_1500_remove_k20,remove,20,48,0.8609,0.0018350411236286164,0.018,0.03390377140045166
knn_defense_cifar_1xs_1500_remove_k20,remove,20,49,0.8603,0.0018411187082529067,0.117,0.019979095935821534
knn_defense_cifar_1xs_1500_remove_k20,remove,20,50,0.8326,0.002607744091749191,0.123,0.023371447563171388
knn_defense_cifar_1xs_1500_remove_k20,remove,20,51,0.8743,0.0016790029257535935,0.031,0.029821019172668457
knn_defense_cifar_1xs_1500_remove_k20,remove,20,52,0.8584,0.0018169042199850083,0.027,0.033298531532287595
knn_defense_cifar_1xs_1500_remove_k20,remove,20,53,0.8506,0.0021577909529209138,0.049,0.03337521886825562
knn_defense_cifar_1xs_1500_remove_k20,remove,20,54,0.8655,0.0017165626138448715,0.064,0.026205609798431395
knn_defense_cifar_1xs_1500_remove_k20,remove,20,55,0.8341,0.0022403297111392023,0.338,0.011676732063293458
knn_defense_cifar_1xs_1500_remove_k20,remove,20,56,0.8617,0.001724240779876709,0.064,0.02630732536315918
knn_defense_cifar_1xs_1500_remove_k20,remove,20,57,0.8738,0.0017451090335845946,0.045,0.030505072593688964
knn_defense_cifar_1xs_1500_remove_k20,remove,20,58,0.8517,0.002164491054415703,0.06,0.029323164463043214
knn_defense_cifar_1xs_1500_remove_k20,remove,20,59,0.8583,0.0019044853448867798,0.091,0.02244217014312744
knn_defense_cifar_1xs_1500_remove_k20,remove,20,60,0.8559,0.0020628602504730227,0.157,0.02216009712219238
knn_defense_cifar_1xs_1500_remove_k20,remove,20,61,0.8108,0.002537152072787285,0.031,0.030980064392089845
knn_defense_cifar_1xs_1500_remove_k20,remove,20,62,0.8799,0.0015240945428609848,0.036,0.02993344831466675
knn_defense_cifar_1xs_1500_remove_k20,remove,20,63,0.8688,0.0017893007308244706,0.054,0.028378378868103026
knn_defense_cifar_1xs_1500_remove_k20,remove,20,64,0.868,0.001767495396733284,0.004,0.04542662334442139
knn_defense_cifar_1xs_1500_remove_k20,remove,20,65,0.8671,0.0017187404423952102,0.059,0.02727488422393799
knn_defense_cifar_1xs_1500_remove_k20,remove,20,66,0.8693,0.0017472555577754975,0.082,0.02732251834869385
knn_defense_cifar_1xs_1500_remove_k20,remove,20,67,0.8572,0.0019547979325056078,0.087,0.022901875019073488
knn_defense_cifar_1xs_1500_remove_k20,remove,20,68,0.8651,0.0018194837301969528,0.036,0.034563948631286624
knn_defense_cifar_1xs_1500_remove_k20,remove,20,69,0.8572,0.0018397198766469955,0.054,0.0263462233543396
knn_defense_cifar_1xs_1500_remove_k20,remove,20,70,0.867,0.001784181623160839,0.131,0.020355978012084962
knn_defense_cifar_1xs_1500_remove_k20,remove,20,71,0.8542,0.0019181254118680953,0.169,0.020437772750854493
knn_defense_cifar_1xs_1500_remove_k20,remove,20,72,0.8542,0.0018723082989454268,0.064,0.025911147117614747
knn_defense_cifar_1xs_1500_remove_k20,remove,20,73,0.8421,0.0023552323639392855,0.024,0.03651215362548828
knn_defense_cifar_1xs_1500_remove_k20,remove,20,74,0.8447,0.002173056322336197,0.127,0.021131641387939454
knn_defense_cifar_1xs_1500_remove_k20,remove,20,75,0.8453,0.002098883745074272,0.238,0.0156954128742218
knn_defense_cifar_1xs_1500_remove_k20,remove,20,76,0.9169,0.0010827915132045746,0.081,0.024692861080169676
knn_defense_cifar_1xs_1500_remove_k20,remove,20,77,0.9175,0.0011008956477046013,0.077,0.02617859649658203
knn_defense_cifar_1xs_1500_remove_k20,remove,20,78,0.9195,0.001093794122338295,0.085,0.02616782569885254
knn_defense_cifar_1xs_1500_remove_k20,remove,20,79,0.9183,0.0011420513913035393,0.122,0.023892205715179443
knn_defense_cifar_1xs_1500_remove_k20,remove,20,80,0.9186,0.0011462352126836777,0.075,0.029392850399017335
knn_defense_cifar_1xs_1500_remove_k20,remove,20,81,0.9214,0.0011828797310590743,0.12,0.02589314651489258
knn_defense_cifar_1xs_1500_remove_k20,remove,20,82,0.9202,0.0011674125865101814,0.061,0.03190520572662354
knn_defense_cifar_1xs_1500_remove_k20,remove,20,83,0.92,0.0011739510074257851,0.086,0.030163800716400145
knn_defense_cifar_1xs_1500_remove_k20,remove,20,84,0.9213,0.001172972248494625,0.068,0.03222484922409058
knn_defense_cifar_1xs_1500_remove_k20,remove,20,85,0.9172,0.0012094189316034316,0.111,0.02895870065689087
knn_defense_cifar_1xs_1500_remove_k20,remove,20,86,0.9158,0.001283409571647644,0.168,0.024302364349365235
knn_defense_cifar_1xs_1500_remove_k20,remove,20,87,0.9196,0.0012260500743985175,0.093,0.031888780117034915
knn_defense_cifar_1xs_1500_remove_k20,remove,20,88,0.9206,0.001250782363116741,0.074,0.03481683540344238
knn_defense_cifar_1xs_1500_remove_k20,remove,20,89,0.9199,0.001244913898408413,0.098,0.0324586067199707
knn_defense_cifar_1xs_1500_remove_k20,remove,20,90,0.9164,0.0013164076551795006,0.117,0.03052838897705078
knn_defense_cifar_1xs_1500_remove_k20,remove,20,91,0.9179,0.0013061366379261018,0.092,0.03204556846618652
knn_defense_cifar_1xs_1500_remove_k20,remove,20,92,0.9157,0.0013777710795402527,0.153,0.027472548961639403
knn_defense_cifar_1xs_1500_remove_k20,remove,20,93,0.9164,0.001365896688401699,0.128,0.029869390964508056
knn_defense_cifar_1xs_1500_remove_k20,remove,20,94,0.9193,0.0013329376369714738,0.104,0.03134060001373291
knn_defense_cifar_1xs_1500_remove_k20,remove,20,95,0.9175,0.0013637473210692406,0.161,0.02716189670562744
knn_defense_cifar_1xs_1500_remove_k20,remove,20,96,0.9194,0.0013485701501369477,0.097,0.033233413696289064
knn_defense_cifar_1xs_1500_remove_k20,remove,20,97,0.9197,0.001353663545846939,0.088,0.03586682891845703
knn_defense_cifar_1xs_1500_remove_k20,remove,20,98,0.919,0.001345367693901062,0.065,0.037443190574646
knn_defense_cifar_1xs_1500_remove_k20,remove,20,99,0.9194,0.0013594830587506295,0.087,0.032777358055114746
knn_defense_cifar_1xs_1500_remove_k20,remove,20,100,0.9184,0.0014208002880215646,0.104,0.0333547248840332
knn_defense_cifar_1xs_1500_remove_k20,remove,20,101,0.9198,0.0013641021475195884,0.061,0.039347640991210936
knn_defense_cifar_1xs_1500_remove_k20,remove,20,102,0.9161,0.0014577921375632287,0.122,0.03246280097961426
knn_defense_cifar_1xs_1500_remove_k20,remove,20,103,0.9172,0.001430071561038494,0.122,0.03172098159790039
knn_defense_cifar_1xs_1500_remove_k20,remove,20,104,0.9178,0.0014243921786546707,0.098,0.03478836631774902
knn_defense_cifar_1xs_1500_remove_k20,remove,20,105,0.916,0.0015005404770374298,0.133,0.03250426292419434
knn_defense_cifar_1xs_1500_remove_k20,remove,20,106,0.9179,0.0014138250485062598,0.1,0.034651033401489256
knn_defense_cifar_1xs_1500_remove_k20,remove,20,107,0.9192,0.0014243563398718833,0.084,0.036228084564208986
knn_defense_cifar_1xs_1500_remove_k20,remove,20,108,0.9157,0.0015786570146679878,0.11,0.03372691345214844
knn_defense_cifar_1xs_1500_remove_k20,remove,20,109,0.9186,0.0015096213817596435,0.108,0.03520211315155029
knn_defense_cifar_1xs_1500_remove_k20,remove,20,110,0.916,0.001523417864739895,0.122,0.033120351791381834
knn_defense_cifar_1xs_1500_remove_k20,remove,20,111,0.9164,0.001512235726416111,0.123,0.03197101974487305
knn_defense_cifar_1xs_1500_remove_k20,remove,20,112,0.9167,0.001497718571126461,0.132,0.033127784729003906
knn_defense_cifar_1xs_1500_remove_k20,remove,20,113,0.9175,0.001494028641283512,0.101,0.03647542190551758
knn_defense_cifar_1xs_1500_remove_k20,remove,20,114,0.919,0.0015274709343910218,0.104,0.03571588134765625
knn_defense_cifar_1xs_1500_remove_k20,remove,20,115,0.9203,0.0014901027888059616,0.089,0.03706785678863525
knn_defense_cifar_1xs_1500_remove_k20,remove,20,116,0.9161,0.0015736823007464408,0.145,0.03222250652313233
knn_defense_cifar_1xs_1500_remove_k20,remove,20,117,0.9178,0.0015192160665988923,0.105,0.03615998077392578
knn_defense_cifar_1xs_1500_remove_k20,remove,20,118,0.9183,0.001574657852947712,0.123,0.03500271129608154
knn_defense_cifar_1xs_1500_remove_k20,remove,20,119,0.9209,0.0014499040395021439,0.083,0.03833351802825928
knn_defense_cifar_1xs_1500_remove_k20,remove,20,120,0.9193,0.0015564468771219254,0.121,0.03578585433959961
knn_defense_cifar_1xs_1500_remove_k20,remove,20,121,0.9169,0.0015581999883055686,0.055,0.04357155227661133
knn_defense_cifar_1xs_1500_remove_k20,remove,20,122,0.9133,0.0016033140167593955,0.131,0.033829722404479984
knn_defense_cifar_1xs_1500_remove_k20,remove,20,123,0.9175,0.0015334822982549668,0.141,0.033430313110351564
knn_defense_cifar_1xs_1500_remove_k20,remove,20,124,0.9167,0.0016042498797178269,0.063,0.042133399963378906
knn_defense_cifar_1xs_1500_remove_k20,remove,20,125,0.9208,0.001537243065237999,0.09,0.03702596473693848
knn_defense_cifar_1xs_1500_remove_k20,remove,20,126,0.92,0.0014991000264883041,0.107,0.03550205039978027
knn_defense_cifar_1xs_1500_remove_k20,remove,20,127,0.9194,0.0014917565539479256,0.111,0.03554060554504394
knn_defense_cifar_1xs_1500_remove_k20,remove,20,128,0.9198,0.0014736788228154182,0.104,0.036535646438598635
knn_defense_cifar_1xs_1500_remove_k20,remove,20,129,0.9201,0.0014851734161376953,0.108,0.03608900356292725
knn_defense_cifar_1xs_1500_remove_k20,remove,20,130,0.9211,0.0014702998384833335,0.1,0.03657701396942139
knn_defense_cifar_1xs_1500_remove_k20,remove,20,131,0.9212,0.001474406635761261,0.094,0.03731376361846924
knn_defense_cifar_1xs_1500_remove_k20,remove,20,132,0.9217,0.001464218333363533,0.095,0.03739468383789062
knn_defense_cifar_1xs_1500_remove_k20,remove,20,133,0.9223,0.0014845843315124511,0.096,0.036620820045471195
knn_defense_cifar_1xs_1500_remove_k20,remove,20,134,0.9207,0.001488156682252884,0.11,0.03552648258209228
knn_defense_cifar_1xs_1500_remove_k20,remove,20,135,0.9205,0.0014925374269485474,0.109,0.0361246919631958
knn_defense_cifar_1xs_1500_remove_k20,remove,20,136,0.9217,0.0014888335198163986,0.106,0.03712748622894287
knn_defense_cifar_1xs_1500_remove_k20,remove,20,137,0.921,0.001495509971678257,0.096,0.03779865741729736
knn_defense_cifar_1xs_1500_remove_k20,remove,20,138,0.9214,0.0014802018612623214,0.093,0.038132485389709474
knn_defense_cifar_1xs_1500_remove_k20,remove,20,139,0.9208,0.0014884407475590706,0.093,0.03861030578613281
knn_defense_cifar_1xs_1500_remove_k20,remove,20,140,0.9197,0.0015093275368213653,0.117,0.03474671936035156
knn_defense_cifar_1xs_1500_remove_k20,remove,20,141,0.9203,0.0015075171083211898,0.109,0.03602058506011963
knn_defense_cifar_1xs_1500_remove_k20,remove,20,142,0.9202,0.0014923736095428467,0.101,0.037010546684265136
knn_defense_cifar_1xs_1500_remove_k20,remove,20,143,0.9218,0.0014819582909345627,0.095,0.03795087146759033
knn_defense_cifar_1xs_1500_remove_k20,remove,20,144,0.9228,0.0014758774384856224,0.094,0.03781722259521485
knn_defense_cifar_1xs_1500_remove_k20,remove,20,145,0.9213,0.0014935395032167436,0.092,0.038175779342651366
knn_defense_cifar_1xs_1500_remove_k20,remove,20,146,0.9223,0.0015042829126119613,0.098,0.03721383762359619
knn_defense_cifar_1xs_1500_remove_k20,remove,20,147,0.92,0.0015017932996153832,0.1,0.037344820022583006
knn_defense_cifar_1xs_1500_remove_k20,remove,20,148,0.9202,0.001502323865890503,0.1,0.03662820720672608
knn_defense_cifar_1xs_1500_remove_k20,remove,20,149,0.9224,0.0014913201957941055,0.094,0.038981695175170895
knn_defense_cifar_1xs_1500_remove_k20,remove,20,150,0.9218,0.0014872025698423386,0.099,0.03755695629119873
knn_defense_cifar_1xs_1500_remove_k20,remove,20,151,0.9199,0.0015183514893054961,0.106,0.036712824821472166
knn_defense_cifar_1xs_1500_remove_k20,remove,20,152,0.9203,0.0015050385341048242,0.099,0.03736331272125244
knn_defense_cifar_1xs_1500_remove_k20,remove,20,153,0.9189,0.0015069422721862792,0.11,0.036110905647277834
knn_defense_cifar_1xs_1500_remove_k20,remove,20,154,0.9208,0.0015056280061602593,0.1,0.037154119491577146
knn_defense_cifar_1xs_1500_remove_k20,remove,20,155,0.9207,0.00150935869961977,0.109,0.0362831392288208
knn_defense_cifar_1xs_1500_remove_k20,remove,20,156,0.9213,0.0015061077266931534,0.101,0.03645992565155029
knn_defense_cifar_1xs_1500_remove_k20,remove,20,157,0.9222,0.001504377557337284,0.11,0.03568811416625976
knn_defense_cifar_1xs_1500_remove_k20,remove,20,158,0.9203,0.0015122771978378297,0.119,0.03630620574951172
knn_defense_cifar_1xs_1500_remove_k20,remove,20,159,0.9209,0.0015096342086791993,0.102,0.03743827247619629
knn_defense_cifar_1xs_1500_remove_k20,remove,20,160,0.9206,0.0015094070211052895,0.102,0.03639026069641113
knn_defense_cifar_1xs_1500_remove_k20,remove,20,161,0.9205,0.0015165592715144158,0.104,0.03636549949645996
knn_defense_cifar_1xs_1500_remove_k20,remove,20,162,0.9216,0.0014918554395437242,0.092,0.039038267135620114
knn_defense_cifar_1xs_1500_remove_k20,remove,20,163,0.9206,0.0015246101602911948,0.104,0.03608317375183105
knn_defense_cifar_1xs_1500_remove_k20,remove,20,164,0.9204,0.0015214044943451881,0.104,0.03690149879455566
knn_defense_cifar_1xs_1500_remove_k20,remove,20,165,0.9209,0.0015137456864118576,0.097,0.03781519794464111
knn_defense_cifar_1xs_1500_remove_k20,remove,20,166,0.9219,0.00149721842110157,0.095,0.03885903263092041
knn_defense_cifar_1xs_1500_remove_k20,remove,20,167,0.9217,0.0015175974011421203,0.1,0.036903006553649906
knn_defense_cifar_1xs_1500_remove_k20,remove,20,168,0.9213,0.001507456023991108,0.097,0.03776001644134522
knn_defense_cifar_1xs_1500_remove_k20,remove,20,169,0.9213,0.0015215296894311905,0.112,0.03687287998199463
knn_defense_cifar_1xs_1500_remove_k20,remove,20,170,0.9213,0.0015114385813474655,0.096,0.03763683032989502
knn_defense_cifar_1xs_1500_remove_k20,remove,20,171,0.922,0.001512600263953209,0.092,0.038524249076843264
knn_defense_cifar_1xs_1500_remove_k20,remove,20,172,0.9211,0.001520102320611477,0.097,0.038187678337097165
knn_defense_cifar_1xs_1500_remove_k20,remove,20,173,0.921,0.0015171390131115913,0.095,0.03867777252197266
knn_defense_cifar_1xs_1500_remove_k20,remove,20,174,0.9209,0.0015378937870264052,0.116,0.036098179817199705
knn_defense_cifar_1xs_1500_remove_k20,remove,20,175,0.9209,0.0015332413539290428,0.103,0.0370567102432251
knn_defense_cifar_1xs_1500_remove_k20,remove,20,176,0.9214,0.0015304711773991586,0.1,0.037926740646362304
knn_defense_cifar_1xs_1500_remove_k20,remove,20,177,0.9213,0.0015087125405669212,0.095,0.03787327194213867
knn_defense_cifar_1xs_1500_remove_k20,remove,20,178,0.921,0.0015090468928217887,0.084,0.03981400489807129
knn_defense_cifar_1xs_1500_remove_k20,remove,20,179,0.9216,0.0015196365639567374,0.103,0.037810812950134276
knn_defense_cifar_1xs_1500_remove_k20,remove,20,180,0.9215,0.001521876686811447,0.101,0.03821199893951416
knn_defense_cifar_1xs_1500_remove_k20,remove,20,181,0.9219,0.0015201990783214568,0.103,0.03866811275482178
knn_defense_cifar_1xs_1500_remove_k20,remove,20,182,0.9213,0.0015335661098361015,0.117,0.03637020111083984
knn_defense_cifar_1xs_1500_remove_k20,remove,20,183,0.9218,0.001512647369503975,0.096,0.03893660163879394
knn_defense_cifar_1xs_1500_remove_k20,remove,20,184,0.9209,0.001522707875072956,0.096,0.03847440528869629
knn_defense_cifar_1xs_1500_remove_k20,remove,20,185,0.9206,0.0015221496701240539,0.096,0.03799358177185059
knn_defense_cifar_1xs_1500_remove_k20,remove,20,186,0.9208,0.00153815848082304,0.117,0.03634052848815918
knn_defense_cifar_1xs_1500_remove_k20,remove,20,187,0.9227,0.0015090088844299317,0.092,0.039059613227844237
knn_defense_cifar_1xs_1500_remove_k20,remove,20,188,0.9217,0.001540356968343258,0.112,0.0364248161315918
knn_defense_cifar_1xs_1500_remove_k20,remove,20,189,0.9204,0.001521923017501831,0.103,0.03790371799468994
knn_defense_cifar_1xs_1500_remove_k20,remove,20,190,0.9212,0.001545096790790558,0.114,0.036407654762268066
knn_defense_cifar_1xs_1500_remove_k20,remove,20,191,0.9192,0.001542843532562256,0.119,0.036168004035949705
knn_defense_cifar_1xs_1500_remove_k20,remove,20,192,0.9224,0.001512261326611042,0.096,0.03927354907989502
knn_defense_cifar_1xs_1500_remove_k20,remove,20,193,0.9208,0.0015240184351801873,0.1,0.03819842624664307
knn_defense_cifar_1xs_1500_remove_k20,remove,20,194,0.9206,0.00153072899132967,0.105,0.03782755470275879
knn_defense_cifar_1xs_1500_remove_k20,remove,20,195,0.9205,0.0015311001002788543,0.106,0.0380240650177002
knn_defense_cifar_1xs_1500_remove_k20,remove,20,196,0.9198,0.0015438441663980485,0.109,0.03626871967315674
knn_defense_cifar_1xs_1500_remove_k20,remove,20,197,0.9211,0.0015355858147144317,0.105,0.03724719047546387
knn_defense_cifar_1xs_1500_remove_k20,remove,20,198,0.9214,0.0015358829602599145,0.102,0.03811439037322998
knn_defense_cifar_1xs_1500_remove_k20,remove,20,199,0.9213,0.00152630505412817,0.1,0.038290949821472166
knn_defense_cifar_1xs_1500_remove_k20,remove,20,200,0.9213,0.0015550947904586791,0.111,0.036527871131896976
knn_defense_cifar_1xs_1500_remove_k50,remove,50,1,0.4517,0.0072407603502273555,0.205,0.007970041036605835
knn_defense_cifar_1xs_1500_remove_k50,remove,50,2,0.5832,0.004874474990367889,0.002,0.021260982990264892
knn_defense_cifar_1xs_1500_remove_k50,remove,50,3,0.701,0.0035909138917922974,0.012,0.030101911067962648
knn_defense_cifar_1xs_1500_remove_k50,remove,50,4,0.7226,0.003394470089673996,0.004,0.032639418601989746
knn_defense_cifar_1xs_1500_remove_k50,remove,50,5,0.7033,0.003997706151008606,0.03,0.024157763481140137
knn_defense_cifar_1xs_1500_remove_k50,remove,50,6,0.7487,0.003389046382904053,0.005,0.04289453220367432
knn_defense_cifar_1xs_1500_remove_k50,remove,50,7,0.7967,0.0024620821684598923,0.037,0.026651931762695313
knn_defense_cifar_1xs_1500_remove_k50,remove,50,8,0.757,0.0031887836933135985,0.033,0.026218778133392334
knn_defense_cifar_1xs_1500_remove_k50,remove,50,9,0.7958,0.002496398076415062,0.04,0.0290502610206604
knn_defense_cifar_1xs_1500_remove_k50,remove,50,10,0.8203,0.0022722525030374526,0.087,0.024124330997467042
knn_defense_cifar_1xs_1500_remove_k50,remove,50,11,0.8222,0.00214266069829464,0.012,0.04088123321533203
knn_defense_cifar_1xs_1500_remove_k50,remove,50,12,0.7924,0.0026163665622472763,0.26,0.014279052734375
knn_defense_cifar_1xs_1500_remove_k50,remove,50,13,0.8231,0.0022268542051315306,0.037,0.03264661598205566
knn_defense_cifar_1xs_1500_remove_k50,remove,50,14,0.8217,0.002232498383522034,0.053,0.030512863159179688
knn_defense_cifar_1xs_1500_remove_k50,remove,50,15,0.8224,0.0022893157005310057,0.08,0.025653444290161132
knn_defense_cifar_1xs_1500_remove_k50,remove,50,16,0.8256,0.002192469069361687,0.064,0.02699838352203369
knn_defense_cifar_1xs_1500_remove_k50,remove,50,17,0.842,0.0019926462054252626,0.058,0.038297409057617186
knn_defense_cifar_1xs_1500_remove_k50,remove,50,18,0.8369,0.0020646487414836883,0.06,0.028947311878204346
knn_defense_cifar_1xs_1500_remove_k50,remove,50,19,0.8144,0.0023546610683202744,0.005,0.0470020751953125
knn_defense_cifar_1xs_1500_remove_k50,remove,50,20,0.837,0.0021936316788196564,0.001,0.05649551486968994
knn_defense_cifar_1xs_1500_remove_k50,remove,50,21,0.8215,0.002273881945014,0.128,0.023718843460083006
knn_defense_cifar_1xs_1500_remove_k50,remove,50,22,0.815,0.0025618049085140227,0.149,0.024505045890808104
knn_defense_cifar_1xs_1500_remove_k50,remove,50,23,0.846,0.001903908172249794,0.036,0.033799126625061036
knn_defense_cifar_1xs_1500_remove_k50,remove,50,24,0.8169,0.0025449213564395904,0.014,0.03235410928726196
knn_defense_cifar_1xs_1500_remove_k50,remove,50,25,0.7876,0.0030035520792007445,0.034,0.0391070613861084
knn_defense_cifar_1xs_1500_remove_k50,remove,50,26,0.8604,0.001738495934009552,0.029,0.03876481819152832
knn_defense_cifar_1xs_1500_remove_k50,remove,50,27,0.8098,0.002695146134495735,0.007,0.05100585079193115
knn_defense_cifar_1xs_1500_remove_k50,remove,50,28,0.8238,0.0024648879945278167,0.014,0.04739989948272705
knn_defense_cifar_1xs_1500_remove_k50,remove,50,29,0.8411,0.002053708666563034,0.053,0.03990632152557373
knn_defense_cifar_1xs_1500_remove_k50,remove,50,30,0.841,0.001970429655909538,0.081,0.024967668533325195
knn_defense_cifar_1xs_1500_remove_k50,remove,50,31,0.844,0.0018388442546129226,0.038,0.03961061000823975
knn_defense_cifar_1xs_1500_remove_k50,remove,50,32,0.8438,0.0021136169493198393,0.017,0.045186593055725095
knn_defense_cifar_1xs_1500_remove_k50,remove,50,33,0.8482,0.0020910740911960603,0.012,0.051704025268554686
knn_defense_cifar_1xs_1500_remove_k50,remove,50,34,0.8572,0.001938306024670601,0.017,0.043612363815307614
knn_defense_cifar_1xs_1500_remove_k50,remove,50,35,0.8302,0.0022205955028533936,0.059,0.036910844802856446
knn_defense_cifar_1xs_1500_remove_k50,remove,50,36,0.8422,0.0021505015045404433,0.026,0.04362271785736084
knn_defense_cifar_1xs_1500_remove_k50,remove,50,37,0.8434,0.0020500066757202146,0.031,0.03975327205657959
knn_defense_cifar_1xs_1500_remove_k50,remove,50,38,0.8413,0.002120058262348175,0.033,0.04310678100585937
knn_defense_cifar_1xs_1500_remove_k50,remove,50,39,0.8497,0.001917421704530716,0.049,0.029774778366088866
knn_defense_cifar_1xs_1500_remove_k50,remove,50,40,0.8399,0.00218409588932991,0.023,0.04707264614105225
knn_defense_cifar_1xs_1500_remove_k50,remove,50,41,0.8584,0.0018109725207090378,0.014,0.04447592163085937
knn_defense_cifar_1xs_1500_remove_k50,remove,50,42,0.8318,0.0023617127716541292,0.001,0.05388956165313721
knn_defense_cifar_1xs_1500_remove_k50,remove,50,43,0.8331,0.0022962642073631285,0.071,0.034468470573425294
knn_defense_cifar_1xs_1500_remove_k50,remove,50,44,0.853,0.001929461595416069,0.044,0.03684468269348144
knn_defense_cifar_1xs_1500_remove_k50,remove,50,45,0.8227,0.0024921747267246247,0.038,0.03854674339294434
knn_defense_cifar_1xs_1500_remove_k50,remove,50,46,0.8665,0.0016970469266176223,0.058,0.03356140518188477
knn_defense_cifar_1xs_1500_remove_k50,remove,50,47,0.8595,0.0019254781991243362,0.066,0.036143997192382815
knn_defense_cifar_1xs_1500_remove_k50,remove,50,48,0.8101,0.0024820906043052674,0.087,0.02629464054107666
knn_defense_cifar_1xs_1500_remove_k50,remove,50,49,0.8656,0.0018921603828668595,0.036,0.03448753833770752
knn_defense_cifar_1xs_1500_remove_k50,remove,50,50,0.8578,0.0018784623593091966,0.264,0.020352235794067385
knn_defense_cifar_1xs_1500_remove_k50,remove,50,51,0.8447,0.0021255050271749495,0.01,0.05698049736022949
knn_defense_cifar_1xs_1500_remove_k50,remove,50,52,0.839,0.0022756306827068327,0.072,0.038629788398742676
knn_defense_cifar_1xs_1500_remove_k50,remove,50,53,0.8438,0.0020500267922878264,0.107,0.027271836280822755
knn_defense_cifar_1xs_1500_remove_k50,remove,50,54,0.8658,0.0017770808011293411,0.04,0.04697825336456299
knn_defense_cifar_1xs_1500_remove_k50,remove,50,55,0.8525,0.0019511101007461547,0.033,0.038440517425537106
knn_defense_cifar_1xs_1500_remove_k50,remove,50,56,0.8418,0.0022957645118236543,0.089,0.031621449947357175
knn_defense_cifar_1xs_1500_remove_k50,remove,50,57,0.8475,0.0020313233524560928,0.087,0.027870011806488036
knn_defense_cifar_1xs_1500_remove_k50,remove,50,58,0.8426,0.0021120411932468415,0.073,0.024296091079711913
knn_defense_cifar_1xs_1500_remove_k50,remove,50,59,0.8557,0.0020183036059141157,0.148,0.029052836894989012
knn_defense_cifar_1xs_1500_remove_k50,remove,50,60,0.8723,0.0017798982799053192,0.026,0.052184072494506836
knn_defense_cifar_1xs_1500_remove_k50,remove,50,61,0.8232,0.002563330563902855,0.081,0.02891510581970215
knn_defense_cifar_1xs_1500_remove_k50,remove,50,62,0.8771,0.0016152934342622757,0.075,0.037651281356811526
knn_defense_cifar_1xs_1500_remove_k50,remove,50,63,0.8537,0.0020410148650407793,0.031,0.050252217292785645
knn_defense_cifar_1xs_1500_remove_k50,remove,50,64,0.8564,0.0019051950812339782,0.091,0.03141127490997314
knn_defense_cifar_1xs_1500_remove_k50,remove,50,65,0.8633,0.001849917122721672,0.033,0.04060604095458984
knn_defense_cifar_1xs_1500_remove_k50,remove,50,66,0.848,0.002149973601102829,0.118,0.02954851484298706
knn_defense_cifar_1xs_1500_remove_k50,remove,50,67,0.8322,0.002403757095336914,0.211,0.018702932357788086
knn_defense_cifar_1xs_1500_remove_k50,remove,50,68,0.8458,0.0021560735821723937,0.043,0.03813654518127441
knn_defense_cifar_1xs_1500_remove_k50,remove,50,69,0.8675,0.0017804064095020295,0.025,0.049724114418029784
knn_defense_cifar_1xs_1500_remove_k50,remove,50,70,0.8227,0.0025800193428993225,0.013,0.05633321666717529
knn_defense_cifar_1xs_1500_remove_k50,remove,50,71,0.8501,0.0021288719952106475,0.108,0.031717544078826904
knn_defense_cifar_1xs_1500_remove_k50,remove,50,72,0.8644,0.0019158546686172486,0.066,0.03682742786407471
knn_defense_cifar_1xs_1500_remove_k50,remove,50,73,0.8357,0.002361636409163475,0.061,0.038981080055236816
knn_defense_cifar_1xs_1500_remove_k50,remove,50,74,0.8803,0.0017765510559082031,0.014,0.04842383480072022
knn_defense_cifar_1xs_1500_remove_k50,remove,50,75,0.8725,0.0016703054666519165,0.005,0.04619874286651611
knn_defense_cifar_1xs_1500_remove_k50,remove,50,76,0.9133,0.001163427034020424,0.043,0.04098785400390625
knn_defense_cifar_1xs_1500_remove_k50,remove,50,77,0.9146,0.001174014726281166,0.045,0.04149221706390381
knn_defense_cifar_1xs_1500_remove_k50,remove,50,78,0.9134,0.0012120124876499176,0.065,0.039280882835388185
knn_defense_cifar_1xs_1500_remove_k50,remove,50,79,0.9159,0.00120471493601799,0.067,0.04287374591827393
knn_defense_cifar_1xs_1500_remove_k50,remove,50,80,0.9158,0.0012110335528850555,0.048,0.04513318157196045
knn_defense_cifar_1xs_1500_remove_k50,remove,50,81,0.9165,0.00122441196590662,0.05,0.044349915504455564
knn_defense_cifar_1xs_1500_remove_k50,remove,50,82,0.9145,0.0012302392721176148,0.044,0.04824864292144775
knn_defense_cifar_1xs_1500_remove_k50,remove,50,83,0.9162,0.0012850498914718628,0.057,0.043987799644470214
knn_defense_cifar_1xs_1500_remove_k50,remove,50,84,0.9157,0.0012757271453738212,0.051,0.04681335926055908
knn_defense_cifar_1xs_1500_remove_k50,remove,50,85,0.9176,0.0012542232185602188,0.042,0.04819665050506592
knn_defense_cifar_1xs_1500_remove_k50,remove,50,86,0.9187,0.0013024218618869782,0.037,0.05128274154663086
knn_defense_cifar_1xs_1500_remove_k50,remove,50,87,0.9157,0.0013230191454291344,0.064,0.04730294799804687
knn_defense_cifar_1xs_1500_remove_k50,remove,50,88,0.9162,0.0013588324785232544,0.053,0.04817637538909912
knn_defense_cifar_1xs_1500_remove_k50,remove,50,89,0.9163,0.0013443856373429298,0.049,0.051055859565734864
knn_defense_cifar_1xs_1500_remove_k50,remove,50,90,0.9175,0.0013749145671725273,0.041,0.05044390869140625
knn_defense_cifar_1xs_1500_remove_k50,remove,50,91,0.9183,0.0013385040163993835,0.049,0.049759750366210935
knn_defense_cifar_1xs_1500_remove_k50,remove,50,92,0.9162,0.0013961850062012672,0.058,0.04711330413818359
knn_defense_cifar_1xs_1500_remove_k50,remove,50,93,0.9176,0.0013890796318650246,0.045,0.04989861583709717
knn_defense_cifar_1xs_1500_remove_k50,remove,50,94,0.916,0.0014278406709432603,0.071,0.047032742500305175
knn_defense_cifar_1xs_1500_remove_k50,remove,50,95,0.9157,0.0014102502688765526,0.056,0.04796858215332031
knn_defense_cifar_1xs_1500_remove_k50,remove,50,96,0.9146,0.0014348518922924994,0.055,0.04937941646575928
knn_defense_cifar_1xs_1500_remove_k50,remove,50,97,0.9169,0.0014319536611437798,0.042,0.05249503993988037
knn_defense_cifar_1xs_1500_remove_k50,remove,50,98,0.9162,0.0014746694430708884,0.049,0.04965722465515137
knn_defense_cifar_1xs_1500_remove_k50,remove,50,99,0.917,0.0014336365953087806,0.036,0.05209210205078125
knn_defense_cifar_1xs_1500_remove_k50,remove,50,100,0.9159,0.0014657768338918685,0.05,0.05206698036193848
knn_defense_cifar_1xs_1500_remove_k50,remove,50,101,0.9189,0.0014360834136605263,0.039,0.051462294578552246
knn_defense_cifar_1xs_1500_remove_k50,remove,50,102,0.9188,0.0014160866498947144,0.035,0.05338187694549561
knn_defense_cifar_1xs_1500_remove_k50,remove,50,103,0.9202,0.001460258938372135,0.035,0.052616774559020994
knn_defense_cifar_1xs_1500_remove_k50,remove,50,104,0.9174,0.0014711942210793496,0.036,0.05301870918273926
knn_defense_cifar_1xs_1500_remove_k50,remove,50,105,0.9187,0.0014404222711920738,0.043,0.05493564891815186
knn_defense_cifar_1xs_1500_remove_k50,remove,50,106,0.9154,0.001570361526310444,0.044,0.054185376167297364
knn_defense_cifar_1xs_1500_remove_k50,remove,50,107,0.917,0.0014793728485703469,0.053,0.05438867950439453
knn_defense_cifar_1xs_1500_remove_k50,remove,50,108,0.9161,0.0015162475645542144,0.046,0.05145577049255371
knn_defense_cifar_1xs_1500_remove_k50,remove,50,109,0.9164,0.0015207923531532289,0.043,0.05169668483734131
knn_defense_cifar_1xs_1500_remove_k50,remove,50,110,0.919,0.0015020543366670608,0.042,0.05436802291870117
knn_defense_cifar_1xs_1500_remove_k50,remove,50,111,0.9169,0.00147644172757864,0.039,0.05382309818267822
knn_defense_cifar_1xs_1500_remove_k50,remove,50,112,0.9161,0.001489157797396183,0.044,0.05414953899383545
knn_defense_cifar_1xs_1500_remove_k50,remove,50,113,0.9173,0.001484363842010498,0.047,0.05476027011871338
knn_defense_cifar_1xs_1500_remove_k50,remove,50,114,0.9175,0.00151322183907032,0.055,0.05048281764984131
knn_defense_cifar_1xs_1500_remove_k50,remove,50,115,0.9165,0.0015252080082893372,0.05,0.052500507354736325
knn_defense_cifar_1xs_1500_remove_k50,remove,50,116,0.9157,0.0014949729830026626,0.047,0.05043386650085449
knn_defense_cifar_1xs_1500_remove_k50,remove,50,117,0.9143,0.001551970399916172,0.053,0.05134635257720947
knn_defense_cifar_1xs_1500_remove_k50,remove,50,118,0.9159,0.0015898218408226968,0.057,0.05144435596466065
knn_defense_cifar_1xs_1500_remove_k50,remove,50,119,0.9156,0.001570344978570938,0.056,0.04841129493713379
knn_defense_cifar_1xs_1500_remove_k50,remove,50,120,0.9141,0.0015542544409632682,0.042,0.05114250755310058
knn_defense_cifar_1xs_1500_remove_k50,remove,50,121,0.9169,0.0015265150368213654,0.05,0.05272443294525146
knn_defense_cifar_1xs_1500_remove_k50,remove,50,122,0.9142,0.0015600816890597342,0.047,0.05234043979644775
knn_defense_cifar_1xs_1500_remove_k50,remove,50,123,0.9168,0.0015821034997701646,0.048,0.051946807861328125
knn_defense_cifar_1xs_1500_remove_k50,remove,50,124,0.9163,0.0015841815531253815,0.056,0.051355294227600094
knn_defense_cifar_1xs_1500_remove_k50,remove,50,125,0.9174,0.0015626753240823746,0.044,0.056589898109436036
knn_defense_cifar_1xs_1500_remove_k50,remove,50,126,0.9181,0.0015027315005660057,0.046,0.055636629104614255
knn_defense_cifar_1xs_1500_remove_k50,remove,50,127,0.9177,0.0014841584250330925,0.049,0.05500942897796631
knn_defense_cifar_1xs_1500_remove_k50,remove,50,128,0.9194,0.0014704677522182465,0.047,0.05680690383911133
knn_defense_cifar_1xs_1500_remove_k50,remove,50,129,0.919,0.0014678013220429421,0.048,0.05467351818084717
knn_defense_cifar_1xs_1500_remove_k50,remove,50,130,0.9196,0.001463749635219574,0.045,0.057210417747497556
knn_defense_cifar_1xs_1500_remove_k50,remove,50,131,0.918,0.001492651206254959,0.047,0.05383877086639404
knn_defense_cifar_1xs_1500_remove_k50,remove,50,132,0.9182,0.0014954497292637824,0.047,0.053601856231689456
knn_defense_cifar_1xs_1500_remove_k50,remove,50,133,0.9181,0.00149594437032938,0.048,0.05338449573516846
knn_defense_cifar_1xs_1500_remove_k50,remove,50,134,0.9185,0.0014777059882879256,0.044,0.05705113697052002
knn_defense_cifar_1xs_1500_remove_k50,remove,50,135,0.9181,0.0014956809654831887,0.045,0.05538991260528565
knn_defense_cifar_1xs_1500_remove_k50,remove,50,136,0.9181,0.0014881572648882866,0.047,0.05407392692565918
knn_defense_cifar_1xs_1500_remove_k50,remove,50,137,0.9186,0.001480886510014534,0.045,0.055226696014404296
knn_defense_cifar_1xs_1500_remove_k50,remove,50,138,0.9185,0.0014846875324845315,0.046,0.05283244800567627
knn_defense_cifar_1xs_1500_remove_k50,remove,50,139,0.9184,0.0014838055610656739,0.046,0.054648033142089845
knn_defense_cifar_1xs_1500_remove_k50,remove,50,140,0.9178,0.0014946554556488992,0.046,0.054009203910827634
knn_defense_cifar_1xs_1500_remove_k50,remove,50,141,0.9184,0.0014847727984189988,0.043,0.05502734470367432
knn_defense_cifar_1xs_1500_remove_k50,remove,50,142,0.9186,0.001495245160162449,0.046,0.052036208152771
knn_defense_cifar_1xs_1500_remove_k50,remove,50,143,0.9171,0.0014980676665902139,0.046,0.05356003665924072
knn_defense_cifar_1xs_1500_remove_k50,remove,50,144,0.9193,0.0014857359141111374,0.046,0.056018953323364255
knn_defense_cifar_1xs_1500_remove_k50,remove,50,145,0.9195,0.0014886321812868119,0.045,0.053506564140319825
knn_defense_cifar_1xs_1500_remove_k50,remove,50,146,0.9186,0.001492312979698181,0.044,0.05441293334960937
knn_defense_cifar_1xs_1500_remove_k50,remove,50,147,0.9189,0.0015005009859800338,0.046,0.05426312160491943
knn_defense_cifar_1xs_1500_remove_k50,remove,50,148,0.9183,0.0014912530317902565,0.048,0.05297832202911377
knn_defense_cifar_1xs_1500_remove_k50,remove,50,149,0.9184,0.001506446723639965,0.045,0.053734716415405274
knn_defense_cifar_1xs_1500_remove_k50,remove,50,150,0.918,0.0015073128953576088,0.049,0.05354452896118164
knn_defense_cifar_1xs_1500_remove_k50,remove,50,151,0.919,0.0014865457788109779,0.045,0.05473945140838623
knn_defense_cifar_1xs_1500_remove_k50,remove,50,152,0.9186,0.0014984682470560074,0.045,0.05453868293762207
knn_defense_cifar_1xs_1500_remove_k50,remove,50,153,0.9192,0.0015003982037305832,0.048,0.05292717742919922
knn_defense_cifar_1xs_1500_remove_k50,remove,50,154,0.9184,0.001495968446135521,0.046,0.0542656364440918
knn_defense_cifar_1xs_1500_remove_k50,remove,50,155,0.9181,0.001504384860396385,0.048,0.05396956443786621
knn_defense_cifar_1xs_1500_remove_k50,remove,50,156,0.9194,0.0014867612212896347,0.046,0.05471500110626221
knn_defense_cifar_1xs_1500_remove_k50,remove,50,157,0.9202,0.0015032096937298775,0.045,0.05402164363861084
knn_defense_cifar_1xs_1500_remove_k50,remove,50,158,0.9176,0.0015169061422348022,0.048,0.052826094627380374
knn_defense_cifar_1xs_1500_remove_k50,remove,50,159,0.9191,0.0015004325106739997,0.046,0.053840322494506834
knn_defense_cifar_1xs_1500_remove_k50,remove,50,160,0.9186,0.0015142549693584442,0.045,0.053841636657714846
knn_defense_cifar_1xs_1500_remove_k50,remove,50,161,0.9198,0.0015158905535936355,0.047,0.052464673995971677
knn_defense_cifar_1xs_1500_remove_k50,remove,50,162,0.9192,0.0015090879216790199,0.047,0.05282406044006348
knn_defense_cifar_1xs_1500_remove_k50,remove,50,163,0.92,0.0015051329642534255,0.044,0.05378444480895996
knn_defense_cifar_1xs_1500_remove_k50,remove,50,164,0.9185,0.0015123596236109734,0.044,0.054534270286560056
knn_defense_cifar_1xs_1500_remove_k50,remove,50,165,0.919,0.0015254684790968894,0.046,0.053968178749084474
knn_defense_cifar_1xs_1500_remove_k50,remove,50,166,0.9203,0.0015104258373379708,0.045,0.053912046432495114
knn_defense_cifar_1xs_1500_remove_k50,remove,50,167,0.9186,0.0015050257980823516,0.047,0.053455228805541995
knn_defense_cifar_1xs_1500_remove_k50,remove,50,168,0.9196,0.0015097232952713967,0.047,0.05326106071472168
knn_defense_cifar_1xs_1500_remove_k50,remove,50,169,0.9195,0.0014998741194605827,0.045,0.05589556312561035
knn_defense_cifar_1xs_1500_remove_k50,remove,50,170,0.9194,0.0015150812596082686,0.047,0.05266267776489258
knn_defense_cifar_1xs_1500_remove_k50,remove,50,171,0.9197,0.0015148685455322265,0.045,0.054421027183532714
knn_defense_cifar_1xs_1500_remove_k50,remove,50,172,0.92,0.0015154979899525641,0.046,0.05370765113830566
knn_defense_cifar_1xs_1500_remove_k50,remove,50,173,0.9193,0.0015120902448892593,0.045,0.054328102111816406
knn_defense_cifar_1xs_1500_remove_k50,remove,50,174,0.9199,0.0015024648055434228,0.045,0.053593785285949706
knn_defense_cifar_1xs_1500_remove_k50,remove,50,175,0.9197,0.0015239665448665619,0.045,0.05421766757965088
knn_defense_cifar_1xs_1500_remove_k50,remove,50,176,0.9194,0.0015034193202853204,0.046,0.054155101776123045
knn_defense_cifar_1xs_1500_remove_k50,remove,50,177,0.9189,0.001518157759308815,0.046,0.053647591590881345
knn_defense_cifar_1xs_1500_remove_k50,remove,50,178,0.9189,0.001522140111029148,0.046,0.05444007682800293
knn_defense_cifar_1xs_1500_remove_k50,remove,50,179,0.9196,0.0015015228480100631,0.045,0.05363919544219971
knn_defense_cifar_1xs_1500_remove_k50,remove,50,180,0.9186,0.0015346373915672302,0.051,0.05207771015167236
knn_defense_cifar_1xs_1500_remove_k50,remove,50,181,0.9189,0.0015072077319025993,0.045,0.05398133754730225
knn_defense_cifar_1xs_1500_remove_k50,remove,50,182,0.9197,0.0014995871677994728,0.045,0.054299365997314455
knn_defense_cifar_1xs_1500_remove_k50,remove,50,183,0.9195,0.001508497565984726,0.045,0.0539088659286499
knn_defense_cifar_1xs_1500_remove_k50,remove,50,184,0.9183,0.0015208408698439597,0.045,0.05389556503295898
knn_defense_cifar_1xs_1500_remove_k50,remove,50,185,0.9179,0.0015252046152949333,0.049,0.05270507526397705
knn_defense_cifar_1xs_1500_remove_k50,remove,50,186,0.9188,0.0015233835712075235,0.045,0.053762039184570315
knn_defense_cifar_1xs_1500_remove_k50,remove,50,187,0.9202,0.001516358084976673,0.048,0.05378665065765381
knn_defense_cifar_1xs_1500_remove_k50,remove,50,188,0.9187,0.001517987295985222,0.044,0.05349092292785645
knn_defense_cifar_1xs_1500_remove_k50,remove,50,189,0.9176,0.0015339996457099914,0.048,0.05356297779083252
knn_defense_cifar_1xs_1500_remove_k50,remove,50,190,0.9189,0.0015305781334638596,0.048,0.053043994903564456
knn_defense_cifar_1xs_1500_remove_k50,remove,50,191,0.9192,0.0015280831247568131,0.044,0.05394315528869629
knn_defense_cifar_1xs_1500_remove_k50,remove,50,192,0.9186,0.0015175974488258362,0.045,0.054650233268737795
knn_defense_cifar_1xs_1500_remove_k50,remove,50,193,0.9197,0.0015243908226490021,0.044,0.05453621864318848
knn_defense_cifar_1xs_1500_remove_k50,remove,50,194,0.9197,0.0015121196240186691,0.044,0.05492349433898926
knn_defense_cifar_1xs_1500_remove_k50,remove,50,195,0.9202,0.0015287943214178086,0.048,0.05302065944671631
knn_defense_cifar_1xs_1500_remove_k50,remove,50,196,0.9196,0.0015205309361219406,0.047,0.05338402080535889
knn_defense_cifar_1xs_1500_remove_k50,remove,50,197,0.9195,0.0015229066863656044,0.046,0.05417941761016846
knn_defense_cifar_1xs_1500_remove_k50,remove,50,198,0.918,0.0015254928544163704,0.046,0.053798484802246097
knn_defense_cifar_1xs_1500_remove_k50,remove,50,199,0.9198,0.0015380794316530227,0.047,0.05258753490447998
knn_defense_cifar_1xs_1500_remove_k50,remove,50,200,0.9201,0.0015240921005606652,0.045,0.05422511577606201
knn_defense_cifar_1xs_1500_remove_k100,remove,100,1,0.4089,0.008167139577865601,0.011,0.01472379207611084
knn_defense_cifar_1xs_1500_remove_k100,remove,100,2,0.6324,0.004396522784233093,0.023,0.027246500492095947
knn_defense_cifar_1xs_1500_remove_k100,remove,100,3,0.698,0.003604148077964783,0.014,0.028531281471252442
knn_defense_cifar_1xs_1500_remove_k100,remove,100,4,0.7654,0.002756735569238663,0.014,0.029480363845825194
knn_defense_cifar_1xs_1500_remove_k100,remove,100,5,0.7325,0.0034115461468696593,0.043,0.02529973030090332
knn_defense_cifar_1xs_1500_remove_k100,remove,100,6,0.7427,0.003281019341945648,0.028,0.023765182495117186
knn_defense_cifar_1xs_1500_remove_k100,remove,100,7,0.741,0.003191224843263626,0.172,0.013327775239944458
knn_defense_cifar_1xs_1500_remove_k100,remove,100,8,0.7712,0.0029038200974464416,0.008,0.03668032455444336
knn_defense_cifar_1xs_1500_remove_k100,remove,100,9,0.8251,0.00209447865486145,0.017,0.026645338535308837
knn_defense_cifar_1xs_1500_remove_k100,remove,100,10,0.7811,0.00264818097949028,0.221,0.01577204442024231
knn_defense_cifar_1xs_1500_remove_k100,remove,100,11,0.7772,0.0028184234768152236,0.007,0.03650505065917969
knn_defense_cifar_1xs_1500_remove_k100,remove,100,12,0.8134,0.002395494246482849,0.058,0.02722523593902588
knn_defense_cifar_1xs_1500_remove_k100,remove,100,13,0.8176,0.002247837418317795,0.016,0.03131483030319214
knn_defense_cifar_1xs_1500_remove_k100,remove,100,14,0.8315,0.002072674709558487,0.033,0.03699618434906006
knn_defense_cifar_1xs_1500_remove_k100,remove,100,15,0.8178,0.0022490884065628053,0.027,0.025814645290374756
knn_defense_cifar_1xs_1500_remove_k100,remove,100,16,0.8235,0.002309247288107872,0.012,0.040557411193847655
knn_defense_cifar_1xs_1500_remove_k100,remove,100,17,0.8302,0.002167729327082634,0.046,0.03342766952514648
knn_defense_cifar_1xs_1500_remove_k100,remove,100,18,0.8449,0.0019349384844303131,0.006,0.04705417346954346
knn_defense_cifar_1xs_1500_remove_k100,remove,100,19,0.8283,0.002246112835407257,0.013,0.04207368278503418
knn_defense_cifar_1xs_1500_remove_k100,remove,100,20,0.8512,0.0018452218294143677,0.035,0.032333324432373044
knn_defense_cifar_1xs_1500_remove_k100,remove,100,21,0.8417,0.002020462837815285,0.083,0.02850658702850342
knn_defense_cifar_1xs_1500_remove_k100,remove,100,22,0.8045,0.0024926405906677248,0.036,0.037081568717956544
knn_defense_cifar_1xs_1500_remove_k100,remove,100,23,0.8575,0.001799615114927292,0.038,0.03275993728637695
knn_defense_cifar_1xs_1500_remove_k100,remove,100,24,0.8542,0.0018514024585485457,0.007,0.04613742542266846
knn_defense_cifar_1xs_1500_remove_k100,remove,100,25,0.8296,0.0020898739337921143,0.072,0.02494187307357788
knn_defense_cifar_1xs_1500_remove_k100,remove,100,26,0.8126,0.002728078582882881,0.033,0.039076912879943845
knn_defense_cifar_1xs_1500_remove_k100,remove,100,27,0.8334,0.00228575864136219,0.019,0.036605712890625
knn_defense_cifar_1xs_1500_remove_k100,remove,100,28,0.8518,0.0019189401268959046,0.045,0.0320143632888794
knn_defense_cifar_1xs_1500_remove_k100,remove,100,29,0.8555,0.0018890801578760148,0.023,0.03793948078155517
knn_defense_cifar_1xs_1500_remove_k100,remove,100,30,0.8432,0.002100903308391571,0.013,0.04230309581756592
knn_defense_cifar_1xs_1500_remove_k100,remove,100,31,0.8473,0.0019068597972393036,0.003,0.0542366886138916
knn_defense_cifar_1xs_1500_remove_k100,remove,100,32,0.844,0.0021237484157085418,0.141,0.02448676538467407
knn_defense_cifar_1xs_1500_remove_k100,remove,100,33,0.8599,0.0018757510364055634,0.098,0.02917232847213745
knn_defense_cifar_1xs_1500_remove_k100,remove,100,34,0.8439,0.002084842872619629,0.037,0.039941036224365234
knn_defense_cifar_1xs_1500_remove_k100,remove,100,35,0.8745,0.0016100429341197014,0.012,0.04341653633117676
knn_defense_cifar_1xs_1500_remove_k100,remove,100,36,0.8162,0.0025698158249258993,0.061,0.030467937469482422
knn_defense_cifar_1xs_1500_remove_k100,remove,100,37,0.8553,0.0018383563488721848,0.029,0.03592183017730713
knn_defense_cifar_1xs_1500_remove_k100,remove,100,38,0.8421,0.002041234055161476,0.058,0.02992802429199219
knn_defense_cifar_1xs_1500_remove_k100,remove,100,39,0.8475,0.002050601343810558,0.01,0.04479534816741943
knn_defense_cifar_1xs_1500_remove_k100,remove,100,40,0.8391,0.0021068846344947816,0.015,0.047844895362854
knn_defense_cifar_1xs_1500_remove_k100,remove,100,41,0.8222,0.002386529380083084,0.01,0.043545125961303714
knn_defense_cifar_1xs_1500_remove_k100,remove,100,42,0.839,0.002262019565701485,0.01,0.04856718635559082
knn_defense_cifar_1xs_1500_remove_k100,remove,100,43,0.8502,0.001995271235704422,0.01,0.0464650239944458
knn_defense_cifar_1xs_1500_remove_k100,remove,100,44,0.8426,0.002143300533294678,0.021,0.04241416645050049
knn_defense_cifar_1xs_1500_remove_k100,remove,100,45,0.8115,0.002652788597345352,0.001,0.054368623733520506
knn_defense_cifar_1xs_1500_remove_k100,remove,100,46,0.8606,0.0019412577629089355,0.021,0.0477500114440918
knn_defense_cifar_1xs_1500_remove_k100,remove,100,47,0.8508,0.002102503901720047,0.005,0.05371725368499756
knn_defense_cifar_1xs_1500_remove_k100,remove,100,48,0.8423,0.00209681311249733,0.081,0.023094424724578858
knn_defense_cifar_1xs_1500_remove_k100,remove,100,49,0.8698,0.001713382339477539,0.04,0.039355286598205565
knn_defense_cifar_1xs_1500_remove_k100,remove,100,50,0.8551,0.001855997483432293,0.05,0.03365071678161621
knn_defense_cifar_1xs_1500_remove_k100,remove,100,51,0.8527,0.0020329418778419497,0.017,0.05102320957183838
knn_defense_cifar_1xs_1500_remove_k100,remove,100,52,0.8497,0.0021108228385448456,0.017,0.04473381519317627
knn_defense_cifar_1xs_1500_remove_k100,remove,100,53,0.8546,0.002005974727869034,0.003,0.047413917541503904
knn_defense_cifar_1xs_1500_remove_k100,remove,100,54,0.8507,0.0021009849041700363,0.048,0.03881398582458496
knn_defense_cifar_1xs_1500_remove_k100,remove,100,55,0.853,0.0021229676127433776,0.041,0.03347582149505615
knn_defense_cifar_1xs_1500_remove_k100,remove,100,56,0.8643,0.0019273284792900086,0.032,0.041695966720581054
knn_defense_cifar_1xs_1500_remove_k100,remove,100,57,0.8621,0.001886478716135025,0.011,0.043038095474243164
knn_defense_cifar_1xs_1500_remove_k100,remove,100,58,0.8485,0.0021256357491016386,0.022,0.043255486488342286
knn_defense_cifar_1xs_1500_remove_k100,remove,100,59,0.8537,0.001955597370862961,0.005,0.057249486923217775
knn_defense_cifar_1xs_1500_remove_k100,remove,100,60,0.874,0.0017812396377325057,0.007,0.05377378749847412
knn_defense_cifar_1xs_1500_remove_k100,remove,100,61,0.8565,0.0018918682903051377,0.053,0.03834230613708496
knn_defense_cifar_1xs_1500_remove_k100,remove,100,62,0.8477,0.00226429545879364,0.004,0.05317312240600586
knn_defense_cifar_1xs_1500_remove_k100,remove,100,63,0.8761,0.0017646264582872391,0.021,0.04346262454986572
knn_defense_cifar_1xs_1500_remove_k100,remove,100,64,0.8758,0.0016112003341317177,0.004,0.05194585132598877
knn_defense_cifar_1xs_1500_remove_k100,remove,100,65,0.864,0.0018471139430999756,0.02,0.042934428215026854
knn_defense_cifar_1xs_1500_remove_k100,remove,100,66,0.8527,0.0019781639993190765,0.048,0.04598680686950683
knn_defense_cifar_1xs_1500_remove_k100,remove,100,67,0.8613,0.001805950389802456,0.009,0.053747395515441894
knn_defense_cifar_1xs_1500_remove_k100,remove,100,68,0.8682,0.0017661450505256652,0.048,0.03573633766174317
knn_defense_cifar_1xs_1500_remove_k100,remove,100,69,0.8728,0.00174789882004261,0.01,0.04966429996490478
knn_defense_cifar_1xs_1500_remove_k100,remove,100,70,0.8714,0.0016540925294160843,0.043,0.04039697074890137
knn_defense_cifar_1xs_1500_remove_k100,remove,100,71,0.8657,0.001815765517950058,0.021,0.04518980693817139
knn_defense_cifar_1xs_1500_remove_k100,remove,100,72,0.8569,0.001958456290140748,0.011,0.04948477554321289
knn_defense_cifar_1xs_1500_remove_k100,remove,100,73,0.8602,0.0019242929488420487,0.005,0.06061755657196045
knn_defense_cifar_1xs_1500_remove_k100,remove,100,74,0.8526,0.002027523621916771,0.046,0.0392105131149292
knn_defense_cifar_1xs_1500_remove_k100,remove,100,75,0.8618,0.0018899407356977463,0.015,0.0471394157409668
knn_defense_cifar_1xs_1500_remove_k100,remove,100,76,0.9133,0.0011274349495768547,0.027,0.04598873996734619
knn_defense_cifar_1xs_1500_remove_k100,remove,100,77,0.9143,0.0011293698072433471,0.032,0.04405277442932129
knn_defense_cifar_1xs_1500_remove_k100,remove,100,78,0.9136,0.0011352669686079024,0.019,0.048772392272949217
knn_defense_cifar_1xs_1500_remove_k100,remove,100,79,0.9161,0.0011492312133312226,0.029,0.04793345642089844
knn_defense_cifar_1xs_1500_remove_k100,remove,100,80,0.9175,0.0011539058730006219,0.016,0.04990600299835205
knn_defense_cifar_1xs_1500_remove_k100,remove,100,81,0.9171,0.0011859393879771233,0.033,0.045580727577209476
knn_defense_cifar_1xs_1500_remove_k100,remove,100,82,0.9171,0.0012050951033830643,0.036,0.04662106895446777
knn_defense_cifar_1xs_1500_remove_k100,remove,100,83,0.9175,0.0011907725855708122,0.024,0.05083009910583496
knn_defense_cifar_1xs_1500_remove_k100,remove,100,84,0.9169,0.0012161722257733344,0.021,0.0516391544342041
knn_defense_cifar_1xs_1500_remove_k100,remove,100,85,0.9159,0.0012430290669202804,0.02,0.05159010219573974
knn_defense_cifar_1xs_1500_remove_k100,remove,100,86,0.9173,0.0012390483111143112,0.022,0.0520762939453125
knn_defense_cifar_1xs_1500_remove_k100,remove,100,87,0.9184,0.0012244321882724763,0.025,0.05053723430633545
knn_defense_cifar_1xs_1500_remove_k100,remove,100,88,0.9181,0.0012702323764562607,0.036,0.04928128433227539
knn_defense_cifar_1xs_1500_remove_k100,remove,100,89,0.9185,0.0012379682466387748,0.011,0.05831934070587158
knn_defense_cifar_1xs_1500_remove_k100,remove,100,90,0.9185,0.001240584184229374,0.03,0.05203160667419433
knn_defense_cifar_1xs_1500_remove_k100,remove,100,91,0.9194,0.0012693583354353906,0.024,0.052458560943603516
knn_defense_cifar_1xs_1500_remove_k100,remove,100,92,0.92,0.0012399427250027657,0.022,0.0552804594039917
knn_defense_cifar_1xs_1500_remove_k100,remove,100,93,0.9176,0.0012882969960570335,0.032,0.051232456207275394
knn_defense_cifar_1xs_1500_remove_k100,remove,100,94,0.9198,0.0012752561949193478,0.03,0.051025659561157226
knn_defense_cifar_1xs_1500_remove_k100,remove,100,95,0.9184,0.0013147311806678771,0.02,0.053704198837280274
knn_defense_cifar_1xs_1500_remove_k100,remove,100,96,0.9178,0.001309777669608593,0.018,0.054817840576171874
knn_defense_cifar_1xs_1500_remove_k100,remove,100,97,0.9191,0.0013283324703574182,0.025,0.05179486083984375
knn_defense_cifar_1xs_1500_remove_k100,remove,100,98,0.9166,0.0013214491218328476,0.037,0.05128779697418213
knn_defense_cifar_1xs_1500_remove_k100,remove,100,99,0.9192,0.0013277831122279168,0.023,0.05350196838378906
knn_defense_cifar_1xs_1500_remove_k100,remove,100,100,0.9195,0.0013080496646463871,0.026,0.05265677928924561
knn_defense_cifar_1xs_1500_remove_k100,remove,100,101,0.9184,0.001345883360505104,0.023,0.052629048347473145
knn_defense_cifar_1xs_1500_remove_k100,remove,100,102,0.9198,0.0013717762157320977,0.016,0.056249595642089846
knn_defense_cifar_1xs_1500_remove_k100,remove,100,103,0.9187,0.0013569090306758882,0.03,0.05355560111999512
knn_defense_cifar_1xs_1500_remove_k100,remove,100,104,0.9186,0.001336254943162203,0.021,0.056849692344665526
knn_defense_cifar_1xs_1500_remove_k100,remove,100,105,0.9174,0.0013621308974921702,0.02,0.0556426944732666
knn_defense_cifar_1xs_1500_remove_k100,remove,100,106,0.9195,0.0013908971443772316,0.026,0.05260594081878662
knn_defense_cifar_1xs_1500_remove_k100,remove,100,107,0.9194,0.0013870941430330277,0.018,0.05567413425445557
knn_defense_cifar_1xs_1500_remove_k100,remove,100,108,0.9191,0.0013628598503768444,0.027,0.05179766082763672
knn_defense_cifar_1xs_1500_remove_k100,remove,100,109,0.9166,0.0013959491983056068,0.019,0.0576558895111084
knn_defense_cifar_1xs_1500_remove_k100,remove,100,110,0.9177,0.001434785869717598,0.019,0.056822229385375976
knn_defense_cifar_1xs_1500_remove_k100,remove,100,111,0.9189,0.0014139002330601216,0.027,0.05790943241119385
knn_defense_cifar_1xs_1500_remove_k100,remove,100,112,0.9171,0.001421497270464897,0.034,0.051466377258300784
knn_defense_cifar_1xs_1500_remove_k100,remove,100,113,0.9184,0.001449606303870678,0.025,0.05535537052154541
knn_defense_cifar_1xs_1500_remove_k100,remove,100,114,0.9166,0.0014969942882657051,0.036,0.05276559925079346
knn_defense_cifar_1xs_1500_remove_k100,remove,100,115,0.9184,0.0014973898828029633,0.024,0.053765369415283204
knn_defense_cifar_1xs_1500_remove_k100,remove,100,116,0.9186,0.001490442842245102,0.039,0.050893280029296876
knn_defense_cifar_1xs_1500_remove_k100,remove,100,117,0.9175,0.001485652558505535,0.018,0.054688792228698734
knn_defense_cifar_1xs_1500_remove_k100,remove,100,118,0.9168,0.001466619509458542,0.019,0.05647701930999756
knn_defense_cifar_1xs_1500_remove_k100,remove,100,119,0.9214,0.0014184811865910888,0.017,0.05637403869628906
knn_defense_cifar_1xs_1500_remove_k100,remove,100,120,0.9192,0.00147248315513134,0.028,0.05360220241546631
knn_defense_cifar_1xs_1500_remove_k100,remove,100,121,0.9165,0.0014666123623028398,0.019,0.05566600227355957
knn_defense_cifar_1xs_1500_remove_k100,remove,100,122,0.9173,0.0014561135709285737,0.032,0.05392405605316162
knn_defense_cifar_1xs_1500_remove_k100,remove,100,123,0.9189,0.001469905960559845,0.029,0.05189940738677978
knn_defense_cifar_1xs_1500_remove_k100,remove,100,124,0.9179,0.0014958460122346878,0.023,0.05865361404418945
knn_defense_cifar_1xs_1500_remove_k100,remove,100,125,0.9178,0.0014717541802674531,0.03,0.05403622817993164
knn_defense_cifar_1xs_1500_remove_k100,remove,100,126,0.92,0.0014173472210764885,0.029,0.05333651924133301
knn_defense_cifar_1xs_1500_remove_k100,remove,100,127,0.9212,0.001409534288942814,0.025,0.056563417434692384
knn_defense_cifar_1xs_1500_remove_k100,remove,100,128,0.9208,0.00140967982634902,0.025,0.05518997764587402
knn_defense_cifar_1xs_1500_remove_k100,remove,100,129,0.9205,0.0014236220516264438,0.028,0.055153851509094236
knn_defense_cifar_1xs_1500_remove_k100,remove,100,130,0.9207,0.0014083311572670937,0.025,0.055636834144592286
knn_defense_cifar_1xs_1500_remove_k100,remove,100,131,0.9217,0.0014156527169048787,0.028,0.05417941284179688
knn_defense_cifar_1xs_1500_remove_k100,remove,100,132,0.9211,0.0014137301042675971,0.026,0.05612125968933106
knn_defense_cifar_1xs_1500_remove_k100,remove,100,133,0.9218,0.0014342506542801858,0.03,0.05359009552001953
knn_defense_cifar_1xs_1500_remove_k100,remove,100,134,0.9214,0.0014264835216104984,0.028,0.05400436210632324
knn_defense_cifar_1xs_1500_remove_k100,remove,100,135,0.9209,0.001423816004395485,0.027,0.05591556549072266
knn_defense_cifar_1xs_1500_remove_k100,remove,100,136,0.9219,0.0014240078799426556,0.027,0.05423814010620117
knn_defense_cifar_1xs_1500_remove_k100,remove,100,137,0.9211,0.0014382155619561672,0.029,0.05460439586639404
knn_defense_cifar_1xs_1500_remove_k100,remove,100,138,0.9195,0.0014331641897559165,0.028,0.05362893295288086
knn_defense_cifar_1xs_1500_remove_k100,remove,100,139,0.9209,0.0014282796189188957,0.028,0.05561596870422363
knn_defense_cifar_1xs_1500_remove_k100,remove,100,140,0.9202,0.0014277658894658088,0.028,0.05582347297668457
knn_defense_cifar_1xs_1500_remove_k100,remove,100,141,0.9213,0.0014321664296090603,0.027,0.05540466785430908
knn_defense_cifar_1xs_1500_remove_k100,remove,100,142,0.9209,0.0014399744786322117,0.026,0.05632719802856445
knn_defense_cifar_1xs_1500_remove_k100,remove,100,143,0.921,0.0014438934303820134,0.024,0.05531815433502197
knn_defense_cifar_1xs_1500_remove_k100,remove,100,144,0.9208,0.0014361867979168891,0.027,0.05413511180877686
knn_defense_cifar_1xs_1500_remove_k100,remove,100,145,0.9205,0.0014424437798559665,0.026,0.05627599143981934
knn_defense_cifar_1xs_1500_remove_k100,remove,100,146,0.9201,0.0014379541628062726,0.027,0.05401816177368164
knn_defense_cifar_1xs_1500_remove_k100,remove,100,147,0.9209,0.0014305882222950459,0.026,0.05502944374084472
knn_defense_cifar_1xs_1500_remove_k100,remove,100,148,0.9216,0.001435759249329567,0.028,0.05552850151062012
knn_defense_cifar_1xs_1500_remove_k100,remove,100,149,0.9214,0.0014294484198093414,0.028,0.05438926982879639
knn_defense_cifar_1xs_1500_remove_k100,remove,100,150,0.9217,0.001439863856881857,0.028,0.054309205055236814
knn_defense_cifar_1xs_1500_remove_k100,remove,100,151,0.9214,0.0014370765440165996,0.029,0.05338381290435791
knn_defense_cifar_1xs_1500_remove_k100,remove,100,152,0.9222,0.0014449403330683709,0.03,0.05322246265411377
knn_defense_cifar_1xs_1500_remove_k100,remove,100,153,0.9211,0.001436487739533186,0.026,0.05450525283813477
knn_defense_cifar_1xs_1500_remove_k100,remove,100,154,0.9215,0.0014338342182338237,0.026,0.054508838653564456
knn_defense_cifar_1xs_1500_remove_k100,remove,100,155,0.9214,0.0014349024511873722,0.026,0.05486006355285645
knn_defense_cifar_1xs_1500_remove_k100,remove,100,156,0.9223,0.001438177714496851,0.026,0.054485954284667966
knn_defense_cifar_1xs_1500_remove_k100,remove,100,157,0.9215,0.0014431337401270867,0.025,0.05543507480621338
knn_defense_cifar_1xs_1500_remove_k100,remove,100,158,0.9214,0.001444858905673027,0.028,0.05395669460296631
knn_defense_cifar_1xs_1500_remove_k100,remove,100,159,0.9212,0.0014258517175912858,0.025,0.05549432563781738
knn_defense_cifar_1xs_1500_remove_k100,remove,100,160,0.9218,0.001442529771476984,0.024,0.05564737129211426
knn_defense_cifar_1xs_1500_remove_k100,remove,100,161,0.9217,0.001444272019714117,0.026,0.05674339962005615
knn_defense_cifar_1xs_1500_remove_k100,remove,100,162,0.9211,0.0014424212612211705,0.024,0.05675541019439697
knn_defense_cifar_1xs_1500_remove_k100,remove,100,163,0.9214,0.0014390649251639844,0.026,0.05669557857513428
knn_defense_cifar_1xs_1500_remove_k100,remove,100,164,0.9216,0.0014385783523321151,0.026,0.05544671154022217
knn_defense_cifar_1xs_1500_remove_k100,remove,100,165,0.9217,0.0014522639229893684,0.027,0.053175275802612304
knn_defense_cifar_1xs_1500_remove_k100,remove,100,166,0.9213,0.0014427967831492424,0.025,0.05643625259399414
knn_defense_cifar_1xs_1500_remove_k100,remove,100,167,0.921,0.001435575221478939,0.025,0.055188611030578615
knn_defense_cifar_1xs_1500_remove_k100,remove,100,168,0.9212,0.0014480804815888404,0.025,0.05499543762207031
knn_defense_cifar_1xs_1500_remove_k100,remove,100,169,0.9209,0.0014441048711538315,0.025,0.056826860427856445
knn_defense_cifar_1xs_1500_remove_k100,remove,100,170,0.9215,0.0014532387867569924,0.026,0.05518630313873291
knn_defense_cifar_1xs_1500_remove_k100,remove,100,171,0.9215,0.0014467295564711093,0.026,0.05449763202667236
knn_defense_cifar_1xs_1500_remove_k100,remove,100,172,0.9224,0.0014413181595504285,0.024,0.05690742015838623
knn_defense_cifar_1xs_1500_remove_k100,remove,100,173,0.9206,0.0014553108364343643,0.028,0.05490971279144287
knn_defense_cifar_1xs_1500_remove_k100,remove,100,174,0.9227,0.0014551888801157475,0.026,0.05546950912475586
knn_defense_cifar_1xs_1500_remove_k100,remove,100,175,0.9203,0.001457178509235382,0.027,0.05369992065429687
knn_defense_cifar_1xs_1500_remove_k100,remove,100,176,0.9206,0.0014507307298481464,0.028,0.05444754695892334
knn_defense_cifar_1xs_1500_remove_k100,remove,100,177,0.9212,0.0014601326026022433,0.026,0.054632180213928225
knn_defense_cifar_1xs_1500_remove_k100,remove,100,178,0.92,0.0014495004035532475,0.026,0.054290084838867186
knn_defense_cifar_1xs_1500_remove_k100,remove,100,179,0.9222,0.0014511477679014207,0.025,0.05466609764099121
knn_defense_cifar_1xs_1500_remove_k100,remove,100,180,0.9212,0.0014422101251780988,0.025,0.05641707038879395
knn_defense_cifar_1xs_1500_remove_k100,remove,100,181,0.9212,0.0014540641568601131,0.027,0.05457137203216553
knn_defense_cifar_1xs_1500_remove_k100,remove,100,182,0.9223,0.001453086893260479,0.031,0.054200313568115235
knn_defense_cifar_1xs_1500_remove_k100,remove,100,183,0.9206,0.001456620665639639,0.031,0.05390844345092773
knn_defense_cifar_1xs_1500_remove_k100,remove,100,184,0.9216,0.0014575538359582424,0.03,0.05301074600219727
knn_defense_cifar_1xs_1500_remove_k100,remove,100,185,0.9221,0.0014620000034570695,0.029,0.051961631774902345
knn_defense_cifar_1xs_1500_remove_k100,remove,100,186,0.922,0.0014550280533730984,0.026,0.055493379592895506
knn_defense_cifar_1xs_1500_remove_k100,remove,100,187,0.9225,0.0014512954264879227,0.024,0.057022906303405764
knn_defense_cifar_1xs_1500_remove_k100,remove,100,188,0.9212,0.0014461344949901105,0.025,0.05489456844329834
knn_defense_cifar_1xs_1500_remove_k100,remove,100,189,0.9222,0.0014589205607771873,0.025,0.05582051372528076
knn_defense_cifar_1xs_1500_remove_k100,remove,100,190,0.9221,0.0014583285212516784,0.024,0.055640064239501956
knn_defense_cifar_1xs_1500_remove_k100,remove,100,191,0.922,0.0014497214056551457,0.024,0.05609602451324463
knn_defense_cifar_1xs_1500_remove_k100,remove,100,192,0.9212,0.001451247888058424,0.024,0.05586784267425537
knn_defense_cifar_1xs_1500_remove_k100,remove,100,193,0.9213,0.0014609914027154446,0.026,0.0550800142288208
knn_defense_cifar_1xs_1500_remove_k100,remove,100,194,0.9221,0.0014481290146708488,0.026,0.05374074363708496
knn_defense_cifar_1xs_1500_remove_k100,remove,100,195,0.9208,0.0014585958160459995,0.027,0.05466218376159668
knn_defense_cifar_1xs_1500_remove_k100,remove,100,196,0.9215,0.0014446792602539062,0.026,0.054353754997253416
knn_defense_cifar_1xs_1500_remove_k100,remove,100,197,0.9219,0.001457901467382908,0.025,0.05394560432434082
knn_defense_cifar_1xs_1500_remove_k100,remove,100,198,0.9214,0.0014503850407898426,0.027,0.05390957450866699
knn_defense_cifar_1xs_1500_remove_k100,remove,100,199,0.9212,0.0014637148007750512,0.026,0.054562938690185546
knn_defense_cifar_1xs_1500_remove_k100,remove,100,200,0.921,0.001458864801377058,0.027,0.05436527824401855
knn_defense_cifar_1xs_1500_remove_k200,remove,200,1,0.4131,0.007900655007362365,0.008,0.014085258483886719
knn_defense_cifar_1xs_1500_remove_k200,remove,200,2,0.5857,0.0051021488070487975,0.0,0.050269947052001954
knn_defense_cifar_1xs_1500_remove_k200,remove,200,3,0.6279,0.004633009827136993,0.038,0.022737096786499024
knn_defense_cifar_1xs_1500_remove_k200,remove,200,4,0.7262,0.0033734409868717194,0.011,0.03801856803894043
knn_defense_cifar_1xs_1500_remove_k200,remove,200,5,0.7455,0.0031754531264305114,0.019,0.0404248628616333
knn_defense_cifar_1xs_1500_remove_k200,remove,200,6,0.7335,0.0033693985760211943,0.034,0.022431883811950683
knn_defense_cifar_1xs_1500_remove_k200,remove,200,7,0.7581,0.0030813324570655824,0.008,0.04527348232269287
knn_defense_cifar_1xs_1500_remove_k200,remove,200,8,0.7905,0.002503849533200264,0.008,0.03432152271270752
knn_defense_cifar_1xs_1500_remove_k200,remove,200,9,0.8044,0.0023985448062419893,0.002,0.052730882644653324
knn_defense_cifar_1xs_1500_remove_k200,remove,200,10,0.7894,0.002755381590127945,0.054,0.0285137300491333
knn_defense_cifar_1xs_1500_remove_k200,remove,200,11,0.8376,0.0019862193644046783,0.008,0.04770765686035156
knn_defense_cifar_1xs_1500_remove_k200,remove,200,12,0.7911,0.0026346003353595734,0.006,0.04332624340057373
knn_defense_cifar_1xs_1500_remove_k200,remove,200,13,0.7929,0.002828280782699585,0.002,0.06311534500122071
knn_defense_cifar_1xs_1500_remove_k200,remove,200,14,0.8073,0.00243757141828537,0.028,0.03247034740447998
knn_defense_cifar_1xs_1500_remove_k200,remove,200,15,0.8352,0.0020584326177835463,0.008,0.038830974578857425
knn_defense_cifar_1xs_1500_remove_k200,remove,200,16,0.8222,0.0022783157199621202,0.0,0.06166875267028809
knn_defense_cifar_1xs_1500_remove_k200,remove,200,17,0.8125,0.002423504993319511,0.008,0.05884073734283447
knn_defense_cifar_1xs_1500_remove_k200,remove,200,18,0.8259,0.0022121992260217666,0.001,0.06970083999633789
knn_defense_cifar_1xs_1500_remove_k200,remove,200,19,0.8168,0.0023461067348718645,0.001,0.05784499073028564
knn_defense_cifar_1xs_1500_remove_k200,remove,200,20,0.8001,0.0027860322743654253,0.016,0.048914082527160646
knn_defense_cifar_1xs_1500_remove_k200,remove,200,21,0.8358,0.002073434570431709,0.002,0.05370951557159424
knn_defense_cifar_1xs_1500_remove_k200,remove,200,22,0.8128,0.0024719038039445877,0.001,0.04696897983551025
knn_defense_cifar_1xs_1500_remove_k200,remove,200,23,0.8421,0.0020229462951421736,0.011,0.05000757884979248
knn_defense_cifar_1xs_1500_remove_k200,remove,200,24,0.838,0.0020647359043359757,0.027,0.043935073852539065
knn_defense_cifar_1xs_1500_remove_k200,remove,200,25,0.8181,0.0024268207639455796,0.001,0.04336986064910889
knn_defense_cifar_1xs_1500_remove_k200,remove,200,26,0.8469,0.002044665268063545,0.002,0.054960967063903805
knn_defense_cifar_1xs_1500_remove_k200,remove,200,27,0.8067,0.002798016262054443,0.003,0.056877037048339844
knn_defense_cifar_1xs_1500_remove_k200,remove,200,28,0.842,0.0020156476855278014,0.002,0.04604654121398926
knn_defense_cifar_1xs_1500_remove_k200,remove,200,29,0.8684,0.001729908761382103,0.011,0.053756229400634764
knn_defense_cifar_1xs_1500_remove_k200,remove,200,30,0.841,0.002191019320487976,0.003,0.04653929328918457
knn_defense_cifar_1xs_1500_remove_k200,remove,200,31,0.8051,0.0028079058110713957,0.0,0.050516801834106444
knn_defense_cifar_1xs_1500_remove_k200,remove,200,32,0.8096,0.0027348164558410643,0.002,0.044225142478942873
knn_defense_cifar_1xs_1500_remove_k200,remove,200,33,0.8485,0.0019242779791355134,0.007,0.04147002220153809
knn_defense_cifar_1xs_1500_remove_k200,remove,200,34,0.8448,0.0020696477621793747,0.004,0.061996004104614255
knn_defense_cifar_1xs_1500_remove_k200,remove,200,35,0.8245,0.0023052916079759596,0.005,0.05625419521331787
knn_defense_cifar_1xs_1500_remove_k200,remove,200,36,0.8386,0.0021515172362327577,0.039,0.034259586334228515
knn_defense_cifar_1xs_1500_remove_k200,remove,200,37,0.8592,0.001860097363591194,0.006,0.046715899467468264
knn_defense_cifar_1xs_1500_remove_k200,remove,200,38,0.8702,0.0017524249345064163,0.004,0.05267264270782471
knn_defense_cifar_1xs_1500_remove_k200,remove,200,39,0.8501,0.001993730369210243,0.008,0.04447037887573242
knn_defense_cifar_1xs_1500_remove_k200,remove,200,40,0.8492,0.0019221229672431947,0.004,0.045687255859375
knn_defense_cifar_1xs_1500_remove_k200,remove,200,41,0.8471,0.002113232633471489,0.013,0.048265514373779295
knn_defense_cifar_1xs_1500_remove_k200,remove,200,42,0.802,0.0027727417051792145,0.018,0.03884370231628418
knn_defense_cifar_1xs_1500_remove_k200,remove,200,43,0.8241,0.0024247312515974047,0.002,0.05683665943145752
knn_defense_cifar_1xs_1500_remove_k200,remove,200,44,0.8608,0.001918984168767929,0.006,0.04873566150665283
knn_defense_cifar_1xs_1500_remove_k200,remove,200,45,0.8566,0.001983948990702629,0.02,0.03723590850830078
knn_defense_cifar_1xs_1500_remove_k200,remove,200,46,0.8302,0.002447511637210846,0.004,0.04535234928131104
knn_defense_cifar_1xs_1500_remove_k200,remove,200,47,0.8713,0.0017259012937545777,0.002,0.059559213638305665
knn_defense_cifar_1xs_1500_remove_k200,remove,200,48,0.8597,0.0018612597107887268,0.0,0.06612399673461913
knn_defense_cifar_1xs_1500_remove_k200,remove,200,49,0.8428,0.002211942908167839,0.003,0.06394422626495361
knn_defense_cifar_1xs_1500_remove_k200,remove,200,50,0.8515,0.0019956203371286393,0.001,0.053530646324157716
knn_defense_cifar_1xs_1500_remove_k200,remove,200,51,0.8518,0.0020089756041765214,0.021,0.03532693004608154
knn_defense_cifar_1xs_1500_remove_k200,remove,200,52,0.845,0.0021704492419958115,0.004,0.043257481575012205
knn_defense_cifar_1xs_1500_remove_k200,remove,200,53,0.8528,0.0020138713210821153,0.003,0.06157193374633789
knn_defense_cifar_1xs_1500_remove_k200,remove,200,54,0.8602,0.0018784990519285201,0.007,0.05654902648925781
knn_defense_cifar_1xs_1500_remove_k200,remove,200,55,0.8308,0.002320927157998085,0.005,0.052721795082092286
knn_defense_cifar_1xs_1500_remove_k200,remove,200,56,0.8633,0.0019035887241363526,0.007,0.051144210815429685
knn_defense_cifar_1xs_1500_remove_k200,remove,200,57,0.8522,0.002058514153957367,0.011,0.053064432144165036
knn_defense_cifar_1xs_1500_remove_k200,remove,200,58,0.878,0.0016701145231723786,0.001,0.06272810745239257
knn_defense_cifar_1xs_1500_remove_k200,remove,200,59,0.8747,0.0017291054472327232,0.012,0.06181780433654785
knn_defense_cifar_1xs_1500_remove_k200,remove,200,60,0.8449,0.002056247217208147,0.048,0.035722105979919434
knn_defense_cifar_1xs_1500_remove_k200,remove,200,61,0.864,0.00195949404835701,0.008,0.06085727596282959
knn_defense_cifar_1xs_1500_remove_k200,remove,200,62,0.8585,0.0019456411510705947,0.017,0.04491773414611817
knn_defense_cifar_1xs_1500_remove_k200,remove,200,63,0.8757,0.0017189269602298737,0.001,0.06780068778991699
knn_defense_cifar_1xs_1500_remove_k200,remove,200,64,0.8763,0.0017137947529554368,0.006,0.06024390029907226
knn_defense_cifar_1xs_1500_remove_k200,remove,200,65,0.8364,0.002461184358596802,0.005,0.06026590538024902
knn_defense_cifar_1xs_1500_remove_k200,remove,200,66,0.8606,0.0018860113203525543,0.013,0.049232203483581545
knn_defense_cifar_1xs_1500_remove_k200,remove,200,67,0.8797,0.0015629078909754754,0.012,0.05383072090148926
knn_defense_cifar_1xs_1500_remove_k200,remove,200,68,0.8731,0.0017310578346252442,0.016,0.04592264938354492
knn_defense_cifar_1xs_1500_remove_k200,remove,200,69,0.8629,0.0018633034944534302,0.018,0.05241343021392822
knn_defense_cifar_1xs_1500_remove_k200,remove,200,70,0.8348,0.002516882997751236,0.009,0.05914718818664551
knn_defense_cifar_1xs_1500_remove_k200,remove,200,71,0.8435,0.0022765142261981963,0.001,0.05251486873626709
knn_defense_cifar_1xs_1500_remove_k200,remove,200,72,0.824,0.002507656282186508,0.025,0.04699570083618164
knn_defense_cifar_1xs_1500_remove_k200,remove,200,73,0.8732,0.001715400606393814,0.006,0.054399338722229004
knn_defense_cifar_1xs_1500_remove_k200,remove,200,74,0.8581,0.001993994918465614,0.03,0.04075921726226807
knn_defense_cifar_1xs_1500_remove_k200,remove,200,75,0.8501,0.002101874577999115,0.004,0.05894830989837647
knn_defense_cifar_1xs_1500_remove_k200,remove,200,76,0.9152,0.0011612130641937256,0.005,0.056640159606933596
knn_defense_cifar_1xs_1500_remove_k200,remove,200,77,0.9167,0.0011906080827116966,0.003,0.058126482963562015
knn_defense_cifar_1xs_1500_remove_k200,remove,200,78,0.9168,0.0011810123577713967,0.01,0.0570933427810669
knn_defense_cifar_1xs_1500_remove_k200,remove,200,79,0.9189,0.0011764385744929314,0.003,0.062300207138061524
knn_defense_cifar_1xs_1500_remove_k200,remove,200,80,0.9196,0.0012105677887797356,0.004,0.06096560859680176
knn_defense_cifar_1xs_1500_remove_k200,remove,200,81,0.9197,0.001220059061050415,0.005,0.06195222282409668
knn_defense_cifar_1xs_1500_remove_k200,remove,200,82,0.9197,0.0012428397953510285,0.004,0.06456017112731934
knn_defense_cifar_1xs_1500_remove_k200,remove,200,83,0.921,0.0012139750093221665,0.004,0.06165765476226807
knn_defense_cifar_1xs_1500_remove_k200,remove,200,84,0.9205,0.0012323949813842774,0.006,0.058731517791748046
knn_defense_cifar_1xs_1500_remove_k200,remove,200,85,0.9207,0.001255512224137783,0.002,0.06394438457489014
knn_defense_cifar_1xs_1500_remove_k200,remove,200,86,0.9192,0.0012641182020306588,0.009,0.05895113182067871
knn_defense_cifar_1xs_1500_remove_k200,remove,200,87,0.9195,0.0012675687745213509,0.008,0.06382596302032471
knn_defense_cifar_1xs_1500_remove_k200,remove,200,88,0.9205,0.0012901216983795165,0.009,0.06308610534667969
knn_defense_cifar_1xs_1500_remove_k200,remove,200,89,0.9195,0.0012841797605156898,0.005,0.06541047477722169
knn_defense_cifar_1xs_1500_remove_k200,remove,200,90,0.92,0.001282747472822666,0.006,0.06226257705688477
knn_defense_cifar_1xs_1500_remove_k200,remove,200,91,0.9187,0.0013269879132509232,0.01,0.06130700206756592
knn_defense_cifar_1xs_1500_remove_k200,remove,200,92,0.9213,0.001317649780213833,0.005,0.06613109588623046
knn_defense_cifar_1xs_1500_remove_k200,remove,200,93,0.9207,0.0013092002108693122,0.008,0.06463096904754638
knn_defense_cifar_1xs_1500_remove_k200,remove,200,94,0.9212,0.0013165145188570023,0.01,0.06260442924499511
knn_defense_cifar_1xs_1500_remove_k200,remove,200,95,0.9218,0.0013471514344215393,0.005,0.06652140617370605
knn_defense_cifar_1xs_1500_remove_k200,remove,200,96,0.9175,0.0013424601465463638,0.008,0.06367169380187988
knn_defense_cifar_1xs_1500_remove_k200,remove,200,97,0.9199,0.0013547310143709184,0.004,0.06704438209533692
knn_defense_cifar_1xs_1500_remove_k200,remove,200,98,0.9193,0.0013792130962014199,0.008,0.06713631439208985
knn_defense_cifar_1xs_1500_remove_k200,remove,200,99,0.9206,0.001362589418888092,0.009,0.06511153221130371
knn_defense_cifar_1xs_1500_remove_k200,remove,200,100,0.9206,0.0013942719355225562,0.006,0.06648895263671875
knn_defense_cifar_1xs_1500_remove_k200,remove,200,101,0.9217,0.0013860107123851776,0.006,0.06193367099761963
knn_defense_cifar_1xs_1500_remove_k200,remove,200,102,0.9212,0.0013911713361740112,0.006,0.0662475528717041
knn_defense_cifar_1xs_1500_remove_k200,remove,200,103,0.9215,0.001409540006518364,0.007,0.06599769973754883
knn_defense_cifar_1xs_1500_remove_k200,remove,200,104,0.9196,0.0014223232731223107,0.006,0.06618605041503907
knn_defense_cifar_1xs_1500_remove_k200,remove,200,105,0.9192,0.001421883063018322,0.006,0.06740188026428223
knn_defense_cifar_1xs_1500_remove_k200,remove,200,106,0.92,0.0014358175858855248,0.006,0.06659948539733887
knn_defense_cifar_1xs_1500_remove_k200,remove,200,107,0.9185,0.0014701427921652794,0.01,0.0623534688949585
knn_defense_cifar_1xs_1500_remove_k200,remove,200,108,0.9195,0.0014307377099990845,0.011,0.06420522117614746
knn_defense_cifar_1xs_1500_remove_k200,remove,200,109,0.9186,0.0014474476143717767,0.007,0.06693935966491699
knn_defense_cifar_1xs_1500_remove_k200,remove,200,110,0.9191,0.0014591069325804711,0.005,0.06757792282104493
knn_defense_cifar_1xs_1500_remove_k200,remove,200,111,0.9185,0.0014853961884975433,0.01,0.06177497005462646
knn_defense_cifar_1xs_1500_remove_k200,remove,200,112,0.918,0.001459475103020668,0.007,0.0647384376525879
knn_defense_cifar_1xs_1500_remove_k200,remove,200,113,0.9197,0.0014170797780156136,0.009,0.062308265686035154
knn_defense_cifar_1xs_1500_remove_k200,remove,200,114,0.9193,0.0014252350747585296,0.005,0.06869011688232422
knn_defense_cifar_1xs_1500_remove_k200,remove,200,115,0.9204,0.0014600329518318176,0.006,0.06852945709228515
knn_defense_cifar_1xs_1500_remove_k200,remove,200,116,0.9195,0.001484026876091957,0.007,0.06364172554016113
knn_defense_cifar_1xs_1500_remove_k200,remove,200,117,0.9197,0.0014404603347182275,0.006,0.0674371280670166
knn_defense_cifar_1xs_1500_remove_k200,remove,200,118,0.9207,0.0014611021429300308,0.005,0.06723572731018067
knn_defense_cifar_1xs_1500_remove_k200,remove,200,119,0.9197,0.0014760557949542999,0.005,0.06683454322814941
knn_defense_cifar_1xs_1500_remove_k200,remove,200,120,0.919,0.0014908186867833137,0.012,0.06288437175750733
knn_defense_cifar_1xs_1500_remove_k200,remove,200,121,0.9208,0.0015231684982776642,0.006,0.0688994483947754
knn_defense_cifar_1xs_1500_remove_k200,remove,200,122,0.9168,0.0015419458642601967,0.006,0.06759446716308594
knn_defense_cifar_1xs_1500_remove_k200,remove,200,123,0.9204,0.0015000449433922767,0.011,0.06511334800720214
knn_defense_cifar_1xs_1500_remove_k200,remove,200,124,0.9186,0.0015137667402625083,0.008,0.0684404067993164
knn_defense_cifar_1xs_1500_remove_k200,remove,200,125,0.9182,0.0015183465212583543,0.01,0.06305351829528809
knn_defense_cifar_1xs_1500_remove_k200,remove,200,126,0.9219,0.0014902509406208991,0.011,0.06361752414703369
knn_defense_cifar_1xs_1500_remove_k200,remove,200,127,0.9213,0.001481065946817398,0.011,0.06322190475463867
knn_defense_cifar_1xs_1500_remove_k200,remove,200,128,0.9209,0.0014855740815401077,0.01,0.0641929588317871
knn_defense_cifar_1xs_1500_remove_k200,remove,200,129,0.9209,0.001489963537454605,0.009,0.06473886108398437
knn_defense_cifar_1xs_1500_remove_k200,remove,200,130,0.9218,0.001474212935566902,0.008,0.06427215957641602
knn_defense_cifar_1xs_1500_remove_k200,remove,200,131,0.9214,0.0014940755009651184,0.011,0.06304348564147949
knn_defense_cifar_1xs_1500_remove_k200,remove,200,132,0.9202,0.0014823330730199813,0.01,0.06425945663452148
knn_defense_cifar_1xs_1500_remove_k200,remove,200,133,0.9206,0.001499551746249199,0.008,0.06538312339782715
knn_defense_cifar_1xs_1500_remove_k200,remove,200,134,0.9209,0.0014782466381788254,0.01,0.06468163681030273
knn_defense_cifar_1xs_1500_remove_k200,remove,200,135,0.9223,0.001467495073378086,0.007,0.06711081695556641
knn_defense_cifar_1xs_1500_remove_k200,remove,200,136,0.922,0.0014731545343995094,0.009,0.06540491485595704
knn_defense_cifar_1xs_1500_remove_k200,remove,200,137,0.9223,0.0014774536460638046,0.009,0.0666689281463623
knn_defense_cifar_1xs_1500_remove_k200,remove,200,138,0.9218,0.001477678370475769,0.009,0.06560151672363282
knn_defense_cifar_1xs_1500_remove_k200,remove,200,139,0.9209,0.0014866614997386932,0.009,0.06605498313903808
knn_defense_cifar_1xs_1500_remove_k200,remove,200,140,0.9217,0.0014742538809776307,0.009,0.06434677314758301
knn_defense_cifar_1xs_1500_remove_k200,remove,200,141,0.9212,0.0014758349910378456,0.007,0.06753487205505371
knn_defense_cifar_1xs_1500_remove_k200,remove,200,142,0.9227,0.001470347613096237,0.007,0.06765044975280762
knn_defense_cifar_1xs_1500_remove_k200,remove,200,143,0.9233,0.001461265617609024,0.007,0.06593103790283203
knn_defense_cifar_1xs_1500_remove_k200,remove,200,144,0.9224,0.0014672637864947319,0.007,0.066488618850708
knn_defense_cifar_1xs_1500_remove_k200,remove,200,145,0.9224,0.0014802397876977921,0.01,0.06334663677215577
knn_defense_cifar_1xs_1500_remove_k200,remove,200,146,0.9218,0.001485686682164669,0.01,0.06437525749206544
knn_defense_cifar_1xs_1500_remove_k200,remove,200,147,0.9235,0.0014761866271495818,0.009,0.06485231018066406
knn_defense_cifar_1xs_1500_remove_k200,remove,200,148,0.9214,0.001476755353808403,0.009,0.06565438270568848
knn_defense_cifar_1xs_1500_remove_k200,remove,200,149,0.9221,0.0014644153386354447,0.009,0.06540819931030273
knn_defense_cifar_1xs_1500_remove_k200,remove,200,150,0.9223,0.0014705688342452048,0.007,0.06822212982177735
knn_defense_cifar_1xs_1500_remove_k200,remove,200,151,0.9224,0.0014623039826750755,0.007,0.06715325736999511
knn_defense_cifar_1xs_1500_remove_k200,remove,200,152,0.9231,0.0014784597098827363,0.009,0.06375502490997315
knn_defense_cifar_1xs_1500_remove_k200,remove,200,153,0.9211,0.0015101033821702003,0.009,0.06391249465942382
knn_defense_cifar_1xs_1500_remove_k200,remove,200,154,0.9227,0.0014807923033833504,0.008,0.06528709983825684
knn_defense_cifar_1xs_1500_remove_k200,remove,200,155,0.9228,0.0014792400717735291,0.007,0.06488216400146485
knn_defense_cifar_1xs_1500_remove_k200,remove,200,156,0.9226,0.0014793806239962579,0.007,0.06567848587036133
knn_defense_cifar_1xs_1500_remove_k200,remove,200,157,0.9221,0.0014979930773377419,0.007,0.06627659225463867
knn_defense_cifar_1xs_1500_remove_k200,remove,200,158,0.9234,0.001465380798280239,0.007,0.06574206352233887
knn_defense_cifar_1xs_1500_remove_k200,remove,200,159,0.9211,0.001483822338283062,0.008,0.06427598571777343
knn_defense_cifar_1xs_1500_remove_k200,remove,200,160,0.923,0.0014701851353049278,0.007,0.06581322860717774
knn_defense_cifar_1xs_1500_remove_k200,remove,200,161,0.9218,0.0014789775386452675,0.009,0.06455475616455078
knn_defense_cifar_1xs_1500_remove_k200,remove,200,162,0.921,0.0014835431858897209,0.008,0.06542838287353515
knn_defense_cifar_1xs_1500_remove_k200,remove,200,163,0.922,0.0014725712195038795,0.007,0.06654859161376953
knn_defense_cifar_1xs_1500_remove_k200,remove,200,164,0.922,0.001492704701423645,0.007,0.06676325798034669
knn_defense_cifar_1xs_1500_remove_k200,remove,200,165,0.9215,0.0014762032166123391,0.006,0.06696018791198731
knn_defense_cifar_1xs_1500_remove_k200,remove,200,166,0.9215,0.001486593024432659,0.007,0.06574165153503418
knn_defense_cifar_1xs_1500_remove_k200,remove,200,167,0.9216,0.0015034177795052528,0.007,0.06532735443115234
knn_defense_cifar_1xs_1500_remove_k200,remove,200,168,0.9213,0.0014840224459767343,0.008,0.06394522190093994
knn_defense_cifar_1xs_1500_remove_k200,remove,200,169,0.9217,0.0014898304983973502,0.007,0.06594117546081543
knn_defense_cifar_1xs_1500_remove_k200,remove,200,170,0.9224,0.001489523759484291,0.007,0.06647853469848633
knn_defense_cifar_1xs_1500_remove_k200,remove,200,171,0.9228,0.0014935676872730255,0.008,0.06598119354248047
knn_defense_cifar_1xs_1500_remove_k200,remove,200,172,0.9207,0.0014931196704506874,0.008,0.06512092590332032
knn_defense_cifar_1xs_1500_remove_k200,remove,200,173,0.9208,0.0014829623311758042,0.008,0.06541115188598633
knn_defense_cifar_1xs_1500_remove_k200,remove,200,174,0.9211,0.0014853821828961372,0.008,0.06612064552307129
knn_defense_cifar_1xs_1500_remove_k200,remove,200,175,0.9217,0.001476426412165165,0.008,0.06599307250976562
knn_defense_cifar_1xs_1500_remove_k200,remove,200,176,0.9226,0.0014894777655601501,0.008,0.06695572471618652
knn_defense_cifar_1xs_1500_remove_k200,remove,200,177,0.9228,0.0014874842435121537,0.008,0.06585275268554687
knn_defense_cifar_1xs_1500_remove_k200,remove,200,178,0.9214,0.0014889964982867242,0.009,0.06384957790374755
knn_defense_cifar_1xs_1500_remove_k200,remove,200,179,0.9211,0.0014771502807736396,0.008,0.06507094955444336
knn_defense_cifar_1xs_1500_remove_k200,remove,200,180,0.9216,0.0014965997263789177,0.008,0.06591781425476075
knn_defense_cifar_1xs_1500_remove_k200,remove,200,181,0.9225,0.0014918034300208092,0.008,0.06419845771789551
knn_defense_cifar_1xs_1500_remove_k200,remove,200,182,0.9213,0.001484227629005909,0.007,0.06768309211730957
knn_defense_cifar_1xs_1500_remove_k200,remove,200,183,0.9224,0.0014859687224030495,0.008,0.06431438064575196
knn_defense_cifar_1xs_1500_remove_k200,remove,200,184,0.9212,0.001501010750234127,0.009,0.0643375129699707
knn_defense_cifar_1xs_1500_remove_k200,remove,200,185,0.9223,0.0015001989737153053,0.009,0.06356970500946045
knn_defense_cifar_1xs_1500_remove_k200,remove,200,186,0.9229,0.0014882861420512199,0.008,0.06600308418273926
knn_defense_cifar_1xs_1500_remove_k200,remove,200,187,0.9226,0.001498610132932663,0.008,0.06445126724243164
knn_defense_cifar_1xs_1500_remove_k200,remove,200,188,0.9216,0.001495060947537422,0.008,0.06475517463684081
knn_defense_cifar_1xs_1500_remove_k200,remove,200,189,0.9221,0.0014893622428178788,0.009,0.06360030174255371
knn_defense_cifar_1xs_1500_remove_k200,remove,200,190,0.9223,0.001495269587635994,0.008,0.06541822242736817
knn_defense_cifar_1xs_1500_remove_k200,remove,200,191,0.9216,0.0014895492017269136,0.009,0.06315281677246094
knn_defense_cifar_1xs_1500_remove_k200,remove,200,192,0.9217,0.0014955410629510879,0.008,0.06382548904418946
knn_defense_cifar_1xs_1500_remove_k200,remove,200,193,0.922,0.001492134340107441,0.007,0.06707143020629883
knn_defense_cifar_1xs_1500_remove_k200,remove,200,194,0.9237,0.001483107927441597,0.008,0.06526730155944824
knn_defense_cifar_1xs_1500_remove_k200,remove,200,195,0.9226,0.0015075115829706193,0.008,0.06552925109863281
knn_defense_cifar_1xs_1500_remove_k200,remove,200,196,0.9207,0.0015044185385107993,0.007,0.06606748962402344
knn_defense_cifar_1xs_1500_remove_k200,remove,200,197,0.9229,0.0014955252155661584,0.007,0.0657115077972412
knn_defense_cifar_1xs_1500_remove_k200,remove,200,198,0.9218,0.00151278116106987,0.007,0.06584324264526367
knn_defense_cifar_1xs_1500_remove_k200,remove,200,199,0.9226,0.0014867365553975105,0.008,0.06404526329040527
knn_defense_cifar_1xs_1500_remove_k200,remove,200,200,0.9227,0.0014894362136721611,0.007,0.06594091987609864
knn_defense_cifar_1xs_1500_remove_k500,remove,500,1,0.5847,0.005104786205291748,0.016,0.03811132049560547
knn_defense_cifar_1xs_1500_remove_k500,remove,500,2,0.6336,0.004673323547840119,0.016,0.031837087154388426
knn_defense_cifar_1xs_1500_remove_k500,remove,500,3,0.6485,0.004480633920431137,0.013,0.03017094659805298
knn_defense_cifar_1xs_1500_remove_k500,remove,500,4,0.7499,0.0030577890813350676,0.008,0.04437750816345215
knn_defense_cifar_1xs_1500_remove_k500,remove,500,5,0.678,0.0040413293480873105,0.014,0.03480373764038086
knn_defense_cifar_1xs_1500_remove_k500,remove,500,6,0.7844,0.0026613251268863677,0.025,0.04087502384185791
knn_defense_cifar_1xs_1500_remove_k500,remove,500,7,0.7784,0.0027960614562034607,0.003,0.05470767211914063
knn_defense_cifar_1xs_1500_remove_k500,remove,500,8,0.7846,0.0026074828147888184,0.007,0.03872456264495849
knn_defense_cifar_1xs_1500_remove_k500,remove,500,9,0.7706,0.002921814686059952,0.003,0.06049114036560058
knn_defense_cifar_1xs_1500_remove_k500,remove,500,10,0.8293,0.002107916635274887,0.005,0.054260074615478514
knn_defense_cifar_1xs_1500_remove_k500,remove,500,11,0.8102,0.00242021606862545,0.006,0.051466416358947754
knn_defense_cifar_1xs_1500_remove_k500,remove,500,12,0.839,0.0020218000322580337,0.01,0.041951921463012694
knn_defense_cifar_1xs_1500_remove_k500,remove,500,13,0.8392,0.001997840678691864,0.012,0.04763394737243652
knn_defense_cifar_1xs_1500_remove_k500,remove,500,14,0.8348,0.002185526794195175,0.006,0.0635397424697876
knn_defense_cifar_1xs_1500_remove_k500,remove,500,15,0.8215,0.002366207879781723,0.003,0.06075295829772949
knn_defense_cifar_1xs_1500_remove_k500,remove,500,16,0.8365,0.002137040647864342,0.005,0.052950251579284666
knn_defense_cifar_1xs_1500_remove_k500,remove,500,17,0.8163,0.0023762072563171385,0.004,0.05507690906524658
knn_defense_cifar_1xs_1500_remove_k500,remove,500,18,0.8418,0.0020770672470331194,0.001,0.07121416854858398
knn_defense_cifar_1xs_1500_remove_k500,remove,500,19,0.8244,0.002354458412528038,0.007,0.06228743457794189
knn_defense_cifar_1xs_1500_remove_k500,remove,500,20,0.8359,0.0021485854595899583,0.0,0.07174564361572265
knn_defense_cifar_1xs_1500_remove_k500,remove,500,21,0.7849,0.00304072630405426,0.051,0.04399909496307373
knn_defense_cifar_1xs_1500_remove_k500,remove,500,22,0.8337,0.0022914872884750364,0.003,0.05856704044342041
knn_defense_cifar_1xs_1500_remove_k500,remove,500,23,0.8199,0.0024956898480653763,0.011,0.0527188138961792
knn_defense_cifar_1xs_1500_remove_k500,remove,500,24,0.8114,0.0026708902955055237,0.028,0.04121809005737305
knn_defense_cifar_1xs_1500_remove_k500,remove,500,25,0.8446,0.002059092167019844,0.002,0.07707195663452149
knn_defense_cifar_1xs_1500_remove_k500,remove,500,26,0.854,0.0018603866308927535,0.006,0.07396465873718262
knn_defense_cifar_1xs_1500_remove_k500,remove,500,27,0.8509,0.0020651072233915328,0.002,0.06384352588653565
knn_defense_cifar_1xs_1500_remove_k500,remove,500,28,0.8471,0.0020748406171798707,0.002,0.06352106285095215
knn_defense_cifar_1xs_1500_remove_k500,remove,500,29,0.8435,0.002194536203145981,0.014,0.0510629997253418
knn_defense_cifar_1xs_1500_remove_k500,remove,500,30,0.8342,0.0023258033871650695,0.004,0.06594501113891602
knn_defense_cifar_1xs_1500_remove_k500,remove,500,31,0.8541,0.0018820942550897598,0.001,0.06325921535491943
knn_defense_cifar_1xs_1500_remove_k500,remove,500,32,0.8394,0.0021390900611877443,0.002,0.08817000007629394
knn_defense_cifar_1xs_1500_remove_k500,remove,500,33,0.8453,0.0021326392352581025,0.0,0.07503551864624024
knn_defense_cifar_1xs_1500_remove_k500,remove,500,34,0.838,0.0022673287630081175,0.009,0.05076364517211914
knn_defense_cifar_1xs_1500_remove_k500,remove,500,35,0.858,0.0020312124937772753,0.001,0.06979300308227539
knn_defense_cifar_1xs_1500_remove_k500,remove,500,36,0.8405,0.0021888856202363968,0.002,0.05735849952697754
knn_defense_cifar_1xs_1500_remove_k500,remove,500,37,0.8391,0.0023384163320064543,0.001,0.07813492584228515
knn_defense_cifar_1xs_1500_remove_k500,remove,500,38,0.8358,0.0023078735411167146,0.01,0.06363395881652832
knn_defense_cifar_1xs_1500_remove_k500,remove,500,39,0.8684,0.0017710471659898757,0.003,0.07090108680725098
knn_defense_cifar_1xs_1500_remove_k500,remove,500,40,0.8427,0.002281947672367096,0.005,0.05628645610809326
knn_defense_cifar_1xs_1500_remove_k500,remove,500,41,0.856,0.0019068346083164216,0.003,0.06161784744262695
knn_defense_cifar_1xs_1500_remove_k500,remove,500,42,0.8511,0.0020459148526191713,0.002,0.08241456794738769
knn_defense_cifar_1xs_1500_remove_k500,remove,500,43,0.8481,0.0021947401374578478,0.0,0.09446998405456543
knn_defense_cifar_1xs_1500_remove_k500,remove,500,44,0.8587,0.001969380921125412,0.003,0.07408448219299317
knn_defense_cifar_1xs_1500_remove_k500,remove,500,45,0.8606,0.0021163451075553895,0.003,0.08471269798278809
knn_defense_cifar_1xs_1500_remove_k500,remove,500,46,0.8505,0.002111727648973465,0.003,0.0774328498840332
knn_defense_cifar_1xs_1500_remove_k500,remove,500,47,0.858,0.0019460036784410477,0.0,0.06739595985412597
knn_defense_cifar_1xs_1500_remove_k500,remove,500,48,0.8707,0.0018518403112888337,0.003,0.06207279682159424
knn_defense_cifar_1xs_1500_remove_k500,remove,500,49,0.8485,0.0020753708362579344,0.0,0.07933183479309082
knn_defense_cifar_1xs_1500_remove_k500,remove,500,50,0.8363,0.002292589056491852,0.005,0.0628837537765503
knn_defense_cifar_1xs_1500_remove_k500,remove,500,51,0.8413,0.002389122802019119,0.0,0.08885703086853028
knn_defense_cifar_1xs_1500_remove_k500,remove,500,52,0.86,0.0020880065023899078,0.009,0.06993299674987793
knn_defense_cifar_1xs_1500_remove_k500,remove,500,53,0.8589,0.0020023751214146616,0.011,0.054849264144897464
knn_defense_cifar_1xs_1500_remove_k500,remove,500,54,0.8652,0.0018712489262223244,0.002,0.06466453170776368
knn_defense_cifar_1xs_1500_remove_k500,remove,500,55,0.8604,0.0019860014408826826,0.014,0.058738592147827146
knn_defense_cifar_1xs_1500_remove_k500,remove,500,56,0.8403,0.002267296567559242,0.007,0.06893732833862305
knn_defense_cifar_1xs_1500_remove_k500,remove,500,57,0.8623,0.002129782235622406,0.004,0.07274278068542481
knn_defense_cifar_1xs_1500_remove_k500,remove,500,58,0.8497,0.002230835896730423,0.01,0.05691716003417969
knn_defense_cifar_1xs_1500_remove_k500,remove,500,59,0.8542,0.002163547378778458,0.002,0.06285279560089112
knn_defense_cifar_1xs_1500_remove_k500,remove,500,60,0.8275,0.0025388032391667364,0.001,0.07079069519042969
knn_defense_cifar_1xs_1500_remove_k500,remove,500,61,0.8526,0.0020299344211816787,0.002,0.0744945125579834
knn_defense_cifar_1xs_1500_remove_k500,remove,500,62,0.8311,0.002516057312488556,0.005,0.05544755458831787
knn_defense_cifar_1xs_1500_remove_k500,remove,500,63,0.8658,0.0018564611718058586,0.002,0.07618019485473633
knn_defense_cifar_1xs_1500_remove_k500,remove,500,64,0.8601,0.0019753362745046615,0.002,0.0577679500579834
knn_defense_cifar_1xs_1500_remove_k500,remove,500,65,0.876,0.001852575781941414,0.002,0.07516100883483887
knn_defense_cifar_1xs_1500_remove_k500,remove,500,66,0.85,0.0023018738359212873,0.0,0.09629494094848633
knn_defense_cifar_1xs_1500_remove_k500,remove,500,67,0.8357,0.0024645067811012267,0.002,0.07480133056640625
knn_defense_cifar_1xs_1500_remove_k500,remove,500,68,0.8527,0.0020808690935373306,0.002,0.07540886116027833
knn_defense_cifar_1xs_1500_remove_k500,remove,500,69,0.8288,0.0026272205471992494,0.001,0.06921563911437988
knn_defense_cifar_1xs_1500_remove_k500,remove,500,70,0.8815,0.0016252381920814514,0.004,0.057820384979248046
knn_defense_cifar_1xs_1500_remove_k500,remove,500,71,0.8441,0.0023476832896471025,0.005,0.06299660110473633
knn_defense_cifar_1xs_1500_remove_k500,remove,500,72,0.8472,0.00227721336632967,0.002,0.07026918983459472
knn_defense_cifar_1xs_1500_remove_k500,remove,500,73,0.8701,0.001915284487605095,0.002,0.07792648506164551
knn_defense_cifar_1xs_1500_remove_k500,remove,500,74,0.882,0.0017305838078260421,0.006,0.06645220184326171
knn_defense_cifar_1xs_1500_remove_k500,remove,500,75,0.8718,0.0017942386984825134,0.002,0.06001587200164795
knn_defense_cifar_1xs_1500_remove_k500,remove,500,76,0.913,0.0012005893886089325,0.002,0.07826226997375488
knn_defense_cifar_1xs_1500_remove_k500,remove,500,77,0.9155,0.0012068656653165817,0.003,0.07562351036071778
knn_defense_cifar_1xs_1500_remove_k500,remove,500,78,0.917,0.0012255789697170258,0.003,0.07420427894592285
knn_defense_cifar_1xs_1500_remove_k500,remove,500,79,0.917,0.0012361045598983764,0.004,0.07579937744140625
knn_defense_cifar_1xs_1500_remove_k500,remove,500,80,0.9171,0.0012817967414855958,0.004,0.07161712265014648
knn_defense_cifar_1xs_1500_remove_k500,remove,500,81,0.9184,0.0012900244414806366,0.003,0.07758994102478027
knn_defense_cifar_1xs_1500_remove_k500,remove,500,82,0.9176,0.0012862260207533837,0.004,0.0761004753112793
knn_defense_cifar_1xs_1500_remove_k500,remove,500,83,0.9182,0.0013040392279624938,0.004,0.07502616500854492
knn_defense_cifar_1xs_1500_remove_k500,remove,500,84,0.9188,0.001314995813369751,0.004,0.07682745170593262
knn_defense_cifar_1xs_1500_remove_k500,remove,500,85,0.9188,0.0013126283779740333,0.004,0.07994422149658204
knn_defense_cifar_1xs_1500_remove_k500,remove,500,86,0.9171,0.0013401826843619346,0.004,0.07794197273254394
knn_defense_cifar_1xs_1500_remove_k500,remove,500,87,0.9189,0.0013803152322769165,0.003,0.07859745216369629
knn_defense_cifar_1xs_1500_remove_k500,remove,500,88,0.9189,0.0013692271545529366,0.002,0.07672676086425781
knn_defense_cifar_1xs_1500_remove_k500,remove,500,89,0.92,0.0014041804894804955,0.002,0.08179038429260253
knn_defense_cifar_1xs_1500_remove_k500,remove,500,90,0.9203,0.0014068692058324813,0.004,0.07539261817932129
knn_defense_cifar_1xs_1500_remove_k500,remove,500,91,0.9199,0.0014000633493065834,0.003,0.0787373046875
knn_defense_cifar_1xs_1500_remove_k500,remove,500,92,0.9201,0.0013981171190738679,0.003,0.07721784973144531
knn_defense_cifar_1xs_1500_remove_k500,remove,500,93,0.9206,0.001412784180045128,0.004,0.07755492782592774
knn_defense_cifar_1xs_1500_remove_k500,remove,500,94,0.9197,0.0014422110974788667,0.004,0.07904558181762696
knn_defense_cifar_1xs_1500_remove_k500,remove,500,95,0.9188,0.0014474774390459061,0.004,0.0775731029510498
knn_defense_cifar_1xs_1500_remove_k500,remove,500,96,0.9211,0.001433318680524826,0.004,0.08059837913513183
knn_defense_cifar_1xs_1500_remove_k500,remove,500,97,0.9189,0.0014514268219470979,0.004,0.07801468658447265
knn_defense_cifar_1xs_1500_remove_k500,remove,500,98,0.9197,0.0014363463819026946,0.004,0.08137409591674805
knn_defense_cifar_1xs_1500_remove_k500,remove,500,99,0.9195,0.001457021713256836,0.004,0.08495371627807617
knn_defense_cifar_1xs_1500_remove_k500,remove,500,100,0.9203,0.0014740263745188712,0.005,0.07652059364318847
knn_defense_cifar_1xs_1500_remove_k500,remove,500,101,0.9198,0.0014847301453351975,0.006,0.0799124813079834
knn_defense_cifar_1xs_1500_remove_k500,remove,500,102,0.9173,0.0015162341564893722,0.004,0.08310103225708008
knn_defense_cifar_1xs_1500_remove_k500,remove,500,103,0.9204,0.001492764049768448,0.003,0.08186848068237304
knn_defense_cifar_1xs_1500_remove_k500,remove,500,104,0.9202,0.0015041083216667174,0.005,0.0803565845489502
knn_defense_cifar_1xs_1500_remove_k500,remove,500,105,0.9195,0.0015405133172869683,0.003,0.08123608779907227
knn_defense_cifar_1xs_1500_remove_k500,remove,500,106,0.9189,0.0015248711585998534,0.003,0.07784081077575683
knn_defense_cifar_1xs_1500_remove_k500,remove,500,107,0.9153,0.00158524227142334,0.003,0.07724002075195313
knn_defense_cifar_1xs_1500_remove_k500,remove,500,108,0.9222,0.001505891588330269,0.002,0.08216725921630859
knn_defense_cifar_1xs_1500_remove_k500,remove,500,109,0.9208,0.0015196092247962952,0.004,0.07927461624145508
knn_defense_cifar_1xs_1500_remove_k500,remove,500,110,0.9204,0.0015512533172965049,0.004,0.0775981559753418
knn_defense_cifar_1xs_1500_remove_k500,remove,500,111,0.9198,0.0015317201018333435,0.003,0.08193390464782715
knn_defense_cifar_1xs_1500_remove_k500,remove,500,112,0.9159,0.0015551222160458565,0.005,0.07923783493041993
knn_defense_cifar_1xs_1500_remove_k500,remove,500,113,0.9192,0.0015826361611485482,0.004,0.08370515632629394
knn_defense_cifar_1xs_1500_remove_k500,remove,500,114,0.9192,0.0015497410982847214,0.004,0.07968388175964355
knn_defense_cifar_1xs_1500_remove_k500,remove,500,115,0.9215,0.0015439343467354774,0.002,0.0825774688720703
knn_defense_cifar_1xs_1500_remove_k500,remove,500,116,0.9195,0.0015394023030996322,0.003,0.08151941871643066
knn_defense_cifar_1xs_1500_remove_k500,remove,500,117,0.9187,0.0015588595226407051,0.003,0.07932852172851562
knn_defense_cifar_1xs_1500_remove_k500,remove,500,118,0.919,0.0015733607411384583,0.004,0.07701826286315917
knn_defense_cifar_1xs_1500_remove_k500,remove,500,119,0.9192,0.00157034632563591,0.002,0.07900573921203613
knn_defense_cifar_1xs_1500_remove_k500,remove,500,120,0.9189,0.0015667277872562408,0.004,0.0821138916015625
knn_defense_cifar_1xs_1500_remove_k500,remove,500,121,0.9193,0.0016093861043453216,0.003,0.07768042373657226
knn_defense_cifar_1xs_1500_remove_k500,remove,500,122,0.9176,0.0015932494416832923,0.002,0.08165394401550292
knn_defense_cifar_1xs_1500_remove_k500,remove,500,123,0.9206,0.0015882515788078308,0.003,0.080614501953125
knn_defense_cifar_1xs_1500_remove_k500,remove,500,124,0.9224,0.001583776645362377,0.002,0.07686639976501465
knn_defense_cifar_1xs_1500_remove_k500,remove,500,125,0.9209,0.0015824900165200234,0.003,0.08104753875732422
knn_defense_cifar_1xs_1500_remove_k500,remove,500,126,0.9232,0.0015451223716139793,0.003,0.08116087532043458
knn_defense_cifar_1xs_1500_remove_k500,remove,500,127,0.922,0.0015730521112680435,0.003,0.07839567947387695
knn_defense_cifar_1xs_1500_remove_k500,remove,500,128,0.923,0.0015490726917982102,0.003,0.08098784828186036
knn_defense_cifar_1xs_1500_remove_k500,remove,500,129,0.9239,0.0015432549744844436,0.003,0.08019801139831544
knn_defense_cifar_1xs_1500_remove_k500,remove,500,130,0.9225,0.001532469281554222,0.003,0.08094972038269042
knn_defense_cifar_1xs_1500_remove_k500,remove,500,131,0.9216,0.001545495393872261,0.003,0.08212898635864258
knn_defense_cifar_1xs_1500_remove_k500,remove,500,132,0.9225,0.0015399152144789695,0.003,0.07889644432067872
knn_defense_cifar_1xs_1500_remove_k500,remove,500,133,0.921,0.001561284239590168,0.003,0.08082532691955567
knn_defense_cifar_1xs_1500_remove_k500,remove,500,134,0.9235,0.0015338592603802682,0.003,0.07904045677185059
knn_defense_cifar_1xs_1500_remove_k500,remove,500,135,0.9225,0.001545910531282425,0.004,0.07913845825195312
knn_defense_cifar_1xs_1500_remove_k500,remove,500,136,0.9227,0.0015494369015097618,0.003,0.07709174919128418
knn_defense_cifar_1xs_1500_remove_k500,remove,500,137,0.9228,0.0015385011434555053,0.003,0.08033193016052247
knn_defense_cifar_1xs_1500_remove_k500,remove,500,138,0.9228,0.0015439195498824119,0.003,0.08068345069885254
knn_defense_cifar_1xs_1500_remove_k500,remove,500,139,0.9235,0.0015387135565280913,0.003,0.08048042106628418
knn_defense_cifar_1xs_1500_remove_k500,remove,500,140,0.9231,0.0015567537993192674,0.004,0.07964733505249023
knn_defense_cifar_1xs_1500_remove_k500,remove,500,141,0.9236,0.0015440746992826462,0.003,0.0774895133972168
knn_defense_cifar_1xs_1500_remove_k500,remove,500,142,0.9227,0.0015459819585084914,0.003,0.08048788070678711
knn_defense_cifar_1xs_1500_remove_k500,remove,500,143,0.9219,0.0015569876596331596,0.003,0.07737008857727051
knn_defense_cifar_1xs_1500_remove_k500,remove,500,144,0.9224,0.0015630624994635582,0.003,0.07971592521667481
knn_defense_cifar_1xs_1500_remove_k500,remove,500,145,0.9229,0.0015551430568099022,0.003,0.07909408950805664
knn_defense_cifar_1xs_1500_remove_k500,remove,500,146,0.9223,0.0015412070035934447,0.002,0.07933394622802735
knn_defense_cifar_1xs_1500_remove_k500,remove,500,147,0.9228,0.0015366468966007234,0.003,0.0795013313293457
knn_defense_cifar_1xs_1500_remove_k500,remove,500,148,0.9221,0.0015465451091527939,0.003,0.07755930519104004
knn_defense_cifar_1xs_1500_remove_k500,remove,500,149,0.9227,0.001557518096268177,0.003,0.07920320510864258
knn_defense_cifar_1xs_1500_remove_k500,remove,500,150,0.9222,0.0015446758583188057,0.003,0.07970266151428222
knn_defense_cifar_1xs_1500_remove_k500,remove,500,151,0.9227,0.0015497542157769204,0.003,0.08010737228393555
knn_defense_cifar_1xs_1500_remove_k500,remove,500,152,0.9224,0.0015494212612509727,0.003,0.0795935001373291
knn_defense_cifar_1xs_1500_remove_k500,remove,500,153,0.9214,0.0015612606644630433,0.003,0.08051785469055175
knn_defense_cifar_1xs_1500_remove_k500,remove,500,154,0.9229,0.001550962369143963,0.003,0.07981751441955566
knn_defense_cifar_1xs_1500_remove_k500,remove,500,155,0.9222,0.001550711689889431,0.003,0.07739495086669922
knn_defense_cifar_1xs_1500_remove_k500,remove,500,156,0.9226,0.0015595739170908929,0.003,0.08069665145874023
knn_defense_cifar_1xs_1500_remove_k500,remove,500,157,0.9234,0.0015458427116274835,0.003,0.08170307731628418
knn_defense_cifar_1xs_1500_remove_k500,remove,500,158,0.9233,0.0015494530797004699,0.003,0.07799996185302735
knn_defense_cifar_1xs_1500_remove_k500,remove,500,159,0.9229,0.001548455962538719,0.003,0.07853409767150879
knn_defense_cifar_1xs_1500_remove_k500,remove,500,160,0.9231,0.0015604072108864784,0.003,0.07889969253540038
knn_defense_cifar_1xs_1500_remove_k500,remove,500,161,0.9223,0.0015783831655979156,0.003,0.07721940040588379
knn_defense_cifar_1xs_1500_remove_k500,remove,500,162,0.923,0.0015612507298588753,0.003,0.07949813079833984
knn_defense_cifar_1xs_1500_remove_k500,remove,500,163,0.9221,0.0015676186859607697,0.003,0.07993112182617187
knn_defense_cifar_1xs_1500_remove_k500,remove,500,164,0.9225,0.0015651731833815576,0.003,0.07942252922058106
knn_defense_cifar_1xs_1500_remove_k500,remove,500,165,0.9226,0.0015642285883426667,0.003,0.07944001007080079
knn_defense_cifar_1xs_1500_remove_k500,remove,500,166,0.9221,0.0015605831727385521,0.003,0.08292299652099609
knn_defense_cifar_1xs_1500_remove_k500,remove,500,167,0.9232,0.0015620195865631104,0.003,0.08018594932556153
knn_defense_cifar_1xs_1500_remove_k500,remove,500,168,0.9214,0.0015647351071238517,0.003,0.0818920783996582
knn_defense_cifar_1xs_1500_remove_k500,remove,500,169,0.9235,0.0015516055688261986,0.003,0.07923249435424805
knn_defense_cifar_1xs_1500_remove_k500,remove,500,170,0.9235,0.0015609275951981544,0.003,0.07888233757019043
knn_defense_cifar_1xs_1500_remove_k500,remove,500,171,0.9221,0.001565837360918522,0.003,0.07924871444702149
knn_defense_cifar_1xs_1500_remove_k500,remove,500,172,0.9207,0.0015784041404724122,0.003,0.07881614685058594
knn_defense_cifar_1xs_1500_remove_k500,remove,500,173,0.9225,0.0015650023937225342,0.003,0.07868797492980957
knn_defense_cifar_1xs_1500_remove_k500,remove,500,174,0.9225,0.0015781829789280892,0.003,0.07796943092346191
knn_defense_cifar_1xs_1500_remove_k500,remove,500,175,0.9226,0.001573745459318161,0.003,0.08005975914001465
knn_defense_cifar_1xs_1500_remove_k500,remove,500,176,0.9218,0.001574449436366558,0.003,0.0796763153076172
knn_defense_cifar_1xs_1500_remove_k500,remove,500,177,0.921,0.0015761193111538886,0.003,0.07969536399841308
knn_defense_cifar_1xs_1500_remove_k500,remove,500,178,0.9215,0.0015788043633103372,0.003,0.07907038497924805
knn_defense_cifar_1xs_1500_remove_k500,remove,500,179,0.9226,0.001568604077398777,0.003,0.0792081127166748
knn_defense_cifar_1xs_1500_remove_k500,remove,500,180,0.9213,0.0015732257813215256,0.003,0.07996407318115234
knn_defense_cifar_1xs_1500_remove_k500,remove,500,181,0.9217,0.001571474103629589,0.003,0.0798115520477295
knn_defense_cifar_1xs_1500_remove_k500,remove,500,182,0.9226,0.0015722688183188438,0.003,0.07828252601623535
knn_defense_cifar_1xs_1500_remove_k500,remove,500,183,0.9225,0.0015701826706528664,0.003,0.07743599700927735
knn_defense_cifar_1xs_1500_remove_k500,remove,500,184,0.9226,0.001582935245335102,0.003,0.0790561351776123
knn_defense_cifar_1xs_1500_remove_k500,remove,500,185,0.9216,0.0015904668807983399,0.003,0.0804032211303711
knn_defense_cifar_1xs_1500_remove_k500,remove,500,186,0.9235,0.0015867839008569717,0.003,0.07714760780334473
knn_defense_cifar_1xs_1500_remove_k500,remove,500,187,0.9219,0.0015749270275235176,0.003,0.08279856491088868
knn_defense_cifar_1xs_1500_remove_k500,remove,500,188,0.9214,0.0015729991108179092,0.003,0.08077656936645508
knn_defense_cifar_1xs_1500_remove_k500,remove,500,189,0.9226,0.0015707656785845757,0.003,0.08041593360900878
knn_defense_cifar_1xs_1500_remove_k500,remove,500,190,0.9221,0.001581334587931633,0.003,0.0791968002319336
knn_defense_cifar_1xs_1500_remove_k500,remove,500,191,0.9219,0.0015874409019947051,0.003,0.07959087753295899
knn_defense_cifar_1xs_1500_remove_k500,remove,500,192,0.9217,0.0015761911928653717,0.003,0.0818338508605957
knn_defense_cifar_1xs_1500_remove_k500,remove,500,193,0.9227,0.0015800030529499055,0.003,0.0811788330078125
knn_defense_cifar_1xs_1500_remove_k500,remove,500,194,0.9212,0.0015829144924879074,0.003,0.08003227043151856
knn_defense_cifar_1xs_1500_remove_k500,remove,500,195,0.9222,0.0015738261327147484,0.003,0.08013957595825195
knn_defense_cifar_1xs_1500_remove_k500,remove,500,196,0.9226,0.001557722282409668,0.003,0.0800664882659912
knn_defense_cifar_1xs_1500_remove_k500,remove,500,197,0.922,0.0015879392012953758,0.003,0.07829805374145508
knn_defense_cifar_1xs_1500_remove_k500,remove,500,198,0.923,0.0015730845972895622,0.003,0.08230551910400391
knn_defense_cifar_1xs_1500_remove_k500,remove,500,199,0.9231,0.0015745722755789756,0.003,0.08012849426269532
knn_defense_cifar_1xs_1500_remove_k500,remove,500,200,0.9236,0.0015617492437362671,0.003,0.08028460502624511
knn_defense_cifar_1xs_1500_remove_k1000,remove,1000,1,0.5302,0.00595995364189148,0.014,0.02457654857635498
knn_defense_cifar_1xs_1500_remove_k1000,remove,1000,2,0.6893,0.0036132000029087067,0.038,0.027704561233520508
knn_defense_cifar_1xs_1500_remove_k1000,remove,1000,3,0.6734,0.004093389409780502,0.016,0.027151570320129395
knn_defense_cifar_1xs_1500_remove_k1000,remove,1000,4,0.7028,0.0037657456636428833,0.032,0.03343713760375976
knn_defense_cifar_1xs_1500_remove_k1000,remove,1000,5,0.7101,0.003783413976430893,0.011,0.050645009994506836
knn_defense_cifar_1xs_1500_remove_k1000,remove,1000,6,0.7435,0.0032665800273418426,0.007,0.05040735340118408
knn_defense_cifar_1xs_1500_remove_k1000,remove,1000,7,0.7796,0.002856463506817818,0.009,0.04935588550567627
knn_defense_cifar_1xs_1500_remove_k1000,remove,1000,8,0.7676,0.0028993183970451356,0.002,0.05725946426391602
knn_defense_cifar_1xs_1500_remove_k1000,remove,1000,9,0.7818,0.002919856369495392,0.046,0.03113937044143677
knn_defense_cifar_1xs_1500_remove_k1000,remove,1000,10,0.8116,0.0025424784511327743,0.001,0.06827920150756836
knn_defense_cifar_1xs_1500_remove_k1000,remove,1000,11,0.7849,0.0028148247897624968,0.014,0.0377790584564209
knn_defense_cifar_1xs_1500_remove_k1000,remove,1000,12,0.8359,0.002085690703988075,0.017,0.03970192527770996
knn_defense_cifar_1xs_1500_remove_k1000,remove,1000,13,0.8165,0.0022379511713981628,0.023,0.044743733406066896
knn_defense_cifar_1xs_1500_remove_k1000,remove,1000,14,0.8241,0.0023471770346164705,0.009,0.04790089702606201
knn_defense_cifar_1xs_1500_remove_k1000,remove,1000,15,0.8226,0.0023417166143655777,0.021,0.03525541114807129
knn_defense_cifar_1xs_1500_remove_k1000,remove,1000,16,0.8113,0.0025269461542367934,0.001,0.061725436210632326
knn_defense_cifar_1xs_1500_remove_k1000,remove,1000,17,0.8318,0.0022022750288248063,0.002,0.06295235347747803
knn_defense_cifar_1xs_1500_remove_k1000,remove,1000,18,0.804,0.002751950317621231,0.028,0.046889102935791016
knn_defense_cifar_1xs_1500_remove_k1000,remove,1000,19,0.82,0.002492549687623978,0.003,0.0677476463317871
knn_defense_cifar_1xs_1500_remove_k1000,remove,1000,20,0.8481,0.0019559399515390397,0.004,0.05658736133575439
knn_defense_cifar_1xs_1500_remove_k1000,remove,1000,21,0.8332,0.0021495739310979844,0.0,0.06052656078338623
knn_defense_cifar_1xs_1500_remove_k1000,remove,1000,22,0.8336,0.0022407991886138918,0.002,0.06890254402160645
knn_defense_cifar_1xs_1500_remove_k1000,remove,1000,23,0.8146,0.0026001085847616196,0.003,0.061506348609924315
knn_defense_cifar_1xs_1500_remove_k1000,remove,1000,24,0.8437,0.0020987260550260544,0.0,0.0901685848236084
knn_defense_cifar_1xs_1500_remove_k1000,remove,1000,25,0.8407,0.0023138322830200194,0.0,0.07949946022033691
knn_defense_cifar_1xs_1500_remove_k1000,remove,1000,26,0.8637,0.001784157332777977,0.006,0.06145667552947998
knn_defense_cifar_1xs_1500_remove_k1000,remove,1000,27,0.8431,0.0020223724484443664,0.006,0.054165169715881346
knn_defense_cifar_1xs_1500_remove_k1000,remove,1000,28,0.8009,0.0029556491076946256,0.001,0.06996908569335937
knn_defense_cifar_1xs_1500_remove_k1000,remove,1000,29,0.8538,0.001934047880768776,0.007,0.06029762840270996
knn_defense_cifar_1xs_1500_remove_k1000,remove,1000,30,0.8467,0.0021609754145145415,0.002,0.07221994590759277
knn_defense_cifar_1xs_1500_remove_k1000,remove,1000,31,0.8586,0.0020156992197036742,0.003,0.06242746925354004
knn_defense_cifar_1xs_1500_remove_k1000,remove,1000,32,0.8319,0.0023790781378746034,0.002,0.07575102996826172
knn_defense_cifar_1xs_1500_remove_k1000,remove,1000,33,0.8533,0.0020003983438014986,0.002,0.0709010124206543
knn_defense_cifar_1xs_1500_remove_k1000,remove,1000,34,0.8627,0.0018781563073396682,0.002,0.08134928703308106
knn_defense_cifar_1xs_1500_remove_k1000,remove,1000,35,0.8352,0.0024245927304029466,0.002,0.06752272987365723
knn_defense_cifar_1xs_1500_remove_k1000,remove,1000,36,0.8356,0.0024556273370981217,0.004,0.06109128952026367
knn_defense_cifar_1xs_1500_remove_k1000,remove,1000,37,0.851,0.002145979619026184,0.001,0.07925192070007324
knn_defense_cifar_1xs_1500_remove_k1000,remove,1000,38,0.8517,0.0020018740743398666,0.002,0.06792647743225097
knn_defense_cifar_1xs_1500_remove_k1000,remove,1000,39,0.8375,0.0022793621301651,0.005,0.06688981628417968
knn_defense_cifar_1xs_1500_remove_k1000,remove,1000,40,0.8477,0.0021579956859350204,0.006,0.058023820877075194
knn_defense_cifar_1xs_1500_remove_k1000,remove,1000,41,0.8531,0.002176431554555893,0.012,0.0683682689666748
knn_defense_cifar_1xs_1500_remove_k1000,remove,1000,42,0.8573,0.0019912811011075972,0.003,0.05326292514801025
knn_defense_cifar_1xs_1500_remove_k1000,remove,1000,43,0.8285,0.0025335308372974397,0.0,0.08166693687438965
knn_defense_cifar_1xs_1500_remove_k1000,remove,1000,44,0.8661,0.0018799488067626953,0.019,0.061579842567443845
knn_defense_cifar_1xs_1500_remove_k1000,remove,1000,45,0.8574,0.0020560611397027967,0.004,0.06147149467468262
knn_defense_cifar_1xs_1500_remove_k1000,remove,1000,46,0.8621,0.0018900346159934998,0.0,0.07522086524963378
knn_defense_cifar_1xs_1500_remove_k1000,remove,1000,47,0.8491,0.0022726663678884506,0.003,0.08441021156311035
knn_defense_cifar_1xs_1500_remove_k1000,remove,1000,48,0.8494,0.002142703020572662,0.011,0.06408357906341552
knn_defense_cifar_1xs_1500_remove_k1000,remove,1000,49,0.8588,0.002044600212574005,0.003,0.07637626266479493
knn_defense_cifar_1xs_1500_remove_k1000,remove,1000,50,0.8639,0.0019561894714832306,0.007,0.05696204853057861
knn_defense_cifar_1xs_1500_remove_k1000,remove,1000,51,0.8666,0.0019643690407276154,0.017,0.053024345397949216
knn_defense_cifar_1xs_1500_remove_k1000,remove,1000,52,0.8499,0.0021756948202848432,0.002,0.0756717071533203
knn_defense_cifar_1xs_1500_remove_k1000,remove,1000,53,0.8647,0.0020210327535867692,0.002,0.09081591987609863
knn_defense_cifar_1xs_1500_remove_k1000,remove,1000,54,0.8543,0.001972597795724869,0.0,0.07466741943359376
knn_defense_cifar_1xs_1500_remove_k1000,remove,1000,55,0.8518,0.0022546210676431654,0.002,0.0692451171875
knn_defense_cifar_1xs_1500_remove_k1000,remove,1000,56,0.816,0.002668084356188774,0.004,0.04824619674682617
knn_defense_cifar_1xs_1500_remove_k1000,remove,1000,57,0.8487,0.002210265764594078,0.007,0.05509499454498291
knn_defense_cifar_1xs_1500_remove_k1000,remove,1000,58,0.8451,0.002278920191526413,0.001,0.07776921653747558
knn_defense_cifar_1xs_1500_remove_k1000,remove,1000,59,0.8609,0.002100385242700577,0.002,0.09013384246826171
knn_defense_cifar_1xs_1500_remove_k1000,remove,1000,60,0.8592,0.002044420513510704,0.011,0.05561543941497803
knn_defense_cifar_1xs_1500_remove_k1000,remove,1000,61,0.868,0.0019243050217628479,0.004,0.07943832397460937
knn_defense_cifar_1xs_1500_remove_k1000,remove,1000,62,0.8548,0.0021649691820144652,0.002,0.06546005249023437
knn_defense_cifar_1xs_1500_remove_k1000,remove,1000,63,0.859,0.0021615358352661132,0.008,0.07598233032226563
knn_defense_cifar_1xs_1500_remove_k1000,remove,1000,64,0.8681,0.0018123330384492873,0.004,0.0507862548828125
knn_defense_cifar_1xs_1500_remove_k1000,remove,1000,65,0.85,0.002396174496412277,0.002,0.07255331993103027
knn_defense_cifar_1xs_1500_remove_k1000,remove,1000,66,0.8703,0.0019058241337537765,0.003,0.09071524047851562
knn_defense_cifar_1xs_1500_remove_k1000,remove,1000,67,0.8714,0.001826896733045578,0.001,0.07869833946228028
knn_defense_cifar_1xs_1500_remove_k1000,remove,1000,68,0.8476,0.002314557272195816,0.002,0.08376170921325683
knn_defense_cifar_1xs_1500_remove_k1000,remove,1000,69,0.8574,0.0021950444281101226,0.0,0.08478455543518067
knn_defense_cifar_1xs_1500_remove_k1000,remove,1000,70,0.8461,0.0023150283843278883,0.023,0.054210034370422364
knn_defense_cifar_1xs_1500_remove_k1000,remove,1000,71,0.8508,0.0021859732046723367,0.0,0.07711146545410157
knn_defense_cifar_1xs_1500_remove_k1000,remove,1000,72,0.8763,0.0017396021217107773,0.005,0.0568047456741333
knn_defense_cifar_1xs_1500_remove_k1000,remove,1000,73,0.859,0.0019998169764876366,0.001,0.06847684860229492
knn_defense_cifar_1xs_1500_remove_k1000,remove,1000,74,0.8605,0.0021384085565805434,0.015,0.04962091827392578
knn_defense_cifar_1xs_1500_remove_k1000,remove,1000,75,0.8759,0.0017459377512335777,0.003,0.06285381031036377
knn_defense_cifar_1xs_1500_remove_k1000,remove,1000,76,0.9097,0.0013466358050704002,0.003,0.07285524559020996
knn_defense_cifar_1xs_1500_remove_k1000,remove,1000,77,0.9129,0.0013182058691978455,0.003,0.06974744033813476
knn_defense_cifar_1xs_1500_remove_k1000,remove,1000,78,0.9135,0.0013494082063436508,0.002,0.071443265914917
knn_defense_cifar_1xs_1500_remove_k1000,remove,1000,79,0.9119,0.001352897235751152,0.003,0.07304704093933105
knn_defense_cifar_1xs_1500_remove_k1000,remove,1000,80,0.9138,0.0013544301509857179,0.003,0.07663677597045898
knn_defense_cifar_1xs_1500_remove_k1000,remove,1000,81,0.9162,0.0013395357951521874,0.003,0.07858568382263184
knn_defense_cifar_1xs_1500_remove_k1000,remove,1000,82,0.9155,0.001385649824142456,0.003,0.0780266170501709
knn_defense_cifar_1xs_1500_remove_k1000,remove,1000,83,0.9158,0.0013816273897886277,0.003,0.07849370193481445
knn_defense_cifar_1xs_1500_remove_k1000,remove,1000,84,0.9153,0.0013892043843865395,0.004,0.07597372055053711
knn_defense_cifar_1xs_1500_remove_k1000,remove,1000,85,0.9154,0.0014056128174066544,0.003,0.07844375419616699
knn_defense_cifar_1xs_1500_remove_k1000,remove,1000,86,0.9139,0.0014456710517406464,0.004,0.07902261543273925
knn_defense_cifar_1xs_1500_remove_k1000,remove,1000,87,0.9151,0.0014362464040517807,0.004,0.07680049514770508
knn_defense_cifar_1xs_1500_remove_k1000,remove,1000,88,0.9174,0.0014083228707313538,0.002,0.07598977279663086
knn_defense_cifar_1xs_1500_remove_k1000,remove,1000,89,0.9147,0.0014512032851576805,0.002,0.0771838092803955
knn_defense_cifar_1xs_1500_remove_k1000,remove,1000,90,0.9158,0.00144870994836092,0.003,0.08003506088256836
knn_defense_cifar_1xs_1500_remove_k1000,remove,1000,91,0.9139,0.001498252372443676,0.004,0.07691952323913574
knn_defense_cifar_1xs_1500_remove_k1000,remove,1000,92,0.9151,0.0015082361802458762,0.002,0.07419447708129882
knn_defense_cifar_1xs_1500_remove_k1000,remove,1000,93,0.9167,0.0015000643908977508,0.002,0.08049749183654785
knn_defense_cifar_1xs_1500_remove_k1000,remove,1000,94,0.914,0.0015642732962965966,0.002,0.07816007232666015
knn_defense_cifar_1xs_1500_remove_k1000,remove,1000,95,0.9162,0.00149955166131258,0.003,0.0819431095123291
knn_defense_cifar_1xs_1500_remove_k1000,remove,1000,96,0.9155,0.0015124292388558388,0.002,0.08161205863952636
knn_defense_cifar_1xs_1500_remove_k1000,remove,1000,97,0.9144,0.0015454500690102577,0.002,0.08183125686645508
knn_defense_cifar_1xs_1500_remove_k1000,remove,1000,98,0.9155,0.0015538354590535165,0.004,0.07846603965759277
knn_defense_cifar_1xs_1500_remove_k1000,remove,1000,99,0.9154,0.0015675335064530374,0.002,0.07740252494812011
knn_defense_cifar_1xs_1500_remove_k1000,remove,1000,100,0.9146,0.0015768095031380653,0.003,0.08169826889038086
knn_defense_cifar_1xs_1500_remove_k1000,remove,1000,101,0.915,0.0015471096143126488,0.002,0.07921905136108398
knn_defense_cifar_1xs_1500_remove_k1000,remove,1000,102,0.9157,0.001571624793112278,0.002,0.08100676536560059
knn_defense_cifar_1xs_1500_remove_k1000,remove,1000,103,0.9159,0.0015836853846907615,0.003,0.08352741813659668
knn_defense_cifar_1xs_1500_remove_k1000,remove,1000,104,0.9158,0.0016358462765812874,0.003,0.08147797966003419
knn_defense_cifar_1xs_1500_remove_k1000,remove,1000,105,0.9165,0.0015561090052127837,0.001,0.08072782897949218
knn_defense_cifar_1xs_1500_remove_k1000,remove,1000,106,0.9155,0.0016173609733581543,0.003,0.08159069061279296
knn_defense_cifar_1xs_1500_remove_k1000,remove,1000,107,0.9149,0.0016618662893772124,0.003,0.07971224021911621
knn_defense_cifar_1xs_1500_remove_k1000,remove,1000,108,0.9159,0.0015923590302467346,0.003,0.08069484519958496
knn_defense_cifar_1xs_1500_remove_k1000,remove,1000,109,0.9133,0.0016835038766264915,0.003,0.07880296897888184
knn_defense_cifar_1xs_1500_remove_k1000,remove,1000,110,0.9146,0.0016381299793720246,0.003,0.0829851188659668
knn_defense_cifar_1xs_1500_remove_k1000,remove,1000,111,0.9166,0.0015905542820692062,0.003,0.08159370803833008
knn_defense_cifar_1xs_1500_remove_k1000,remove,1000,112,0.9156,0.0016627398669719696,0.005,0.07772591400146485
knn_defense_cifar_1xs_1500_remove_k1000,remove,1000,113,0.9153,0.0016539469450712204,0.003,0.08278279876708984
knn_defense_cifar_1xs_1500_remove_k1000,remove,1000,114,0.9169,0.0016818034142255783,0.004,0.07603987312316894
knn_defense_cifar_1xs_1500_remove_k1000,remove,1000,115,0.916,0.00164336808770895,0.005,0.07837956809997558
knn_defense_cifar_1xs_1500_remove_k1000,remove,1000,116,0.9164,0.0016659317642450332,0.003,0.08076268005371094
knn_defense_cifar_1xs_1500_remove_k1000,remove,1000,117,0.9184,0.0016291818529367446,0.003,0.07877123641967773
knn_defense_cifar_1xs_1500_remove_k1000,remove,1000,118,0.9166,0.0016608798190951347,0.005,0.07881125640869141
knn_defense_cifar_1xs_1500_remove_k1000,remove,1000,119,0.9148,0.0016952053532004357,0.005,0.077297607421875
knn_defense_cifar_1xs_1500_remove_k1000,remove,1000,120,0.9145,0.0016656439110636712,0.002,0.07601904296875
knn_defense_cifar_1xs_1500_remove_k1000,remove,1000,121,0.9147,0.0017054715752601623,0.005,0.07451300811767578
knn_defense_cifar_1xs_1500_remove_k1000,remove,1000,122,0.9143,0.0017025070130825043,0.003,0.08020021057128907
knn_defense_cifar_1xs_1500_remove_k1000,remove,1000,123,0.9133,0.0017405471369624137,0.004,0.08065805435180665
knn_defense_cifar_1xs_1500_remove_k1000,remove,1000,124,0.9165,0.0016716318979859352,0.003,0.07734131622314454
knn_defense_cifar_1xs_1500_remove_k1000,remove,1000,125,0.9179,0.0016701335906982421,0.002,0.08192640495300293
knn_defense_cifar_1xs_1500_remove_k1000,remove,1000,126,0.918,0.001648837162554264,0.002,0.0816827449798584
knn_defense_cifar_1xs_1500_remove_k1000,remove,1000,127,0.9185,0.0016604181349277496,0.002,0.07957006072998046
knn_defense_cifar_1xs_1500_remove_k1000,remove,1000,128,0.9172,0.0016649368792772293,0.002,0.08395317459106445
knn_defense_cifar_1xs_1500_remove_k1000,remove,1000,129,0.9169,0.001657994718849659,0.003,0.07894325637817383
knn_defense_cifar_1xs_1500_remove_k1000,remove,1000,130,0.9173,0.0016523299798369407,0.002,0.0828040885925293
knn_defense_cifar_1xs_1500_remove_k1000,remove,1000,131,0.9181,0.0016541152983903884,0.003,0.08043071365356445
knn_defense_cifar_1xs_1500_remove_k1000,remove,1000,132,0.9189,0.001642571958899498,0.004,0.07989850997924805
knn_defense_cifar_1xs_1500_remove_k1000,remove,1000,133,0.9184,0.0016530611768364907,0.002,0.08079202461242675
knn_defense_cifar_1xs_1500_remove_k1000,remove,1000,134,0.9187,0.0016701599821448325,0.003,0.07972554016113281
knn_defense_cifar_1xs_1500_remove_k1000,remove,1000,135,0.9184,0.001655694778263569,0.002,0.08102120780944824
knn_defense_cifar_1xs_1500_remove_k1000,remove,1000,136,0.9184,0.0016508816182613372,0.002,0.07854281425476074
knn_defense_cifar_1xs_1500_remove_k1000,remove,1000,137,0.9176,0.0016640633314847946,0.002,0.08060223197937012
knn_defense_cifar_1xs_1500_remove_k1000,remove,1000,138,0.9173,0.0016548640683293342,0.003,0.07984186172485351
knn_defense_cifar_1xs_1500_remove_k1000,remove,1000,139,0.9187,0.001623444277048111,0.002,0.08272677421569824
knn_defense_cifar_1xs_1500_remove_k1000,remove,1000,140,0.9182,0.0016411498203873635,0.003,0.08092700386047363
knn_defense_cifar_1xs_1500_remove_k1000,remove,1000,141,0.9188,0.0016520547136664391,0.003,0.07944281196594238
knn_defense_cifar_1xs_1500_remove_k1000,remove,1000,142,0.9174,0.0016672861143946648,0.003,0.07825140380859374
knn_defense_cifar_1xs_1500_remove_k1000,remove,1000,143,0.9185,0.0016466523438692093,0.003,0.08467739105224609
knn_defense_cifar_1xs_1500_remove_k1000,remove,1000,144,0.9187,0.0016434176668524742,0.003,0.08252237701416015
knn_defense_cifar_1xs_1500_remove_k1000,remove,1000,145,0.9197,0.0016569197416305542,0.003,0.08152297782897949
knn_defense_cifar_1xs_1500_remove_k1000,remove,1000,146,0.9187,0.001646280950307846,0.003,0.0794919147491455
knn_defense_cifar_1xs_1500_remove_k1000,remove,1000,147,0.9191,0.0016636649340391158,0.004,0.07938295936584473
knn_defense_cifar_1xs_1500_remove_k1000,remove,1000,148,0.9184,0.001656934630870819,0.003,0.07951813507080079
knn_defense_cifar_1xs_1500_remove_k1000,remove,1000,149,0.9184,0.001659498207271099,0.003,0.07940680885314941
knn_defense_cifar_1xs_1500_remove_k1000,remove,1000,150,0.9189,0.0016371218502521515,0.003,0.08037022590637206
knn_defense_cifar_1xs_1500_remove_k1000,remove,1000,151,0.9182,0.0016696272060275077,0.003,0.07719974136352539
knn_defense_cifar_1xs_1500_remove_k1000,remove,1000,152,0.918,0.0016722048968076705,0.002,0.08035008811950684
knn_defense_cifar_1xs_1500_remove_k1000,remove,1000,153,0.9178,0.001665240415930748,0.003,0.08109250259399414
knn_defense_cifar_1xs_1500_remove_k1000,remove,1000,154,0.9185,0.0016632165312767029,0.003,0.07789857292175292
knn_defense_cifar_1xs_1500_remove_k1000,remove,1000,155,0.918,0.0016474300399422646,0.003,0.0810365219116211
knn_defense_cifar_1xs_1500_remove_k1000,remove,1000,156,0.9188,0.0016778324350714684,0.003,0.08024519157409668
knn_defense_cifar_1xs_1500_remove_k1000,remove,1000,157,0.9186,0.0016584195271134377,0.003,0.07980119705200195
knn_defense_cifar_1xs_1500_remove_k1000,remove,1000,158,0.9185,0.00166655263453722,0.003,0.07936537742614747
knn_defense_cifar_1xs_1500_remove_k1000,remove,1000,159,0.9186,0.0016582431241869927,0.002,0.07951734733581543
knn_defense_cifar_1xs_1500_remove_k1000,remove,1000,160,0.9184,0.0016551810443401337,0.002,0.07969857406616211
knn_defense_cifar_1xs_1500_remove_k1000,remove,1000,161,0.9173,0.0016794446900486946,0.003,0.07899072456359864
knn_defense_cifar_1xs_1500_remove_k1000,remove,1000,162,0.9176,0.0016488021016120911,0.002,0.08137185287475586
knn_defense_cifar_1xs_1500_remove_k1000,remove,1000,163,0.9177,0.0016804669499397278,0.004,0.0792663688659668
knn_defense_cifar_1xs_1500_remove_k1000,remove,1000,164,0.9188,0.0016594372302293778,0.003,0.07907464790344239
knn_defense_cifar_1xs_1500_remove_k1000,remove,1000,165,0.9182,0.0016720412701368332,0.003,0.07734887886047363
knn_defense_cifar_1xs_1500_remove_k1000,remove,1000,166,0.9184,0.0016564567551016808,0.002,0.08018280029296875
knn_defense_cifar_1xs_1500_remove_k1000,remove,1000,167,0.9184,0.0016850053727626802,0.004,0.07915676689147949
knn_defense_cifar_1xs_1500_remove_k1000,remove,1000,168,0.9188,0.0016529339984059333,0.003,0.07868684196472168
knn_defense_cifar_1xs_1500_remove_k1000,remove,1000,169,0.9187,0.0016608988419175147,0.003,0.07959967803955079
knn_defense_cifar_1xs_1500_remove_k1000,remove,1000,170,0.919,0.0016546190276741982,0.004,0.07860668563842774
knn_defense_cifar_1xs_1500_remove_k1000,remove,1000,171,0.9184,0.0016762854278087615,0.003,0.07831368827819825
knn_defense_cifar_1xs_1500_remove_k1000,remove,1000,172,0.9188,0.0016859317377209662,0.004,0.07836150550842286
knn_defense_cifar_1xs_1500_remove_k1000,remove,1000,173,0.918,0.0016697545260190964,0.003,0.08050433540344239
knn_defense_cifar_1xs_1500_remove_k1000,remove,1000,174,0.9191,0.0016576355233788491,0.002,0.0809767951965332
knn_defense_cifar_1xs_1500_remove_k1000,remove,1000,175,0.9182,0.0016685979336500169,0.002,0.08018484687805176
knn_defense_cifar_1xs_1500_remove_k1000,remove,1000,176,0.9178,0.001680265973508358,0.003,0.07704297637939453
knn_defense_cifar_1xs_1500_remove_k1000,remove,1000,177,0.9188,0.0016629628002643585,0.002,0.07995941734313965
knn_defense_cifar_1xs_1500_remove_k1000,remove,1000,178,0.9182,0.0016579810827970505,0.002,0.079750825881958
knn_defense_cifar_1xs_1500_remove_k1000,remove,1000,179,0.9176,0.001672254042327404,0.004,0.07791106033325196
knn_defense_cifar_1xs_1500_remove_k1000,remove,1000,180,0.9185,0.0016833077222108842,0.004,0.07678683471679687
knn_defense_cifar_1xs_1500_remove_k1000,remove,1000,181,0.9172,0.0016734344065189363,0.003,0.07926826286315918
knn_defense_cifar_1xs_1500_remove_k1000,remove,1000,182,0.9172,0.0016573219999670983,0.002,0.07929595184326171
knn_defense_cifar_1xs_1500_remove_k1000,remove,1000,183,0.9171,0.0016777563646435737,0.003,0.07710224533081055
knn_defense_cifar_1xs_1500_remove_k1000,remove,1000,184,0.9177,0.0016625362008810044,0.003,0.07705849456787109
knn_defense_cifar_1xs_1500_remove_k1000,remove,1000,185,0.918,0.0016791704058647155,0.002,0.0768474941253662
knn_defense_cifar_1xs_1500_remove_k1000,remove,1000,186,0.9185,0.0016813455045223235,0.003,0.07875848579406738
knn_defense_cifar_1xs_1500_remove_k1000,remove,1000,187,0.9185,0.0016929473966360092,0.003,0.07744266700744629
knn_defense_cifar_1xs_1500_remove_k1000,remove,1000,188,0.9186,0.0016618864715099335,0.003,0.07854952430725097
knn_defense_cifar_1xs_1500_remove_k1000,remove,1000,189,0.9186,0.001678121942281723,0.002,0.07841110992431641
knn_defense_cifar_1xs_1500_remove_k1000,remove,1000,190,0.9184,0.0016656620234251022,0.002,0.07971313858032227
knn_defense_cifar_1xs_1500_remove_k1000,remove,1000,191,0.918,0.0016672935858368873,0.003,0.08013864517211915
knn_defense_cifar_1xs_1500_remove_k1000,remove,1000,192,0.919,0.0016872119322419166,0.003,0.07886369323730469
knn_defense_cifar_1xs_1500_remove_k1000,remove,1000,193,0.9179,0.0016933080613613129,0.003,0.07906199645996094
knn_defense_cifar_1xs_1500_remove_k1000,remove,1000,194,0.9182,0.0016869471833109856,0.003,0.07811839294433594
knn_defense_cifar_1xs_1500_remove_k1000,remove,1000,195,0.9186,0.0016703443050384522,0.003,0.08038046646118165
knn_defense_cifar_1xs_1500_remove_k1000,remove,1000,196,0.9184,0.0016747305899858474,0.003,0.08132217407226562
knn_defense_cifar_1xs_1500_remove_k1000,remove,1000,197,0.919,0.001651150317490101,0.003,0.07706934356689453
knn_defense_cifar_1xs_1500_remove_k1000,remove,1000,198,0.9193,0.0016901644319295883,0.004,0.07752621841430664
knn_defense_cifar_1xs_1500_remove_k1000,remove,1000,199,0.9197,0.0016706370919942857,0.004,0.078547119140625
knn_defense_cifar_1xs_1500_remove_k1000,remove,1000,200,0.9179,0.0016826625555753708,0.002,0.07924121856689453
knn_defense_cifar_1xs_1500_remove_k2000,remove,2000,1,0.5784,0.005150338709354401,0.018,0.025577300071716307
knn_defense_cifar_1xs_1500_remove_k2000,remove,2000,2,0.66,0.004281701904535294,0.023,0.03111876678466797
knn_defense_cifar_1xs_1500_remove_k2000,remove,2000,3,0.7058,0.003521832984685898,0.013,0.03495853519439697
knn_defense_cifar_1xs_1500_remove_k2000,remove,2000,4,0.718,0.003804701507091522,0.011,0.038694708824157716
knn_defense_cifar_1xs_1500_remove_k2000,remove,2000,5,0.7102,0.0037996841311454775,0.001,0.05972031402587891
knn_defense_cifar_1xs_1500_remove_k2000,remove,2000,6,0.755,0.003150014740228653,0.003,0.05557150459289551
knn_defense_cifar_1xs_1500_remove_k2000,remove,2000,7,0.7459,0.00331639940738678,0.001,0.062481801986694334
knn_defense_cifar_1xs_1500_remove_k2000,remove,2000,8,0.7282,0.00405546612739563,0.0,0.07905543899536133
knn_defense_cifar_1xs_1500_remove_k2000,remove,2000,9,0.7841,0.0027853124260902406,0.002,0.05663971519470215
knn_defense_cifar_1xs_1500_remove_k2000,remove,2000,10,0.7779,0.0030548241198062897,0.002,0.0701541690826416
knn_defense_cifar_1xs_1500_remove_k2000,remove,2000,11,0.7841,0.003014156222343445,0.01,0.06350079250335694
knn_defense_cifar_1xs_1500_remove_k2000,remove,2000,12,0.8131,0.0024456555247306822,0.003,0.06132757759094238
knn_defense_cifar_1xs_1500_remove_k2000,remove,2000,13,0.7826,0.003079180932044983,0.004,0.06389513969421387
knn_defense_cifar_1xs_1500_remove_k2000,remove,2000,14,0.8328,0.002278512763977051,0.006,0.05069090270996094
knn_defense_cifar_1xs_1500_remove_k2000,remove,2000,15,0.8297,0.0021782983750104905,0.004,0.0536641263961792
knn_defense_cifar_1xs_1500_remove_k2000,remove,2000,16,0.823,0.002411159184575081,0.009,0.04916121196746826
knn_defense_cifar_1xs_1500_remove_k2000,remove,2000,17,0.8315,0.0023742770671844483,0.007,0.05735010147094727
knn_defense_cifar_1xs_1500_remove_k2000,remove,2000,18,0.8227,0.0026494859397411348,0.04,0.05057336330413818
knn_defense_cifar_1xs_1500_remove_k2000,remove,2000,19,0.8409,0.0021984801650047304,0.004,0.06225619792938233
knn_defense_cifar_1xs_1500_remove_k2000,remove,2000,20,0.809,0.0026116051584482193,0.005,0.04934787559509277
knn_defense_cifar_1xs_1500_remove_k2000,remove,2000,21,0.8133,0.002535164162516594,0.004,0.06694157028198242
knn_defense_cifar_1xs_1500_remove_k2000,remove,2000,22,0.8022,0.002818026679754257,0.0,0.06601635360717774
knn_defense_cifar_1xs_1500_remove_k2000,remove,2000,23,0.8258,0.002642820981144905,0.004,0.06495004844665528
knn_defense_cifar_1xs_1500_remove_k2000,remove,2000,24,0.8297,0.002324134373664856,0.0,0.06720417785644531
knn_defense_cifar_1xs_1500_remove_k2000,remove,2000,25,0.8231,0.002464639088511467,0.006,0.06533970260620117
knn_defense_cifar_1xs_1500_remove_k2000,remove,2000,26,0.8512,0.001986460784077644,0.004,0.07650147438049316
knn_defense_cifar_1xs_1500_remove_k2000,remove,2000,27,0.8364,0.002445202326774597,0.007,0.062300890922546384
knn_defense_cifar_1xs_1500_remove_k2000,remove,2000,28,0.8129,0.0028009002536535264,0.002,0.07268388366699219
knn_defense_cifar_1xs_1500_remove_k2000,remove,2000,29,0.8279,0.002479203560948372,0.002,0.07464597702026367
knn_defense_cifar_1xs_1500_remove_k2000,remove,2000,30,0.8279,0.0026042249113321305,0.004,0.06547694015502929
knn_defense_cifar_1xs_1500_remove_k2000,remove,2000,31,0.8187,0.0024680306255817413,0.009,0.04433325862884521
knn_defense_cifar_1xs_1500_remove_k2000,remove,2000,32,0.8461,0.0021620562881231307,0.004,0.0651455364227295
knn_defense_cifar_1xs_1500_remove_k2000,remove,2000,33,0.8404,0.0023434977501630783,0.003,0.061417091369628904
knn_defense_cifar_1xs_1500_remove_k2000,remove,2000,34,0.8499,0.0021515615075826645,0.003,0.07265092849731446
knn_defense_cifar_1xs_1500_remove_k2000,remove,2000,35,0.8324,0.0024982161223888397,0.001,0.08230112838745117
knn_defense_cifar_1xs_1500_remove_k2000,remove,2000,36,0.8464,0.002127573201060295,0.007,0.05993724632263184
knn_defense_cifar_1xs_1500_remove_k2000,remove,2000,37,0.8529,0.002353134495019913,0.01,0.06768660163879395
knn_defense_cifar_1xs_1500_remove_k2000,remove,2000,38,0.8435,0.0023543358832597734,0.004,0.07020297622680664
knn_defense_cifar_1xs_1500_remove_k2000,remove,2000,39,0.8361,0.0023346607357263567,0.004,0.0654167366027832
knn_defense_cifar_1xs_1500_remove_k2000,remove,2000,40,0.852,0.00224042349755764,0.003,0.06927520751953126
knn_defense_cifar_1xs_1500_remove_k2000,remove,2000,41,0.8565,0.0021006264835596086,0.012,0.068506010055542
knn_defense_cifar_1xs_1500_remove_k2000,remove,2000,42,0.8591,0.002154218137264252,0.004,0.06687710380554199
knn_defense_cifar_1xs_1500_remove_k2000,remove,2000,43,0.8522,0.002209387665987015,0.002,0.07060094070434571
knn_defense_cifar_1xs_1500_remove_k2000,remove,2000,44,0.8377,0.002560716372728348,0.0,0.08098388671875
knn_defense_cifar_1xs_1500_remove_k2000,remove,2000,45,0.8532,0.0023162915885448455,0.01,0.06805627250671387
knn_defense_cifar_1xs_1500_remove_k2000,remove,2000,46,0.8623,0.0019230788260698318,0.011,0.058406524658203125
knn_defense_cifar_1xs_1500_remove_k2000,remove,2000,47,0.829,0.0026562417566776274,0.059,0.05404402446746826
knn_defense_cifar_1xs_1500_remove_k2000,remove,2000,48,0.8502,0.002203303423523903,0.003,0.058989662170410156
knn_defense_cifar_1xs_1500_remove_k2000,remove,2000,49,0.859,0.0020414616703987123,0.005,0.06252326011657715
knn_defense_cifar_1xs_1500_remove_k2000,remove,2000,50,0.8551,0.0021191427856683733,0.003,0.06182510089874268
knn_defense_cifar_1xs_1500_remove_k2000,remove,2000,51,0.8688,0.0018220035165548325,0.0,0.07488135719299316
knn_defense_cifar_1xs_1500_remove_k2000,remove,2000,52,0.8544,0.002216477805376053,0.005,0.0820190544128418
knn_defense_cifar_1xs_1500_remove_k2000,remove,2000,53,0.8504,0.0024290873408317564,0.002,0.0721819190979004
knn_defense_cifar_1xs_1500_remove_k2000,remove,2000,54,0.8529,0.0021720896244049074,0.003,0.07440877532958984
knn_defense_cifar_1xs_1500_remove_k2000,remove,2000,55,0.8589,0.0020530501782894135,0.005,0.06931237602233886
knn_defense_cifar_1xs_1500_remove_k2000,remove,2000,56,0.8603,0.0021579868704080583,0.013,0.06326975154876709
knn_defense_cifar_1xs_1500_remove_k2000,remove,2000,57,0.8427,0.002424811726808548,0.0,0.0653612289428711
knn_defense_cifar_1xs_1500_remove_k2000,remove,2000,58,0.8356,0.0027210478484630584,0.0,0.07592347717285156
knn_defense_cifar_1xs_1500_remove_k2000,remove,2000,59,0.8601,0.00195995512008667,0.002,0.06803383827209472
knn_defense_cifar_1xs_1500_remove_k2000,remove,2000,60,0.8476,0.002455305105447769,0.001,0.08090478324890137
knn_defense_cifar_1xs_1500_remove_k2000,remove,2000,61,0.8604,0.0020965715944767,0.01,0.061688838005065916
knn_defense_cifar_1xs_1500_remove_k2000,remove,2000,62,0.8383,0.002667472568154335,0.023,0.048672864913940427
knn_defense_cifar_1xs_1500_remove_k2000,remove,2000,63,0.8186,0.0027336283713579176,0.005,0.05858947372436524
knn_defense_cifar_1xs_1500_remove_k2000,remove,2000,64,0.8437,0.0023337540686130523,0.005,0.06109671878814697
knn_defense_cifar_1xs_1500_remove_k2000,remove,2000,65,0.8747,0.0018797809332609177,0.006,0.06946256065368653
knn_defense_cifar_1xs_1500_remove_k2000,remove,2000,66,0.8431,0.002415964987874031,0.005,0.06882906913757324
knn_defense_cifar_1xs_1500_remove_k2000,remove,2000,67,0.8658,0.0018868026167154313,0.002,0.06833502006530762
knn_defense_cifar_1xs_1500_remove_k2000,remove,2000,68,0.8321,0.0026118764966726305,0.007,0.05028146171569824
knn_defense_cifar_1xs_1500_remove_k2000,remove,2000,69,0.849,0.0025009847760200502,0.004,0.09163167953491211
knn_defense_cifar_1xs_1500_remove_k2000,remove,2000,70,0.8782,0.0017260214269161224,0.003,0.06640908432006835
knn_defense_cifar_1xs_1500_remove_k2000,remove,2000,71,0.8409,0.002554179236292839,0.004,0.07215116691589356
knn_defense_cifar_1xs_1500_remove_k2000,remove,2000,72,0.8406,0.0023423256427049636,0.039,0.04339158439636231
knn_defense_cifar_1xs_1500_remove_k2000,remove,2000,73,0.839,0.0023348326802253723,0.006,0.050460344314575196
knn_defense_cifar_1xs_1500_remove_k2000,remove,2000,74,0.8549,0.002300317877531052,0.008,0.0653459529876709
knn_defense_cifar_1xs_1500_remove_k2000,remove,2000,75,0.8536,0.0021835953652858736,0.002,0.09528427886962891
knn_defense_cifar_1xs_1500_remove_k2000,remove,2000,76,0.9011,0.0015300798192620277,0.003,0.0725718173980713
knn_defense_cifar_1xs_1500_remove_k2000,remove,2000,77,0.9038,0.0015386669337749482,0.002,0.07721002578735352
knn_defense_cifar_1xs_1500_remove_k2000,remove,2000,78,0.9061,0.0015562983334064483,0.003,0.0782396125793457
knn_defense_cifar_1xs_1500_remove_k2000,remove,2000,79,0.9044,0.0015558564081788063,0.003,0.08213209342956543
knn_defense_cifar_1xs_1500_remove_k2000,remove,2000,80,0.9055,0.001575109162926674,0.004,0.07858820533752442
knn_defense_cifar_1xs_1500_remove_k2000,remove,2000,81,0.9062,0.0015624386623501777,0.004,0.07903012466430664
knn_defense_cifar_1xs_1500_remove_k2000,remove,2000,82,0.9036,0.001597574184834957,0.003,0.08059507942199708
knn_defense_cifar_1xs_1500_remove_k2000,remove,2000,83,0.9054,0.0016078427150845527,0.002,0.08127677345275879
knn_defense_cifar_1xs_1500_remove_k2000,remove,2000,84,0.9064,0.0016235831424593926,0.003,0.08236216926574708
knn_defense_cifar_1xs_1500_remove_k2000,remove,2000,85,0.9066,0.0016650444313883782,0.005,0.07724310684204101
knn_defense_cifar_1xs_1500_remove_k2000,remove,2000,86,0.9071,0.0016582566499710083,0.004,0.08390133476257325
knn_defense_cifar_1xs_1500_remove_k2000,remove,2000,87,0.9067,0.0016195358902215957,0.004,0.08114174461364745
knn_defense_cifar_1xs_1500_remove_k2000,remove,2000,88,0.9075,0.0016538485065102576,0.003,0.08151983261108399
knn_defense_cifar_1xs_1500_remove_k2000,remove,2000,89,0.9056,0.0016661788791418075,0.006,0.0819650821685791
knn_defense_cifar_1xs_1500_remove_k2000,remove,2000,90,0.9065,0.0016542167603969574,0.005,0.08092264747619629
knn_defense_cifar_1xs_1500_remove_k2000,remove,2000,91,0.9079,0.0016677180483937264,0.005,0.08077970504760743
knn_defense_cifar_1xs_1500_remove_k2000,remove,2000,92,0.9081,0.001731899309158325,0.005,0.08276779365539551
knn_defense_cifar_1xs_1500_remove_k2000,remove,2000,93,0.9054,0.0017603066384792327,0.002,0.08314858055114746
knn_defense_cifar_1xs_1500_remove_k2000,remove,2000,94,0.9059,0.0017807315975427627,0.005,0.08046059036254882
knn_defense_cifar_1xs_1500_remove_k2000,remove,2000,95,0.9059,0.0017837654680013656,0.003,0.08858899307250977
knn_defense_cifar_1xs_1500_remove_k2000,remove,2000,96,0.9069,0.0017899389013648034,0.004,0.08533562278747558
knn_defense_cifar_1xs_1500_remove_k2000,remove,2000,97,0.9061,0.0018070304811000823,0.005,0.08251125717163085
knn_defense_cifar_1xs_1500_remove_k2000,remove,2000,98,0.906,0.001773481097817421,0.005,0.08287424659729004
knn_defense_cifar_1xs_1500_remove_k2000,remove,2000,99,0.9082,0.0017908854976296424,0.004,0.08332124710083008
knn_defense_cifar_1xs_1500_remove_k2000,remove,2000,100,0.9074,0.001747460514307022,0.004,0.08660696983337403
knn_defense_cifar_1xs_1500_remove_k2000,remove,2000,101,0.9079,0.0018148340359330178,0.007,0.08128108406066895
knn_defense_cifar_1xs_1500_remove_k2000,remove,2000,102,0.9064,0.0018403084486722945,0.008,0.08245508575439453
knn_defense_cifar_1xs_1500_remove_k2000,remove,2000,103,0.9091,0.00179219339042902,0.002,0.08041727828979492
knn_defense_cifar_1xs_1500_remove_k2000,remove,2000,104,0.9071,0.001814215986430645,0.003,0.08393405914306641
knn_defense_cifar_1xs_1500_remove_k2000,remove,2000,105,0.9054,0.0018850908666849136,0.007,0.07620059013366699
knn_defense_cifar_1xs_1500_remove_k2000,remove,2000,106,0.9052,0.0018793268352746964,0.004,0.08173883056640625
knn_defense_cifar_1xs_1500_remove_k2000,remove,2000,107,0.9061,0.0018628209501504898,0.003,0.08133536720275879
knn_defense_cifar_1xs_1500_remove_k2000,remove,2000,108,0.9062,0.0018940605059266091,0.006,0.08217329025268555
knn_defense_cifar_1xs_1500_remove_k2000,remove,2000,109,0.9079,0.0018467548221349716,0.005,0.08326150321960449
knn_defense_cifar_1xs_1500_remove_k2000,remove,2000,110,0.9062,0.0018965739622712136,0.007,0.08156012725830078
knn_defense_cifar_1xs_1500_remove_k2000,remove,2000,111,0.9072,0.0019122674226760865,0.006,0.08570292282104493
knn_defense_cifar_1xs_1500_remove_k2000,remove,2000,112,0.9064,0.0019109026849269868,0.005,0.08096449279785156
knn_defense_cifar_1xs_1500_remove_k2000,remove,2000,113,0.9077,0.001899713858962059,0.004,0.08462997436523438
knn_defense_cifar_1xs_1500_remove_k2000,remove,2000,114,0.907,0.0018977071553468703,0.006,0.08241526222229004
knn_defense_cifar_1xs_1500_remove_k2000,remove,2000,115,0.9075,0.001921332958340645,0.004,0.08472223472595215
knn_defense_cifar_1xs_1500_remove_k2000,remove,2000,116,0.9087,0.0018829094484448432,0.005,0.08585283279418945
knn_defense_cifar_1xs_1500_remove_k2000,remove,2000,117,0.9078,0.0018991964802145959,0.006,0.08282245635986328
knn_defense_cifar_1xs_1500_remove_k2000,remove,2000,118,0.9083,0.001900992341339588,0.004,0.08127532386779786
knn_defense_cifar_1xs_1500_remove_k2000,remove,2000,119,0.9061,0.0019352279424667358,0.004,0.08476861381530762
knn_defense_cifar_1xs_1500_remove_k2000,remove,2000,120,0.9053,0.0019727139711380004,0.004,0.08642853355407715
knn_defense_cifar_1xs_1500_remove_k2000,remove,2000,121,0.9062,0.0019482701003551482,0.006,0.07967140388488769
knn_defense_cifar_1xs_1500_remove_k2000,remove,2000,122,0.9081,0.0019322254911065101,0.007,0.08320852088928223
knn_defense_cifar_1xs_1500_remove_k2000,remove,2000,123,0.9072,0.001932078230381012,0.006,0.0850462818145752
knn_defense_cifar_1xs_1500_remove_k2000,remove,2000,124,0.9067,0.0019420673817396165,0.006,0.08433793258666993
knn_defense_cifar_1xs_1500_remove_k2000,remove,2000,125,0.9073,0.0019330990388989448,0.005,0.08149641990661621
knn_defense_cifar_1xs_1500_remove_k2000,remove,2000,126,0.9092,0.0019137673690915109,0.005,0.0861230812072754
knn_defense_cifar_1xs_1500_remove_k2000,remove,2000,127,0.9088,0.0019110747933387756,0.005,0.0835223217010498
knn_defense_cifar_1xs_1500_remove_k2000,remove,2000,128,0.9079,0.0019199751019477844,0.005,0.08254306030273438
knn_defense_cifar_1xs_1500_remove_k2000,remove,2000,129,0.9088,0.001908271884918213,0.004,0.08905994033813476
knn_defense_cifar_1xs_1500_remove_k2000,remove,2000,130,0.9088,0.0019022885471582413,0.005,0.08383083724975586
knn_defense_cifar_1xs_1500_remove_k2000,remove,2000,131,0.9096,0.0018902968376874924,0.005,0.08585269355773925
knn_defense_cifar_1xs_1500_remove_k2000,remove,2000,132,0.9068,0.001941644024848938,0.005,0.08326894950866699
knn_defense_cifar_1xs_1500_remove_k2000,remove,2000,133,0.9079,0.0019204806953668594,0.005,0.08398351287841797
knn_defense_cifar_1xs_1500_remove_k2000,remove,2000,134,0.908,0.0019259653225541114,0.006,0.083765869140625
knn_defense_cifar_1xs_1500_remove_k2000,remove,2000,135,0.9087,0.0018931154698133468,0.005,0.08141431045532227
knn_defense_cifar_1xs_1500_remove_k2000,remove,2000,136,0.9093,0.001904771053791046,0.005,0.08305546951293945
knn_defense_cifar_1xs_1500_remove_k2000,remove,2000,137,0.9092,0.0019090133637189866,0.005,0.08608864784240723
knn_defense_cifar_1xs_1500_remove_k2000,remove,2000,138,0.9082,0.0018990874469280244,0.005,0.08290035438537598
knn_defense_cifar_1xs_1500_remove_k2000,remove,2000,139,0.9087,0.0019028881147503853,0.005,0.08265843963623047
knn_defense_cifar_1xs_1500_remove_k2000,remove,2000,140,0.908,0.001933498129248619,0.006,0.08223954772949219
knn_defense_cifar_1xs_1500_remove_k2000,remove,2000,141,0.9067,0.0019348503664135934,0.005,0.08465838432312012
knn_defense_cifar_1xs_1500_remove_k2000,remove,2000,142,0.9076,0.001942594239115715,0.006,0.08489736175537109
knn_defense_cifar_1xs_1500_remove_k2000,remove,2000,143,0.9075,0.0019156661480665207,0.005,0.08298609924316407
knn_defense_cifar_1xs_1500_remove_k2000,remove,2000,144,0.9087,0.0019047616750001908,0.005,0.08082739067077636
knn_defense_cifar_1xs_1500_remove_k2000,remove,2000,145,0.9091,0.0019010875195264816,0.005,0.07987117004394531
knn_defense_cifar_1xs_1500_remove_k2000,remove,2000,146,0.9091,0.0018755901396274566,0.005,0.08518622970581055
knn_defense_cifar_1xs_1500_remove_k2000,remove,2000,147,0.9091,0.0019085060626268387,0.005,0.0813798713684082
knn_defense_cifar_1xs_1500_remove_k2000,remove,2000,148,0.9082,0.001924711635708809,0.005,0.08175012397766113
knn_defense_cifar_1xs_1500_remove_k2000,remove,2000,149,0.9082,0.0019360743328928948,0.006,0.08002382850646973
knn_defense_cifar_1xs_1500_remove_k2000,remove,2000,150,0.9086,0.0019200416386127473,0.005,0.08096356582641602
knn_defense_cifar_1xs_1500_remove_k2000,remove,2000,151,0.9084,0.0019130106717348098,0.006,0.080390474319458
knn_defense_cifar_1xs_1500_remove_k2000,remove,2000,152,0.9073,0.0019153529584407807,0.005,0.0821392936706543
knn_defense_cifar_1xs_1500_remove_k2000,remove,2000,153,0.9087,0.0019160926342010498,0.005,0.08141590499877929
knn_defense_cifar_1xs_1500_remove_k2000,remove,2000,154,0.9082,0.0019145764499902726,0.005,0.08210434532165527
knn_defense_cifar_1xs_1500_remove_k2000,remove,2000,155,0.9098,0.001906515870988369,0.005,0.08217300033569336
knn_defense_cifar_1xs_1500_remove_k2000,remove,2000,156,0.908,0.0019138655260205269,0.005,0.08412828254699707
knn_defense_cifar_1xs_1500_remove_k2000,remove,2000,157,0.9081,0.001937185972929001,0.005,0.08140739822387695
knn_defense_cifar_1xs_1500_remove_k2000,remove,2000,158,0.9072,0.001941207081079483,0.005,0.0862415657043457
knn_defense_cifar_1xs_1500_remove_k2000,remove,2000,159,0.9083,0.0019253652781248093,0.006,0.08210688972473144
knn_defense_cifar_1xs_1500_remove_k2000,remove,2000,160,0.9077,0.0019263632223010063,0.006,0.08270002937316895
knn_defense_cifar_1xs_1500_remove_k2000,remove,2000,161,0.9079,0.001913959974050522,0.004,0.08291062355041504
knn_defense_cifar_1xs_1500_remove_k2000,remove,2000,162,0.9086,0.0019265119925141335,0.006,0.082347900390625
knn_defense_cifar_1xs_1500_remove_k2000,remove,2000,163,0.9086,0.0019075235426425933,0.005,0.08470839500427246
knn_defense_cifar_1xs_1500_remove_k2000,remove,2000,164,0.9083,0.0019103510394692421,0.005,0.08282160758972168
knn_defense_cifar_1xs_1500_remove_k2000,remove,2000,165,0.9083,0.0019158075585961342,0.005,0.08062373733520507
knn_defense_cifar_1xs_1500_remove_k2000,remove,2000,166,0.9077,0.0019268523290753364,0.005,0.08478555297851563
knn_defense_cifar_1xs_1500_remove_k2000,remove,2000,167,0.9069,0.0019510891482234002,0.005,0.08437868118286133
knn_defense_cifar_1xs_1500_remove_k2000,remove,2000,168,0.9075,0.001909580586850643,0.005,0.08332247161865235
knn_defense_cifar_1xs_1500_remove_k2000,remove,2000,169,0.9089,0.001920568634569645,0.005,0.08199270057678222
knn_defense_cifar_1xs_1500_remove_k2000,remove,2000,170,0.9104,0.0019013909965753554,0.005,0.0813062915802002
knn_defense_cifar_1xs_1500_remove_k2000,remove,2000,171,0.9083,0.0019321310564875602,0.005,0.08412759399414063
knn_defense_cifar_1xs_1500_remove_k2000,remove,2000,172,0.9097,0.001909243117272854,0.006,0.08207214546203613
knn_defense_cifar_1xs_1500_remove_k2000,remove,2000,173,0.9068,0.0019315292179584503,0.004,0.08608419418334962
knn_defense_cifar_1xs_1500_remove_k2000,remove,2000,174,0.9073,0.0019246082991361618,0.005,0.08170744705200195
knn_defense_cifar_1xs_1500_remove_k2000,remove,2000,175,0.9083,0.0019330483436584473,0.005,0.08222212219238281
knn_defense_cifar_1xs_1500_remove_k2000,remove,2000,176,0.9088,0.0018907120496034623,0.005,0.0829572925567627
knn_defense_cifar_1xs_1500_remove_k2000,remove,2000,177,0.9079,0.0019370423763990401,0.005,0.08403316688537597
knn_defense_cifar_1xs_1500_remove_k2000,remove,2000,178,0.9067,0.001932773756980896,0.005,0.08314683532714844
knn_defense_cifar_1xs_1500_remove_k2000,remove,2000,179,0.9075,0.0019368782430887223,0.005,0.08252435111999512
knn_defense_cifar_1xs_1500_remove_k2000,remove,2000,180,0.9079,0.0019341485157608985,0.005,0.08199232864379882
knn_defense_cifar_1xs_1500_remove_k2000,remove,2000,181,0.9087,0.001915144543349743,0.005,0.08203261947631836
knn_defense_cifar_1xs_1500_remove_k2000,remove,2000,182,0.9082,0.001951670888066292,0.005,0.08111628532409668
knn_defense_cifar_1xs_1500_remove_k2000,remove,2000,183,0.9088,0.0019148352727293967,0.005,0.08216349983215332
knn_defense_cifar_1xs_1500_remove_k2000,remove,2000,184,0.9082,0.0019503414049744606,0.005,0.0836067180633545
knn_defense_cifar_1xs_1500_remove_k2000,remove,2000,185,0.9091,0.0019181477934122086,0.005,0.0825479907989502
knn_defense_cifar_1xs_1500_remove_k2000,remove,2000,186,0.908,0.001936515735089779,0.005,0.08335302925109864
knn_defense_cifar_1xs_1500_remove_k2000,remove,2000,187,0.909,0.0019042658865451813,0.004,0.08491960144042969
knn_defense_cifar_1xs_1500_remove_k2000,remove,2000,188,0.9084,0.001944438236951828,0.006,0.08176864624023437
knn_defense_cifar_1xs_1500_remove_k2000,remove,2000,189,0.9079,0.0019469405651092529,0.005,0.08304381561279296
knn_defense_cifar_1xs_1500_remove_k2000,remove,2000,190,0.9079,0.0019414331495761872,0.005,0.08256649208068848
knn_defense_cifar_1xs_1500_remove_k2000,remove,2000,191,0.9075,0.0019465646505355835,0.005,0.0837147979736328
knn_defense_cifar_1xs_1500_remove_k2000,remove,2000,192,0.9078,0.0019459571689367295,0.006,0.08128342819213867
knn_defense_cifar_1xs_1500_remove_k2000,remove,2000,193,0.9079,0.0019446145057678223,0.006,0.08147983741760254
knn_defense_cifar_1xs_1500_remove_k2000,remove,2000,194,0.9076,0.0019366435185074807,0.006,0.08306329536437988
knn_defense_cifar_1xs_1500_remove_k2000,remove,2000,195,0.9082,0.001946022129058838,0.006,0.08046983337402344
knn_defense_cifar_1xs_1500_remove_k2000,remove,2000,196,0.9078,0.0019478500425815582,0.005,0.08268989372253419
knn_defense_cifar_1xs_1500_remove_k2000,remove,2000,197,0.9073,0.001961205470561981,0.006,0.0810890884399414
knn_defense_cifar_1xs_1500_remove_k2000,remove,2000,198,0.9077,0.0019581836760044096,0.005,0.08063885116577149
knn_defense_cifar_1xs_1500_remove_k2000,remove,2000,199,0.908,0.0019347444236278535,0.006,0.08266688919067383
knn_defense_cifar_1xs_1500_remove_k2000,remove,2000,200,0.9078,0.001937540052831173,0.005,0.08319621658325195
